ISO-10303-21;
HEADER;
FILE_DESCRIPTION(('KiCad electronic assembly'),'2;1');
FILE_NAME('Mouse v3.step','2026-09-09T21:06:12',('Pcbnew'),('Kicad'),
  'Open CASCADE STEP processor 7.9','KiCad to STEP converter','Unknown'
  );
FILE_SCHEMA(('AUTOMOTIVE_DESIGN { 1 0 10303 214 1 1 1 1 }'));
ENDSEC;
DATA;
#1 = APPLICATION_PROTOCOL_DEFINITION('international standard',
  'automotive_design',2000,#2);
#2 = APPLICATION_CONTEXT(
  'core data for automotive mechanical design processes');
#3 = SHAPE_DEFINITION_REPRESENTATION(#4,#10);
#4 = PRODUCT_DEFINITION_SHAPE('','',#5);
#5 = PRODUCT_DEFINITION('design','',#6,#9);
#6 = PRODUCT_DEFINITION_FORMATION('','',#7);
#7 = PRODUCT('Mouse v3 1','Mouse v3 1','',(#8));
#8 = PRODUCT_CONTEXT('',#2,'mechanical');
#9 = PRODUCT_DEFINITION_CONTEXT('part definition',#2,'design');
#10 = SHAPE_REPRESENTATION('',(#11,#15,#19,#23,#27,#31,#35,#39,#43,#47,
    #51,#55,#59,#63,#67),#71);
#11 = AXIS2_PLACEMENT_3D('',#12,#13,#14);
#12 = CARTESIAN_POINT('',(0.,0.,0.));
#13 = DIRECTION('',(0.,0.,1.));
#14 = DIRECTION('',(1.,0.,-0.));
#15 = AXIS2_PLACEMENT_3D('',#16,#17,#18);
#16 = CARTESIAN_POINT('',(123.24,-93.83,1.595));
#17 = DIRECTION('',(0.,0.,1.));
#18 = DIRECTION('',(1.,0.,0.));
#19 = AXIS2_PLACEMENT_3D('',#20,#21,#22);
#20 = CARTESIAN_POINT('',(129.53,-91.45,1.595));
#21 = DIRECTION('',(-0.,0.,1.));
#22 = DIRECTION('',(1.110223024625E-16,-1.,0.));
#23 = AXIS2_PLACEMENT_3D('',#24,#25,#26);
#24 = CARTESIAN_POINT('',(123.6,-87.69,1.595));
#25 = DIRECTION('',(0.,0.,1.));
#26 = DIRECTION('',(-1.,1.224646799147E-16,0.));
#27 = AXIS2_PLACEMENT_3D('',#28,#29,#30);
#28 = CARTESIAN_POINT('',(128.4,-88.15,1.595));
#29 = DIRECTION('',(0.,0.,1.));
#30 = DIRECTION('',(1.,0.,0.));
#31 = AXIS2_PLACEMENT_3D('',#32,#33,#34);
#32 = CARTESIAN_POINT('',(130.46,-82.33,1.595));
#33 = DIRECTION('',(0.,-0.,1.));
#34 = DIRECTION('',(1.110223024625E-16,1.,0.));
#35 = AXIS2_PLACEMENT_3D('',#36,#37,#38);
#36 = CARTESIAN_POINT('',(123.1,-90.7,1.595));
#37 = DIRECTION('',(0.,0.,1.));
#38 = DIRECTION('',(-1.,1.224646799147E-16,0.));
#39 = AXIS2_PLACEMENT_3D('',#40,#41,#42);
#40 = CARTESIAN_POINT('',(126.93,-91.45,1.595));
#41 = DIRECTION('',(-0.,0.,1.));
#42 = DIRECTION('',(1.110223024625E-16,-1.,0.));
#43 = AXIS2_PLACEMENT_3D('',#44,#45,#46);
#44 = CARTESIAN_POINT('',(127.86,-82.33,1.595));
#45 = DIRECTION('',(0.,-0.,1.));
#46 = DIRECTION('',(1.110223024625E-16,1.,0.));
#47 = AXIS2_PLACEMENT_3D('',#48,#49,#50);
#48 = CARTESIAN_POINT('',(123.24,-96.33,1.595));
#49 = DIRECTION('',(0.,0.,1.));
#50 = DIRECTION('',(1.,0.,0.));
#51 = AXIS2_PLACEMENT_3D('',#52,#53,#54);
#52 = CARTESIAN_POINT('',(123.575,-84.99,1.595));
#53 = DIRECTION('',(0.,0.,1.));
#54 = DIRECTION('',(-1.,1.224646799147E-16,0.));
#55 = AXIS2_PLACEMENT_3D('',#56,#57,#58);
#56 = CARTESIAN_POINT('',(152.16,-105.63,1.595));
#57 = DIRECTION('',(0.,-0.,1.));
#58 = DIRECTION('',(1.110223024625E-16,1.,0.));
#59 = AXIS2_PLACEMENT_3D('',#60,#61,#62);
#60 = CARTESIAN_POINT('',(128.32,-96.53,1.595));
#61 = DIRECTION('',(0.,0.,1.));
#62 = DIRECTION('',(1.,0.,0.));
#63 = AXIS2_PLACEMENT_3D('',#64,#65,#66);
#64 = CARTESIAN_POINT('',(151.63,-82.85,1.595));
#65 = DIRECTION('',(0.,-0.,1.));
#66 = DIRECTION('',(1.110223024625E-16,1.,0.));
#67 = AXIS2_PLACEMENT_3D('',#68,#69,#70);
#68 = CARTESIAN_POINT('',(0.,0.,0.));
#69 = DIRECTION('',(0.,0.,1.));
#70 = DIRECTION('',(1.,0.,-0.));
#71 = ( GEOMETRIC_REPRESENTATION_CONTEXT(3) 
GLOBAL_UNCERTAINTY_ASSIGNED_CONTEXT((#75)) GLOBAL_UNIT_ASSIGNED_CONTEXT(
(#72,#73,#74)) REPRESENTATION_CONTEXT('Context #1',
  '3D Context with UNIT and UNCERTAINTY') );
#72 = ( LENGTH_UNIT() NAMED_UNIT(*) SI_UNIT(.MILLI.,.METRE.) );
#73 = ( NAMED_UNIT(*) PLANE_ANGLE_UNIT() SI_UNIT($,.RADIAN.) );
#74 = ( NAMED_UNIT(*) SI_UNIT($,.STERADIAN.) SOLID_ANGLE_UNIT() );
#75 = UNCERTAINTY_MEASURE_WITH_UNIT(LENGTH_MEASURE(1.E-07),#72,
  'distance_accuracy_value','confusion accuracy');
#76 = PRODUCT_RELATED_PRODUCT_CATEGORY('part',$,(#7));
#77 = SHAPE_DEFINITION_REPRESENTATION(#78,#84);
#78 = PRODUCT_DEFINITION_SHAPE('','',#79);
#79 = PRODUCT_DEFINITION('design','',#80,#83);
#80 = PRODUCT_DEFINITION_FORMATION('','',#81);
#81 = PRODUCT('C_0805_2012Metric','C_0805_2012Metric','',(#82));
#82 = PRODUCT_CONTEXT('',#2,'mechanical');
#83 = PRODUCT_DEFINITION_CONTEXT('part definition',#2,'design');
#84 = SHAPE_REPRESENTATION('',(#11,#85),#89);
#85 = AXIS2_PLACEMENT_3D('',#86,#87,#88);
#86 = CARTESIAN_POINT('',(0.,0.,0.));
#87 = DIRECTION('',(0.,0.,1.));
#88 = DIRECTION('',(1.,0.,-0.));
#89 = ( GEOMETRIC_REPRESENTATION_CONTEXT(3) 
GLOBAL_UNCERTAINTY_ASSIGNED_CONTEXT((#93)) GLOBAL_UNIT_ASSIGNED_CONTEXT(
(#90,#91,#92)) REPRESENTATION_CONTEXT('Context #1',
  '3D Context with UNIT and UNCERTAINTY') );
#90 = ( LENGTH_UNIT() NAMED_UNIT(*) SI_UNIT(.MILLI.,.METRE.) );
#91 = ( NAMED_UNIT(*) PLANE_ANGLE_UNIT() SI_UNIT($,.RADIAN.) );
#92 = ( NAMED_UNIT(*) SI_UNIT($,.STERADIAN.) SOLID_ANGLE_UNIT() );
#93 = UNCERTAINTY_MEASURE_WITH_UNIT(LENGTH_MEASURE(1.E-07),#90,
  'distance_accuracy_value','confusion accuracy');
#94 = CONTEXT_DEPENDENT_SHAPE_REPRESENTATION(#95,#97);
#95 = ( REPRESENTATION_RELATIONSHIP('','',#84,#10) 
REPRESENTATION_RELATIONSHIP_WITH_TRANSFORMATION(#96) 
SHAPE_REPRESENTATION_RELATIONSHIP() );
#96 = ITEM_DEFINED_TRANSFORMATION('','',#11,#15);
#97 = PRODUCT_DEFINITION_SHAPE('Placement','Placement of an item',#98);
#98 = NEXT_ASSEMBLY_USAGE_OCCURRENCE('2','C8','',#5,#79,$);
#99 = PRODUCT_RELATED_PRODUCT_CATEGORY('part',$,(#81));
#100 = SHAPE_DEFINITION_REPRESENTATION(#101,#107);
#101 = PRODUCT_DEFINITION_SHAPE('','',#102);
#102 = PRODUCT_DEFINITION('design','',#103,#106);
#103 = PRODUCT_DEFINITION_FORMATION('','',#104);
#104 = PRODUCT('C_0805_2012Metric','C_0805_2012Metric','',(#105));
#105 = PRODUCT_CONTEXT('',#2,'mechanical');
#106 = PRODUCT_DEFINITION_CONTEXT('part definition',#2,'design');
#107 = ADVANCED_BREP_SHAPE_REPRESENTATION('',(#11,#108),#962);
#108 = MANIFOLD_SOLID_BREP('',#109);
#109 = CLOSED_SHELL('',(#110,#186,#217,#242,#267,#291,#315,#340,#365,
    #382,#468,#500,#524,#549,#573,#598,#622,#647,#664,#750,#781,#806,
    #831,#855,#879,#904,#929,#946));
#110 = ADVANCED_FACE('',(#111),#181,.F.);
#111 = FACE_BOUND('',#112,.F.);
#112 = EDGE_LOOP('',(#113,#123,#132,#140,#149,#157,#166,#174));
#113 = ORIENTED_EDGE('',*,*,#114,.F.);
#114 = EDGE_CURVE('',#115,#117,#119,.T.);
#115 = VERTEX_POINT('',#116);
#116 = CARTESIAN_POINT('',(-1.,-0.625,4.E-02));
#117 = VERTEX_POINT('',#118);
#118 = CARTESIAN_POINT('',(-1.,-0.625,1.21));
#119 = LINE('',#120,#121);
#120 = CARTESIAN_POINT('',(-1.,-0.625,0.));
#121 = VECTOR('',#122,1.);
#122 = DIRECTION('',(0.,0.,1.));
#123 = ORIENTED_EDGE('',*,*,#124,.T.);
#124 = EDGE_CURVE('',#115,#125,#127,.T.);
#125 = VERTEX_POINT('',#126);
#126 = CARTESIAN_POINT('',(-1.,-0.585,0.));
#127 = CIRCLE('',#128,4.E-02);
#128 = AXIS2_PLACEMENT_3D('',#129,#130,#131);
#129 = CARTESIAN_POINT('',(-1.,-0.585,4.E-02));
#130 = DIRECTION('',(1.,0.,-0.));
#131 = DIRECTION('',(0.,0.,1.));
#132 = ORIENTED_EDGE('',*,*,#133,.T.);
#133 = EDGE_CURVE('',#125,#134,#136,.T.);
#134 = VERTEX_POINT('',#135);
#135 = CARTESIAN_POINT('',(-1.,0.585,0.));
#136 = LINE('',#137,#138);
#137 = CARTESIAN_POINT('',(-1.,-0.625,0.));
#138 = VECTOR('',#139,1.);
#139 = DIRECTION('',(0.,1.,0.));
#140 = ORIENTED_EDGE('',*,*,#141,.F.);
#141 = EDGE_CURVE('',#142,#134,#144,.T.);
#142 = VERTEX_POINT('',#143);
#143 = CARTESIAN_POINT('',(-1.,0.625,4.E-02));
#144 = CIRCLE('',#145,4.E-02);
#145 = AXIS2_PLACEMENT_3D('',#146,#147,#148);
#146 = CARTESIAN_POINT('',(-1.,0.585,4.E-02));
#147 = DIRECTION('',(-1.,0.,0.));
#148 = DIRECTION('',(0.,0.,1.));
#149 = ORIENTED_EDGE('',*,*,#150,.T.);
#150 = EDGE_CURVE('',#142,#151,#153,.T.);
#151 = VERTEX_POINT('',#152);
#152 = CARTESIAN_POINT('',(-1.,0.625,1.21));
#153 = LINE('',#154,#155);
#154 = CARTESIAN_POINT('',(-1.,0.625,0.));
#155 = VECTOR('',#156,1.);
#156 = DIRECTION('',(0.,0.,1.));
#157 = ORIENTED_EDGE('',*,*,#158,.T.);
#158 = EDGE_CURVE('',#151,#159,#161,.T.);
#159 = VERTEX_POINT('',#160);
#160 = CARTESIAN_POINT('',(-1.,0.585,1.25));
#161 = CIRCLE('',#162,4.E-02);
#162 = AXIS2_PLACEMENT_3D('',#163,#164,#165);
#163 = CARTESIAN_POINT('',(-1.,0.585,1.21));
#164 = DIRECTION('',(1.,0.,-0.));
#165 = DIRECTION('',(0.,0.,1.));
#166 = ORIENTED_EDGE('',*,*,#167,.F.);
#167 = EDGE_CURVE('',#168,#159,#170,.T.);
#168 = VERTEX_POINT('',#169);
#169 = CARTESIAN_POINT('',(-1.,-0.585,1.25));
#170 = LINE('',#171,#172);
#171 = CARTESIAN_POINT('',(-1.,-0.625,1.25));
#172 = VECTOR('',#173,1.);
#173 = DIRECTION('',(0.,1.,0.));
#174 = ORIENTED_EDGE('',*,*,#175,.F.);
#175 = EDGE_CURVE('',#117,#168,#176,.T.);
#176 = CIRCLE('',#177,4.E-02);
#177 = AXIS2_PLACEMENT_3D('',#178,#179,#180);
#178 = CARTESIAN_POINT('',(-1.,-0.585,1.21));
#179 = DIRECTION('',(-1.,0.,0.));
#180 = DIRECTION('',(0.,0.,1.));
#181 = PLANE('',#182);
#182 = AXIS2_PLACEMENT_3D('',#183,#184,#185);
#183 = CARTESIAN_POINT('',(-1.,-0.625,0.));
#184 = DIRECTION('',(1.,0.,0.));
#185 = DIRECTION('',(0.,0.,1.));
#186 = ADVANCED_FACE('',(#187),#212,.F.);
#187 = FACE_BOUND('',#188,.F.);
#188 = EDGE_LOOP('',(#189,#199,#205,#206));
#189 = ORIENTED_EDGE('',*,*,#190,.F.);
#190 = EDGE_CURVE('',#191,#193,#195,.T.);
#191 = VERTEX_POINT('',#192);
#192 = CARTESIAN_POINT('',(-0.6,-0.625,4.E-02));
#193 = VERTEX_POINT('',#194);
#194 = CARTESIAN_POINT('',(-0.6,-0.625,1.21));
#195 = LINE('',#196,#197);
#196 = CARTESIAN_POINT('',(-0.6,-0.625,0.));
#197 = VECTOR('',#198,1.);
#198 = DIRECTION('',(0.,0.,1.));
#199 = ORIENTED_EDGE('',*,*,#200,.F.);
#200 = EDGE_CURVE('',#115,#191,#201,.T.);
#201 = LINE('',#202,#203);
#202 = CARTESIAN_POINT('',(-1.,-0.625,4.E-02));
#203 = VECTOR('',#204,1.);
#204 = DIRECTION('',(1.,0.,0.));
#205 = ORIENTED_EDGE('',*,*,#114,.T.);
#206 = ORIENTED_EDGE('',*,*,#207,.T.);
#207 = EDGE_CURVE('',#117,#193,#208,.T.);
#208 = LINE('',#209,#210);
#209 = CARTESIAN_POINT('',(-1.,-0.625,1.21));
#210 = VECTOR('',#211,1.);
#211 = DIRECTION('',(1.,0.,0.));
#212 = PLANE('',#213);
#213 = AXIS2_PLACEMENT_3D('',#214,#215,#216);
#214 = CARTESIAN_POINT('',(-1.,-0.625,0.));
#215 = DIRECTION('',(0.,1.,0.));
#216 = DIRECTION('',(0.,-0.,1.));
#217 = ADVANCED_FACE('',(#218),#237,.T.);
#218 = FACE_BOUND('',#219,.T.);
#219 = EDGE_LOOP('',(#220,#221,#229,#236));
#220 = ORIENTED_EDGE('',*,*,#124,.T.);
#221 = ORIENTED_EDGE('',*,*,#222,.T.);
#222 = EDGE_CURVE('',#125,#223,#225,.T.);
#223 = VERTEX_POINT('',#224);
#224 = CARTESIAN_POINT('',(-0.6,-0.585,0.));
#225 = LINE('',#226,#227);
#226 = CARTESIAN_POINT('',(-1.,-0.585,0.));
#227 = VECTOR('',#228,1.);
#228 = DIRECTION('',(1.,0.,0.));
#229 = ORIENTED_EDGE('',*,*,#230,.F.);
#230 = EDGE_CURVE('',#191,#223,#231,.T.);
#231 = CIRCLE('',#232,4.E-02);
#232 = AXIS2_PLACEMENT_3D('',#233,#234,#235);
#233 = CARTESIAN_POINT('',(-0.6,-0.585,4.E-02));
#234 = DIRECTION('',(1.,0.,-0.));
#235 = DIRECTION('',(0.,0.,1.));
#236 = ORIENTED_EDGE('',*,*,#200,.F.);
#237 = CYLINDRICAL_SURFACE('',#238,4.E-02);
#238 = AXIS2_PLACEMENT_3D('',#239,#240,#241);
#239 = CARTESIAN_POINT('',(-1.,-0.585,4.E-02));
#240 = DIRECTION('',(1.,0.,0.));
#241 = DIRECTION('',(0.,-1.,0.));
#242 = ADVANCED_FACE('',(#243),#262,.T.);
#243 = FACE_BOUND('',#244,.T.);
#244 = EDGE_LOOP('',(#245,#246,#255,#261));
#245 = ORIENTED_EDGE('',*,*,#207,.T.);
#246 = ORIENTED_EDGE('',*,*,#247,.T.);
#247 = EDGE_CURVE('',#193,#248,#250,.T.);
#248 = VERTEX_POINT('',#249);
#249 = CARTESIAN_POINT('',(-0.6,-0.585,1.25));
#250 = CIRCLE('',#251,4.E-02);
#251 = AXIS2_PLACEMENT_3D('',#252,#253,#254);
#252 = CARTESIAN_POINT('',(-0.6,-0.585,1.21));
#253 = DIRECTION('',(-1.,0.,0.));
#254 = DIRECTION('',(0.,0.,1.));
#255 = ORIENTED_EDGE('',*,*,#256,.F.);
#256 = EDGE_CURVE('',#168,#248,#257,.T.);
#257 = LINE('',#258,#259);
#258 = CARTESIAN_POINT('',(-1.,-0.585,1.25));
#259 = VECTOR('',#260,1.);
#260 = DIRECTION('',(1.,0.,0.));
#261 = ORIENTED_EDGE('',*,*,#175,.F.);
#262 = CYLINDRICAL_SURFACE('',#263,4.E-02);
#263 = AXIS2_PLACEMENT_3D('',#264,#265,#266);
#264 = CARTESIAN_POINT('',(-1.,-0.585,1.21));
#265 = DIRECTION('',(1.,0.,0.));
#266 = DIRECTION('',(0.,-1.,0.));
#267 = ADVANCED_FACE('',(#268),#286,.F.);
#268 = FACE_BOUND('',#269,.F.);
#269 = EDGE_LOOP('',(#270,#271,#272,#280));
#270 = ORIENTED_EDGE('',*,*,#133,.F.);
#271 = ORIENTED_EDGE('',*,*,#222,.T.);
#272 = ORIENTED_EDGE('',*,*,#273,.T.);
#273 = EDGE_CURVE('',#223,#274,#276,.T.);
#274 = VERTEX_POINT('',#275);
#275 = CARTESIAN_POINT('',(-0.6,0.585,0.));
#276 = LINE('',#277,#278);
#277 = CARTESIAN_POINT('',(-0.6,-0.625,0.));
#278 = VECTOR('',#279,1.);
#279 = DIRECTION('',(0.,1.,0.));
#280 = ORIENTED_EDGE('',*,*,#281,.F.);
#281 = EDGE_CURVE('',#134,#274,#282,.T.);
#282 = LINE('',#283,#284);
#283 = CARTESIAN_POINT('',(-1.,0.585,0.));
#284 = VECTOR('',#285,1.);
#285 = DIRECTION('',(1.,0.,0.));
#286 = PLANE('',#287);
#287 = AXIS2_PLACEMENT_3D('',#288,#289,#290);
#288 = CARTESIAN_POINT('',(-1.,-0.625,0.));
#289 = DIRECTION('',(0.,0.,1.));
#290 = DIRECTION('',(1.,0.,-0.));
#291 = ADVANCED_FACE('',(#292),#310,.T.);
#292 = FACE_BOUND('',#293,.T.);
#293 = EDGE_LOOP('',(#294,#295,#296,#304));
#294 = ORIENTED_EDGE('',*,*,#167,.F.);
#295 = ORIENTED_EDGE('',*,*,#256,.T.);
#296 = ORIENTED_EDGE('',*,*,#297,.T.);
#297 = EDGE_CURVE('',#248,#298,#300,.T.);
#298 = VERTEX_POINT('',#299);
#299 = CARTESIAN_POINT('',(-0.6,0.585,1.25));
#300 = LINE('',#301,#302);
#301 = CARTESIAN_POINT('',(-0.6,-0.625,1.25));
#302 = VECTOR('',#303,1.);
#303 = DIRECTION('',(0.,1.,0.));
#304 = ORIENTED_EDGE('',*,*,#305,.F.);
#305 = EDGE_CURVE('',#159,#298,#306,.T.);
#306 = LINE('',#307,#308);
#307 = CARTESIAN_POINT('',(-1.,0.585,1.25));
#308 = VECTOR('',#309,1.);
#309 = DIRECTION('',(1.,0.,0.));
#310 = PLANE('',#311);
#311 = AXIS2_PLACEMENT_3D('',#312,#313,#314);
#312 = CARTESIAN_POINT('',(-1.,-0.625,1.25));
#313 = DIRECTION('',(0.,0.,1.));
#314 = DIRECTION('',(1.,0.,-0.));
#315 = ADVANCED_FACE('',(#316),#335,.T.);
#316 = FACE_BOUND('',#317,.T.);
#317 = EDGE_LOOP('',(#318,#326,#333,#334));
#318 = ORIENTED_EDGE('',*,*,#319,.T.);
#319 = EDGE_CURVE('',#142,#320,#322,.T.);
#320 = VERTEX_POINT('',#321);
#321 = CARTESIAN_POINT('',(-0.6,0.625,4.E-02));
#322 = LINE('',#323,#324);
#323 = CARTESIAN_POINT('',(-1.,0.625,4.E-02));
#324 = VECTOR('',#325,1.);
#325 = DIRECTION('',(1.,0.,0.));
#326 = ORIENTED_EDGE('',*,*,#327,.T.);
#327 = EDGE_CURVE('',#320,#274,#328,.T.);
#328 = CIRCLE('',#329,4.E-02);
#329 = AXIS2_PLACEMENT_3D('',#330,#331,#332);
#330 = CARTESIAN_POINT('',(-0.6,0.585,4.E-02));
#331 = DIRECTION('',(-1.,0.,0.));
#332 = DIRECTION('',(0.,0.,1.));
#333 = ORIENTED_EDGE('',*,*,#281,.F.);
#334 = ORIENTED_EDGE('',*,*,#141,.F.);
#335 = CYLINDRICAL_SURFACE('',#336,4.E-02);
#336 = AXIS2_PLACEMENT_3D('',#337,#338,#339);
#337 = CARTESIAN_POINT('',(-1.,0.585,4.E-02));
#338 = DIRECTION('',(1.,0.,0.));
#339 = DIRECTION('',(-0.,1.,0.));
#340 = ADVANCED_FACE('',(#341),#360,.T.);
#341 = FACE_BOUND('',#342,.T.);
#342 = EDGE_LOOP('',(#343,#344,#345,#354));
#343 = ORIENTED_EDGE('',*,*,#158,.T.);
#344 = ORIENTED_EDGE('',*,*,#305,.T.);
#345 = ORIENTED_EDGE('',*,*,#346,.F.);
#346 = EDGE_CURVE('',#347,#298,#349,.T.);
#347 = VERTEX_POINT('',#348);
#348 = CARTESIAN_POINT('',(-0.6,0.625,1.21));
#349 = CIRCLE('',#350,4.E-02);
#350 = AXIS2_PLACEMENT_3D('',#351,#352,#353);
#351 = CARTESIAN_POINT('',(-0.6,0.585,1.21));
#352 = DIRECTION('',(1.,0.,-0.));
#353 = DIRECTION('',(0.,0.,1.));
#354 = ORIENTED_EDGE('',*,*,#355,.F.);
#355 = EDGE_CURVE('',#151,#347,#356,.T.);
#356 = LINE('',#357,#358);
#357 = CARTESIAN_POINT('',(-1.,0.625,1.21));
#358 = VECTOR('',#359,1.);
#359 = DIRECTION('',(1.,0.,0.));
#360 = CYLINDRICAL_SURFACE('',#361,4.E-02);
#361 = AXIS2_PLACEMENT_3D('',#362,#363,#364);
#362 = CARTESIAN_POINT('',(-1.,0.585,1.21));
#363 = DIRECTION('',(1.,0.,0.));
#364 = DIRECTION('',(-0.,1.,0.));
#365 = ADVANCED_FACE('',(#366),#377,.T.);
#366 = FACE_BOUND('',#367,.T.);
#367 = EDGE_LOOP('',(#368,#374,#375,#376));
#368 = ORIENTED_EDGE('',*,*,#369,.F.);
#369 = EDGE_CURVE('',#320,#347,#370,.T.);
#370 = LINE('',#371,#372);
#371 = CARTESIAN_POINT('',(-0.6,0.625,0.));
#372 = VECTOR('',#373,1.);
#373 = DIRECTION('',(0.,0.,1.));
#374 = ORIENTED_EDGE('',*,*,#319,.F.);
#375 = ORIENTED_EDGE('',*,*,#150,.T.);
#376 = ORIENTED_EDGE('',*,*,#355,.T.);
#377 = PLANE('',#378);
#378 = AXIS2_PLACEMENT_3D('',#379,#380,#381);
#379 = CARTESIAN_POINT('',(-1.,0.625,0.));
#380 = DIRECTION('',(0.,1.,0.));
#381 = DIRECTION('',(0.,-0.,1.));
#382 = ADVANCED_FACE('',(#383,#393),#463,.T.);
#383 = FACE_BOUND('',#384,.T.);
#384 = EDGE_LOOP('',(#385,#386,#387,#388,#389,#390,#391,#392));
#385 = ORIENTED_EDGE('',*,*,#190,.F.);
#386 = ORIENTED_EDGE('',*,*,#230,.T.);
#387 = ORIENTED_EDGE('',*,*,#273,.T.);
#388 = ORIENTED_EDGE('',*,*,#327,.F.);
#389 = ORIENTED_EDGE('',*,*,#369,.T.);
#390 = ORIENTED_EDGE('',*,*,#346,.T.);
#391 = ORIENTED_EDGE('',*,*,#297,.F.);
#392 = ORIENTED_EDGE('',*,*,#247,.F.);
#393 = FACE_BOUND('',#394,.T.);
#394 = EDGE_LOOP('',(#395,#406,#414,#423,#431,#440,#448,#457));
#395 = ORIENTED_EDGE('',*,*,#396,.F.);
#396 = EDGE_CURVE('',#397,#399,#401,.T.);
#397 = VERTEX_POINT('',#398);
#398 = CARTESIAN_POINT('',(-0.6,-0.585,8.E-02));
#399 = VERTEX_POINT('',#400);
#400 = CARTESIAN_POINT('',(-0.6,-0.545,4.E-02));
#401 = CIRCLE('',#402,4.E-02);
#402 = AXIS2_PLACEMENT_3D('',#403,#404,#405);
#403 = CARTESIAN_POINT('',(-0.6,-0.545,8.E-02));
#404 = DIRECTION('',(1.,0.,-0.));
#405 = DIRECTION('',(0.,0.,1.));
#406 = ORIENTED_EDGE('',*,*,#407,.T.);
#407 = EDGE_CURVE('',#397,#408,#410,.T.);
#408 = VERTEX_POINT('',#409);
#409 = CARTESIAN_POINT('',(-0.6,-0.585,1.17));
#410 = LINE('',#411,#412);
#411 = CARTESIAN_POINT('',(-0.6,-0.585,4.E-02));
#412 = VECTOR('',#413,1.);
#413 = DIRECTION('',(0.,0.,1.));
#414 = ORIENTED_EDGE('',*,*,#415,.T.);
#415 = EDGE_CURVE('',#408,#416,#418,.T.);
#416 = VERTEX_POINT('',#417);
#417 = CARTESIAN_POINT('',(-0.6,-0.545,1.21));
#418 = CIRCLE('',#419,4.E-02);
#419 = AXIS2_PLACEMENT_3D('',#420,#421,#422);
#420 = CARTESIAN_POINT('',(-0.6,-0.545,1.17));
#421 = DIRECTION('',(-1.,0.,0.));
#422 = DIRECTION('',(0.,0.,1.));
#423 = ORIENTED_EDGE('',*,*,#424,.T.);
#424 = EDGE_CURVE('',#416,#425,#427,.T.);
#425 = VERTEX_POINT('',#426);
#426 = CARTESIAN_POINT('',(-0.6,0.545,1.21));
#427 = LINE('',#428,#429);
#428 = CARTESIAN_POINT('',(-0.6,-0.585,1.21));
#429 = VECTOR('',#430,1.);
#430 = DIRECTION('',(0.,1.,0.));
#431 = ORIENTED_EDGE('',*,*,#432,.F.);
#432 = EDGE_CURVE('',#433,#425,#435,.T.);
#433 = VERTEX_POINT('',#434);
#434 = CARTESIAN_POINT('',(-0.6,0.585,1.17));
#435 = CIRCLE('',#436,4.E-02);
#436 = AXIS2_PLACEMENT_3D('',#437,#438,#439);
#437 = CARTESIAN_POINT('',(-0.6,0.545,1.17));
#438 = DIRECTION('',(1.,0.,-0.));
#439 = DIRECTION('',(0.,0.,1.));
#440 = ORIENTED_EDGE('',*,*,#441,.F.);
#441 = EDGE_CURVE('',#442,#433,#444,.T.);
#442 = VERTEX_POINT('',#443);
#443 = CARTESIAN_POINT('',(-0.6,0.585,8.E-02));
#444 = LINE('',#445,#446);
#445 = CARTESIAN_POINT('',(-0.6,0.585,4.E-02));
#446 = VECTOR('',#447,1.);
#447 = DIRECTION('',(0.,0.,1.));
#448 = ORIENTED_EDGE('',*,*,#449,.T.);
#449 = EDGE_CURVE('',#442,#450,#452,.T.);
#450 = VERTEX_POINT('',#451);
#451 = CARTESIAN_POINT('',(-0.6,0.545,4.E-02));
#452 = CIRCLE('',#453,4.E-02);
#453 = AXIS2_PLACEMENT_3D('',#454,#455,#456);
#454 = CARTESIAN_POINT('',(-0.6,0.545,8.E-02));
#455 = DIRECTION('',(-1.,0.,0.));
#456 = DIRECTION('',(0.,0.,1.));
#457 = ORIENTED_EDGE('',*,*,#458,.F.);
#458 = EDGE_CURVE('',#399,#450,#459,.T.);
#459 = LINE('',#460,#461);
#460 = CARTESIAN_POINT('',(-0.6,-0.585,4.E-02));
#461 = VECTOR('',#462,1.);
#462 = DIRECTION('',(0.,1.,0.));
#463 = PLANE('',#464);
#464 = AXIS2_PLACEMENT_3D('',#465,#466,#467);
#465 = CARTESIAN_POINT('',(-0.6,-0.625,0.));
#466 = DIRECTION('',(1.,0.,0.));
#467 = DIRECTION('',(0.,0.,1.));
#468 = ADVANCED_FACE('',(#469),#495,.T.);
#469 = FACE_BOUND('',#470,.T.);
#470 = EDGE_LOOP('',(#471,#472,#480,#489));
#471 = ORIENTED_EDGE('',*,*,#396,.T.);
#472 = ORIENTED_EDGE('',*,*,#473,.T.);
#473 = EDGE_CURVE('',#399,#474,#476,.T.);
#474 = VERTEX_POINT('',#475);
#475 = CARTESIAN_POINT('',(0.6,-0.545,4.E-02));
#476 = LINE('',#477,#478);
#477 = CARTESIAN_POINT('',(-0.6,-0.545,4.E-02));
#478 = VECTOR('',#479,1.);
#479 = DIRECTION('',(1.,0.,0.));
#480 = ORIENTED_EDGE('',*,*,#481,.F.);
#481 = EDGE_CURVE('',#482,#474,#484,.T.);
#482 = VERTEX_POINT('',#483);
#483 = CARTESIAN_POINT('',(0.6,-0.585,8.E-02));
#484 = CIRCLE('',#485,4.E-02);
#485 = AXIS2_PLACEMENT_3D('',#486,#487,#488);
#486 = CARTESIAN_POINT('',(0.6,-0.545,8.E-02));
#487 = DIRECTION('',(1.,0.,-0.));
#488 = DIRECTION('',(0.,0.,1.));
#489 = ORIENTED_EDGE('',*,*,#490,.F.);
#490 = EDGE_CURVE('',#397,#482,#491,.T.);
#491 = LINE('',#492,#493);
#492 = CARTESIAN_POINT('',(-0.6,-0.585,8.E-02));
#493 = VECTOR('',#494,1.);
#494 = DIRECTION('',(1.,0.,0.));
#495 = CYLINDRICAL_SURFACE('',#496,4.E-02);
#496 = AXIS2_PLACEMENT_3D('',#497,#498,#499);
#497 = CARTESIAN_POINT('',(-0.6,-0.545,8.E-02));
#498 = DIRECTION('',(1.,0.,0.));
#499 = DIRECTION('',(0.,-1.,0.));
#500 = ADVANCED_FACE('',(#501),#519,.F.);
#501 = FACE_BOUND('',#502,.F.);
#502 = EDGE_LOOP('',(#503,#504,#505,#513));
#503 = ORIENTED_EDGE('',*,*,#458,.F.);
#504 = ORIENTED_EDGE('',*,*,#473,.T.);
#505 = ORIENTED_EDGE('',*,*,#506,.T.);
#506 = EDGE_CURVE('',#474,#507,#509,.T.);
#507 = VERTEX_POINT('',#508);
#508 = CARTESIAN_POINT('',(0.6,0.545,4.E-02));
#509 = LINE('',#510,#511);
#510 = CARTESIAN_POINT('',(0.6,-0.585,4.E-02));
#511 = VECTOR('',#512,1.);
#512 = DIRECTION('',(0.,1.,0.));
#513 = ORIENTED_EDGE('',*,*,#514,.F.);
#514 = EDGE_CURVE('',#450,#507,#515,.T.);
#515 = LINE('',#516,#517);
#516 = CARTESIAN_POINT('',(-0.6,0.545,4.E-02));
#517 = VECTOR('',#518,1.);
#518 = DIRECTION('',(1.,0.,0.));
#519 = PLANE('',#520);
#520 = AXIS2_PLACEMENT_3D('',#521,#522,#523);
#521 = CARTESIAN_POINT('',(-0.6,-0.585,4.E-02));
#522 = DIRECTION('',(0.,0.,1.));
#523 = DIRECTION('',(1.,0.,-0.));
#524 = ADVANCED_FACE('',(#525),#544,.T.);
#525 = FACE_BOUND('',#526,.T.);
#526 = EDGE_LOOP('',(#527,#535,#542,#543));
#527 = ORIENTED_EDGE('',*,*,#528,.T.);
#528 = EDGE_CURVE('',#442,#529,#531,.T.);
#529 = VERTEX_POINT('',#530);
#530 = CARTESIAN_POINT('',(0.6,0.585,8.E-02));
#531 = LINE('',#532,#533);
#532 = CARTESIAN_POINT('',(-0.6,0.585,8.E-02));
#533 = VECTOR('',#534,1.);
#534 = DIRECTION('',(1.,0.,0.));
#535 = ORIENTED_EDGE('',*,*,#536,.T.);
#536 = EDGE_CURVE('',#529,#507,#537,.T.);
#537 = CIRCLE('',#538,4.E-02);
#538 = AXIS2_PLACEMENT_3D('',#539,#540,#541);
#539 = CARTESIAN_POINT('',(0.6,0.545,8.E-02));
#540 = DIRECTION('',(-1.,0.,0.));
#541 = DIRECTION('',(0.,0.,1.));
#542 = ORIENTED_EDGE('',*,*,#514,.F.);
#543 = ORIENTED_EDGE('',*,*,#449,.F.);
#544 = CYLINDRICAL_SURFACE('',#545,4.E-02);
#545 = AXIS2_PLACEMENT_3D('',#546,#547,#548);
#546 = CARTESIAN_POINT('',(-0.6,0.545,8.E-02));
#547 = DIRECTION('',(1.,0.,0.));
#548 = DIRECTION('',(-0.,1.,0.));
#549 = ADVANCED_FACE('',(#550),#568,.T.);
#550 = FACE_BOUND('',#551,.T.);
#551 = EDGE_LOOP('',(#552,#560,#561,#562));
#552 = ORIENTED_EDGE('',*,*,#553,.F.);
#553 = EDGE_CURVE('',#529,#554,#556,.T.);
#554 = VERTEX_POINT('',#555);
#555 = CARTESIAN_POINT('',(0.6,0.585,1.17));
#556 = LINE('',#557,#558);
#557 = CARTESIAN_POINT('',(0.6,0.585,4.E-02));
#558 = VECTOR('',#559,1.);
#559 = DIRECTION('',(0.,0.,1.));
#560 = ORIENTED_EDGE('',*,*,#528,.F.);
#561 = ORIENTED_EDGE('',*,*,#441,.T.);
#562 = ORIENTED_EDGE('',*,*,#563,.T.);
#563 = EDGE_CURVE('',#433,#554,#564,.T.);
#564 = LINE('',#565,#566);
#565 = CARTESIAN_POINT('',(-0.6,0.585,1.17));
#566 = VECTOR('',#567,1.);
#567 = DIRECTION('',(1.,0.,0.));
#568 = PLANE('',#569);
#569 = AXIS2_PLACEMENT_3D('',#570,#571,#572);
#570 = CARTESIAN_POINT('',(-0.6,0.585,4.E-02));
#571 = DIRECTION('',(0.,1.,0.));
#572 = DIRECTION('',(0.,-0.,1.));
#573 = ADVANCED_FACE('',(#574),#593,.T.);
#574 = FACE_BOUND('',#575,.T.);
#575 = EDGE_LOOP('',(#576,#577,#585,#592));
#576 = ORIENTED_EDGE('',*,*,#432,.T.);
#577 = ORIENTED_EDGE('',*,*,#578,.T.);
#578 = EDGE_CURVE('',#425,#579,#581,.T.);
#579 = VERTEX_POINT('',#580);
#580 = CARTESIAN_POINT('',(0.6,0.545,1.21));
#581 = LINE('',#582,#583);
#582 = CARTESIAN_POINT('',(-0.6,0.545,1.21));
#583 = VECTOR('',#584,1.);
#584 = DIRECTION('',(1.,0.,0.));
#585 = ORIENTED_EDGE('',*,*,#586,.F.);
#586 = EDGE_CURVE('',#554,#579,#587,.T.);
#587 = CIRCLE('',#588,4.E-02);
#588 = AXIS2_PLACEMENT_3D('',#589,#590,#591);
#589 = CARTESIAN_POINT('',(0.6,0.545,1.17));
#590 = DIRECTION('',(1.,0.,-0.));
#591 = DIRECTION('',(0.,0.,1.));
#592 = ORIENTED_EDGE('',*,*,#563,.F.);
#593 = CYLINDRICAL_SURFACE('',#594,4.E-02);
#594 = AXIS2_PLACEMENT_3D('',#595,#596,#597);
#595 = CARTESIAN_POINT('',(-0.6,0.545,1.17));
#596 = DIRECTION('',(1.,0.,0.));
#597 = DIRECTION('',(-0.,1.,0.));
#598 = ADVANCED_FACE('',(#599),#617,.T.);
#599 = FACE_BOUND('',#600,.T.);
#600 = EDGE_LOOP('',(#601,#602,#610,#616));
#601 = ORIENTED_EDGE('',*,*,#424,.F.);
#602 = ORIENTED_EDGE('',*,*,#603,.T.);
#603 = EDGE_CURVE('',#416,#604,#606,.T.);
#604 = VERTEX_POINT('',#605);
#605 = CARTESIAN_POINT('',(0.6,-0.545,1.21));
#606 = LINE('',#607,#608);
#607 = CARTESIAN_POINT('',(-0.6,-0.545,1.21));
#608 = VECTOR('',#609,1.);
#609 = DIRECTION('',(1.,0.,0.));
#610 = ORIENTED_EDGE('',*,*,#611,.T.);
#611 = EDGE_CURVE('',#604,#579,#612,.T.);
#612 = LINE('',#613,#614);
#613 = CARTESIAN_POINT('',(0.6,-0.585,1.21));
#614 = VECTOR('',#615,1.);
#615 = DIRECTION('',(0.,1.,0.));
#616 = ORIENTED_EDGE('',*,*,#578,.F.);
#617 = PLANE('',#618);
#618 = AXIS2_PLACEMENT_3D('',#619,#620,#621);
#619 = CARTESIAN_POINT('',(-0.6,-0.585,1.21));
#620 = DIRECTION('',(0.,0.,1.));
#621 = DIRECTION('',(1.,0.,-0.));
#622 = ADVANCED_FACE('',(#623),#642,.T.);
#623 = FACE_BOUND('',#624,.T.);
#624 = EDGE_LOOP('',(#625,#633,#640,#641));
#625 = ORIENTED_EDGE('',*,*,#626,.T.);
#626 = EDGE_CURVE('',#408,#627,#629,.T.);
#627 = VERTEX_POINT('',#628);
#628 = CARTESIAN_POINT('',(0.6,-0.585,1.17));
#629 = LINE('',#630,#631);
#630 = CARTESIAN_POINT('',(-0.6,-0.585,1.17));
#631 = VECTOR('',#632,1.);
#632 = DIRECTION('',(1.,0.,0.));
#633 = ORIENTED_EDGE('',*,*,#634,.T.);
#634 = EDGE_CURVE('',#627,#604,#635,.T.);
#635 = CIRCLE('',#636,4.E-02);
#636 = AXIS2_PLACEMENT_3D('',#637,#638,#639);
#637 = CARTESIAN_POINT('',(0.6,-0.545,1.17));
#638 = DIRECTION('',(-1.,0.,0.));
#639 = DIRECTION('',(0.,0.,1.));
#640 = ORIENTED_EDGE('',*,*,#603,.F.);
#641 = ORIENTED_EDGE('',*,*,#415,.F.);
#642 = CYLINDRICAL_SURFACE('',#643,4.E-02);
#643 = AXIS2_PLACEMENT_3D('',#644,#645,#646);
#644 = CARTESIAN_POINT('',(-0.6,-0.545,1.17));
#645 = DIRECTION('',(1.,0.,0.));
#646 = DIRECTION('',(0.,-1.,0.));
#647 = ADVANCED_FACE('',(#648),#659,.F.);
#648 = FACE_BOUND('',#649,.F.);
#649 = EDGE_LOOP('',(#650,#656,#657,#658));
#650 = ORIENTED_EDGE('',*,*,#651,.F.);
#651 = EDGE_CURVE('',#482,#627,#652,.T.);
#652 = LINE('',#653,#654);
#653 = CARTESIAN_POINT('',(0.6,-0.585,4.E-02));
#654 = VECTOR('',#655,1.);
#655 = DIRECTION('',(0.,0.,1.));
#656 = ORIENTED_EDGE('',*,*,#490,.F.);
#657 = ORIENTED_EDGE('',*,*,#407,.T.);
#658 = ORIENTED_EDGE('',*,*,#626,.T.);
#659 = PLANE('',#660);
#660 = AXIS2_PLACEMENT_3D('',#661,#662,#663);
#661 = CARTESIAN_POINT('',(-0.6,-0.585,4.E-02));
#662 = DIRECTION('',(0.,1.,0.));
#663 = DIRECTION('',(0.,-0.,1.));
#664 = ADVANCED_FACE('',(#665,#735),#745,.F.);
#665 = FACE_BOUND('',#666,.F.);
#666 = EDGE_LOOP('',(#667,#677,#686,#694,#703,#711,#720,#728));
#667 = ORIENTED_EDGE('',*,*,#668,.F.);
#668 = EDGE_CURVE('',#669,#671,#673,.T.);
#669 = VERTEX_POINT('',#670);
#670 = CARTESIAN_POINT('',(0.6,-0.625,4.E-02));
#671 = VERTEX_POINT('',#672);
#672 = CARTESIAN_POINT('',(0.6,-0.625,1.21));
#673 = LINE('',#674,#675);
#674 = CARTESIAN_POINT('',(0.6,-0.625,0.));
#675 = VECTOR('',#676,1.);
#676 = DIRECTION('',(0.,0.,1.));
#677 = ORIENTED_EDGE('',*,*,#678,.T.);
#678 = EDGE_CURVE('',#669,#679,#681,.T.);
#679 = VERTEX_POINT('',#680);
#680 = CARTESIAN_POINT('',(0.6,-0.585,0.));
#681 = CIRCLE('',#682,4.E-02);
#682 = AXIS2_PLACEMENT_3D('',#683,#684,#685);
#683 = CARTESIAN_POINT('',(0.6,-0.585,4.E-02));
#684 = DIRECTION('',(1.,0.,-0.));
#685 = DIRECTION('',(0.,0.,1.));
#686 = ORIENTED_EDGE('',*,*,#687,.T.);
#687 = EDGE_CURVE('',#679,#688,#690,.T.);
#688 = VERTEX_POINT('',#689);
#689 = CARTESIAN_POINT('',(0.6,0.585,0.));
#690 = LINE('',#691,#692);
#691 = CARTESIAN_POINT('',(0.6,-0.625,0.));
#692 = VECTOR('',#693,1.);
#693 = DIRECTION('',(0.,1.,0.));
#694 = ORIENTED_EDGE('',*,*,#695,.F.);
#695 = EDGE_CURVE('',#696,#688,#698,.T.);
#696 = VERTEX_POINT('',#697);
#697 = CARTESIAN_POINT('',(0.6,0.625,4.E-02));
#698 = CIRCLE('',#699,4.E-02);
#699 = AXIS2_PLACEMENT_3D('',#700,#701,#702);
#700 = CARTESIAN_POINT('',(0.6,0.585,4.E-02));
#701 = DIRECTION('',(-1.,0.,0.));
#702 = DIRECTION('',(0.,0.,1.));
#703 = ORIENTED_EDGE('',*,*,#704,.T.);
#704 = EDGE_CURVE('',#696,#705,#707,.T.);
#705 = VERTEX_POINT('',#706);
#706 = CARTESIAN_POINT('',(0.6,0.625,1.21));
#707 = LINE('',#708,#709);
#708 = CARTESIAN_POINT('',(0.6,0.625,0.));
#709 = VECTOR('',#710,1.);
#710 = DIRECTION('',(0.,0.,1.));
#711 = ORIENTED_EDGE('',*,*,#712,.T.);
#712 = EDGE_CURVE('',#705,#713,#715,.T.);
#713 = VERTEX_POINT('',#714);
#714 = CARTESIAN_POINT('',(0.6,0.585,1.25));
#715 = CIRCLE('',#716,4.E-02);
#716 = AXIS2_PLACEMENT_3D('',#717,#718,#719);
#717 = CARTESIAN_POINT('',(0.6,0.585,1.21));
#718 = DIRECTION('',(1.,0.,-0.));
#719 = DIRECTION('',(0.,0.,1.));
#720 = ORIENTED_EDGE('',*,*,#721,.F.);
#721 = EDGE_CURVE('',#722,#713,#724,.T.);
#722 = VERTEX_POINT('',#723);
#723 = CARTESIAN_POINT('',(0.6,-0.585,1.25));
#724 = LINE('',#725,#726);
#725 = CARTESIAN_POINT('',(0.6,-0.625,1.25));
#726 = VECTOR('',#727,1.);
#727 = DIRECTION('',(0.,1.,0.));
#728 = ORIENTED_EDGE('',*,*,#729,.F.);
#729 = EDGE_CURVE('',#671,#722,#730,.T.);
#730 = CIRCLE('',#731,4.E-02);
#731 = AXIS2_PLACEMENT_3D('',#732,#733,#734);
#732 = CARTESIAN_POINT('',(0.6,-0.585,1.21));
#733 = DIRECTION('',(-1.,0.,0.));
#734 = DIRECTION('',(0.,0.,1.));
#735 = FACE_BOUND('',#736,.F.);
#736 = EDGE_LOOP('',(#737,#738,#739,#740,#741,#742,#743,#744));
#737 = ORIENTED_EDGE('',*,*,#481,.F.);
#738 = ORIENTED_EDGE('',*,*,#651,.T.);
#739 = ORIENTED_EDGE('',*,*,#634,.T.);
#740 = ORIENTED_EDGE('',*,*,#611,.T.);
#741 = ORIENTED_EDGE('',*,*,#586,.F.);
#742 = ORIENTED_EDGE('',*,*,#553,.F.);
#743 = ORIENTED_EDGE('',*,*,#536,.T.);
#744 = ORIENTED_EDGE('',*,*,#506,.F.);
#745 = PLANE('',#746);
#746 = AXIS2_PLACEMENT_3D('',#747,#748,#749);
#747 = CARTESIAN_POINT('',(0.6,-0.625,0.));
#748 = DIRECTION('',(1.,0.,0.));
#749 = DIRECTION('',(0.,0.,1.));
#750 = ADVANCED_FACE('',(#751),#776,.F.);
#751 = FACE_BOUND('',#752,.F.);
#752 = EDGE_LOOP('',(#753,#763,#769,#770));
#753 = ORIENTED_EDGE('',*,*,#754,.F.);
#754 = EDGE_CURVE('',#755,#757,#759,.T.);
#755 = VERTEX_POINT('',#756);
#756 = CARTESIAN_POINT('',(1.,-0.625,4.E-02));
#757 = VERTEX_POINT('',#758);
#758 = CARTESIAN_POINT('',(1.,-0.625,1.21));
#759 = LINE('',#760,#761);
#760 = CARTESIAN_POINT('',(1.,-0.625,0.));
#761 = VECTOR('',#762,1.);
#762 = DIRECTION('',(0.,0.,1.));
#763 = ORIENTED_EDGE('',*,*,#764,.F.);
#764 = EDGE_CURVE('',#669,#755,#765,.T.);
#765 = LINE('',#766,#767);
#766 = CARTESIAN_POINT('',(0.6,-0.625,4.E-02));
#767 = VECTOR('',#768,1.);
#768 = DIRECTION('',(1.,0.,0.));
#769 = ORIENTED_EDGE('',*,*,#668,.T.);
#770 = ORIENTED_EDGE('',*,*,#771,.T.);
#771 = EDGE_CURVE('',#671,#757,#772,.T.);
#772 = LINE('',#773,#774);
#773 = CARTESIAN_POINT('',(0.6,-0.625,1.21));
#774 = VECTOR('',#775,1.);
#775 = DIRECTION('',(1.,0.,0.));
#776 = PLANE('',#777);
#777 = AXIS2_PLACEMENT_3D('',#778,#779,#780);
#778 = CARTESIAN_POINT('',(0.6,-0.625,0.));
#779 = DIRECTION('',(0.,1.,0.));
#780 = DIRECTION('',(0.,-0.,1.));
#781 = ADVANCED_FACE('',(#782),#801,.T.);
#782 = FACE_BOUND('',#783,.T.);
#783 = EDGE_LOOP('',(#784,#785,#793,#800));
#784 = ORIENTED_EDGE('',*,*,#678,.T.);
#785 = ORIENTED_EDGE('',*,*,#786,.T.);
#786 = EDGE_CURVE('',#679,#787,#789,.T.);
#787 = VERTEX_POINT('',#788);
#788 = CARTESIAN_POINT('',(1.,-0.585,0.));
#789 = LINE('',#790,#791);
#790 = CARTESIAN_POINT('',(0.6,-0.585,0.));
#791 = VECTOR('',#792,1.);
#792 = DIRECTION('',(1.,0.,0.));
#793 = ORIENTED_EDGE('',*,*,#794,.F.);
#794 = EDGE_CURVE('',#755,#787,#795,.T.);
#795 = CIRCLE('',#796,4.E-02);
#796 = AXIS2_PLACEMENT_3D('',#797,#798,#799);
#797 = CARTESIAN_POINT('',(1.,-0.585,4.E-02));
#798 = DIRECTION('',(1.,0.,-0.));
#799 = DIRECTION('',(0.,0.,1.));
#800 = ORIENTED_EDGE('',*,*,#764,.F.);
#801 = CYLINDRICAL_SURFACE('',#802,4.E-02);
#802 = AXIS2_PLACEMENT_3D('',#803,#804,#805);
#803 = CARTESIAN_POINT('',(0.6,-0.585,4.E-02));
#804 = DIRECTION('',(1.,0.,0.));
#805 = DIRECTION('',(0.,-1.,0.));
#806 = ADVANCED_FACE('',(#807),#826,.T.);
#807 = FACE_BOUND('',#808,.T.);
#808 = EDGE_LOOP('',(#809,#810,#819,#825));
#809 = ORIENTED_EDGE('',*,*,#771,.T.);
#810 = ORIENTED_EDGE('',*,*,#811,.T.);
#811 = EDGE_CURVE('',#757,#812,#814,.T.);
#812 = VERTEX_POINT('',#813);
#813 = CARTESIAN_POINT('',(1.,-0.585,1.25));
#814 = CIRCLE('',#815,4.E-02);
#815 = AXIS2_PLACEMENT_3D('',#816,#817,#818);
#816 = CARTESIAN_POINT('',(1.,-0.585,1.21));
#817 = DIRECTION('',(-1.,0.,0.));
#818 = DIRECTION('',(0.,0.,1.));
#819 = ORIENTED_EDGE('',*,*,#820,.F.);
#820 = EDGE_CURVE('',#722,#812,#821,.T.);
#821 = LINE('',#822,#823);
#822 = CARTESIAN_POINT('',(0.6,-0.585,1.25));
#823 = VECTOR('',#824,1.);
#824 = DIRECTION('',(1.,0.,0.));
#825 = ORIENTED_EDGE('',*,*,#729,.F.);
#826 = CYLINDRICAL_SURFACE('',#827,4.E-02);
#827 = AXIS2_PLACEMENT_3D('',#828,#829,#830);
#828 = CARTESIAN_POINT('',(0.6,-0.585,1.21));
#829 = DIRECTION('',(1.,0.,0.));
#830 = DIRECTION('',(0.,-1.,0.));
#831 = ADVANCED_FACE('',(#832),#850,.F.);
#832 = FACE_BOUND('',#833,.F.);
#833 = EDGE_LOOP('',(#834,#835,#836,#844));
#834 = ORIENTED_EDGE('',*,*,#687,.F.);
#835 = ORIENTED_EDGE('',*,*,#786,.T.);
#836 = ORIENTED_EDGE('',*,*,#837,.T.);
#837 = EDGE_CURVE('',#787,#838,#840,.T.);
#838 = VERTEX_POINT('',#839);
#839 = CARTESIAN_POINT('',(1.,0.585,0.));
#840 = LINE('',#841,#842);
#841 = CARTESIAN_POINT('',(1.,-0.625,0.));
#842 = VECTOR('',#843,1.);
#843 = DIRECTION('',(0.,1.,0.));
#844 = ORIENTED_EDGE('',*,*,#845,.F.);
#845 = EDGE_CURVE('',#688,#838,#846,.T.);
#846 = LINE('',#847,#848);
#847 = CARTESIAN_POINT('',(0.6,0.585,0.));
#848 = VECTOR('',#849,1.);
#849 = DIRECTION('',(1.,0.,0.));
#850 = PLANE('',#851);
#851 = AXIS2_PLACEMENT_3D('',#852,#853,#854);
#852 = CARTESIAN_POINT('',(0.6,-0.625,0.));
#853 = DIRECTION('',(0.,0.,1.));
#854 = DIRECTION('',(1.,0.,-0.));
#855 = ADVANCED_FACE('',(#856),#874,.T.);
#856 = FACE_BOUND('',#857,.T.);
#857 = EDGE_LOOP('',(#858,#859,#860,#868));
#858 = ORIENTED_EDGE('',*,*,#721,.F.);
#859 = ORIENTED_EDGE('',*,*,#820,.T.);
#860 = ORIENTED_EDGE('',*,*,#861,.T.);
#861 = EDGE_CURVE('',#812,#862,#864,.T.);
#862 = VERTEX_POINT('',#863);
#863 = CARTESIAN_POINT('',(1.,0.585,1.25));
#864 = LINE('',#865,#866);
#865 = CARTESIAN_POINT('',(1.,-0.625,1.25));
#866 = VECTOR('',#867,1.);
#867 = DIRECTION('',(0.,1.,0.));
#868 = ORIENTED_EDGE('',*,*,#869,.F.);
#869 = EDGE_CURVE('',#713,#862,#870,.T.);
#870 = LINE('',#871,#872);
#871 = CARTESIAN_POINT('',(0.6,0.585,1.25));
#872 = VECTOR('',#873,1.);
#873 = DIRECTION('',(1.,0.,0.));
#874 = PLANE('',#875);
#875 = AXIS2_PLACEMENT_3D('',#876,#877,#878);
#876 = CARTESIAN_POINT('',(0.6,-0.625,1.25));
#877 = DIRECTION('',(0.,0.,1.));
#878 = DIRECTION('',(1.,0.,-0.));
#879 = ADVANCED_FACE('',(#880),#899,.T.);
#880 = FACE_BOUND('',#881,.T.);
#881 = EDGE_LOOP('',(#882,#890,#897,#898));
#882 = ORIENTED_EDGE('',*,*,#883,.T.);
#883 = EDGE_CURVE('',#696,#884,#886,.T.);
#884 = VERTEX_POINT('',#885);
#885 = CARTESIAN_POINT('',(1.,0.625,4.E-02));
#886 = LINE('',#887,#888);
#887 = CARTESIAN_POINT('',(0.6,0.625,4.E-02));
#888 = VECTOR('',#889,1.);
#889 = DIRECTION('',(1.,0.,0.));
#890 = ORIENTED_EDGE('',*,*,#891,.T.);
#891 = EDGE_CURVE('',#884,#838,#892,.T.);
#892 = CIRCLE('',#893,4.E-02);
#893 = AXIS2_PLACEMENT_3D('',#894,#895,#896);
#894 = CARTESIAN_POINT('',(1.,0.585,4.E-02));
#895 = DIRECTION('',(-1.,0.,0.));
#896 = DIRECTION('',(0.,0.,1.));
#897 = ORIENTED_EDGE('',*,*,#845,.F.);
#898 = ORIENTED_EDGE('',*,*,#695,.F.);
#899 = CYLINDRICAL_SURFACE('',#900,4.E-02);
#900 = AXIS2_PLACEMENT_3D('',#901,#902,#903);
#901 = CARTESIAN_POINT('',(0.6,0.585,4.E-02));
#902 = DIRECTION('',(1.,0.,0.));
#903 = DIRECTION('',(-0.,1.,0.));
#904 = ADVANCED_FACE('',(#905),#924,.T.);
#905 = FACE_BOUND('',#906,.T.);
#906 = EDGE_LOOP('',(#907,#908,#909,#918));
#907 = ORIENTED_EDGE('',*,*,#712,.T.);
#908 = ORIENTED_EDGE('',*,*,#869,.T.);
#909 = ORIENTED_EDGE('',*,*,#910,.F.);
#910 = EDGE_CURVE('',#911,#862,#913,.T.);
#911 = VERTEX_POINT('',#912);
#912 = CARTESIAN_POINT('',(1.,0.625,1.21));
#913 = CIRCLE('',#914,4.E-02);
#914 = AXIS2_PLACEMENT_3D('',#915,#916,#917);
#915 = CARTESIAN_POINT('',(1.,0.585,1.21));
#916 = DIRECTION('',(1.,0.,-0.));
#917 = DIRECTION('',(0.,0.,1.));
#918 = ORIENTED_EDGE('',*,*,#919,.F.);
#919 = EDGE_CURVE('',#705,#911,#920,.T.);
#920 = LINE('',#921,#922);
#921 = CARTESIAN_POINT('',(0.6,0.625,1.21));
#922 = VECTOR('',#923,1.);
#923 = DIRECTION('',(1.,0.,0.));
#924 = CYLINDRICAL_SURFACE('',#925,4.E-02);
#925 = AXIS2_PLACEMENT_3D('',#926,#927,#928);
#926 = CARTESIAN_POINT('',(0.6,0.585,1.21));
#927 = DIRECTION('',(1.,0.,0.));
#928 = DIRECTION('',(-0.,1.,0.));
#929 = ADVANCED_FACE('',(#930),#941,.T.);
#930 = FACE_BOUND('',#931,.T.);
#931 = EDGE_LOOP('',(#932,#938,#939,#940));
#932 = ORIENTED_EDGE('',*,*,#933,.F.);
#933 = EDGE_CURVE('',#884,#911,#934,.T.);
#934 = LINE('',#935,#936);
#935 = CARTESIAN_POINT('',(1.,0.625,0.));
#936 = VECTOR('',#937,1.);
#937 = DIRECTION('',(0.,0.,1.));
#938 = ORIENTED_EDGE('',*,*,#883,.F.);
#939 = ORIENTED_EDGE('',*,*,#704,.T.);
#940 = ORIENTED_EDGE('',*,*,#919,.T.);
#941 = PLANE('',#942);
#942 = AXIS2_PLACEMENT_3D('',#943,#944,#945);
#943 = CARTESIAN_POINT('',(0.6,0.625,0.));
#944 = DIRECTION('',(0.,1.,0.));
#945 = DIRECTION('',(0.,-0.,1.));
#946 = ADVANCED_FACE('',(#947),#957,.T.);
#947 = FACE_BOUND('',#948,.T.);
#948 = EDGE_LOOP('',(#949,#950,#951,#952,#953,#954,#955,#956));
#949 = ORIENTED_EDGE('',*,*,#754,.F.);
#950 = ORIENTED_EDGE('',*,*,#794,.T.);
#951 = ORIENTED_EDGE('',*,*,#837,.T.);
#952 = ORIENTED_EDGE('',*,*,#891,.F.);
#953 = ORIENTED_EDGE('',*,*,#933,.T.);
#954 = ORIENTED_EDGE('',*,*,#910,.T.);
#955 = ORIENTED_EDGE('',*,*,#861,.F.);
#956 = ORIENTED_EDGE('',*,*,#811,.F.);
#957 = PLANE('',#958);
#958 = AXIS2_PLACEMENT_3D('',#959,#960,#961);
#959 = CARTESIAN_POINT('',(1.,-0.625,0.));
#960 = DIRECTION('',(1.,0.,0.));
#961 = DIRECTION('',(0.,0.,1.));
#962 = ( GEOMETRIC_REPRESENTATION_CONTEXT(3) 
GLOBAL_UNCERTAINTY_ASSIGNED_CONTEXT((#966)) GLOBAL_UNIT_ASSIGNED_CONTEXT
((#963,#964,#965)) REPRESENTATION_CONTEXT('Context #1',
  '3D Context with UNIT and UNCERTAINTY') );
#963 = ( LENGTH_UNIT() NAMED_UNIT(*) SI_UNIT(.MILLI.,.METRE.) );
#964 = ( NAMED_UNIT(*) PLANE_ANGLE_UNIT() SI_UNIT($,.RADIAN.) );
#965 = ( NAMED_UNIT(*) SI_UNIT($,.STERADIAN.) SOLID_ANGLE_UNIT() );
#966 = UNCERTAINTY_MEASURE_WITH_UNIT(LENGTH_MEASURE(1.E-07),#963,
  'distance_accuracy_value','confusion accuracy');
#967 = CONTEXT_DEPENDENT_SHAPE_REPRESENTATION(#968,#970);
#968 = ( REPRESENTATION_RELATIONSHIP('','',#107,#84) 
REPRESENTATION_RELATIONSHIP_WITH_TRANSFORMATION(#969) 
SHAPE_REPRESENTATION_RELATIONSHIP() );
#969 = ITEM_DEFINED_TRANSFORMATION('','',#11,#85);
#970 = PRODUCT_DEFINITION_SHAPE('Placement','Placement of an item',#971
  );
#971 = NEXT_ASSEMBLY_USAGE_OCCURRENCE('1','=>[0:1:1:3]','',#79,#102,$);
#972 = PRODUCT_RELATED_PRODUCT_CATEGORY('part',$,(#104));
#973 = CONTEXT_DEPENDENT_SHAPE_REPRESENTATION(#974,#976);
#974 = ( REPRESENTATION_RELATIONSHIP('','',#84,#10) 
REPRESENTATION_RELATIONSHIP_WITH_TRANSFORMATION(#975) 
SHAPE_REPRESENTATION_RELATIONSHIP() );
#975 = ITEM_DEFINED_TRANSFORMATION('','',#11,#19);
#976 = PRODUCT_DEFINITION_SHAPE('Placement','Placement of an item',#977
  );
#977 = NEXT_ASSEMBLY_USAGE_OCCURRENCE('3','C2','',#5,#79,$);
#978 = CONTEXT_DEPENDENT_SHAPE_REPRESENTATION(#979,#981);
#979 = ( REPRESENTATION_RELATIONSHIP('','',#84,#10) 
REPRESENTATION_RELATIONSHIP_WITH_TRANSFORMATION(#980) 
SHAPE_REPRESENTATION_RELATIONSHIP() );
#980 = ITEM_DEFINED_TRANSFORMATION('','',#11,#23);
#981 = PRODUCT_DEFINITION_SHAPE('Placement','Placement of an item',#982
  );
#982 = NEXT_ASSEMBLY_USAGE_OCCURRENCE('4','C7','',#5,#79,$);
#983 = CONTEXT_DEPENDENT_SHAPE_REPRESENTATION(#984,#986);
#984 = ( REPRESENTATION_RELATIONSHIP('','',#84,#10) 
REPRESENTATION_RELATIONSHIP_WITH_TRANSFORMATION(#985) 
SHAPE_REPRESENTATION_RELATIONSHIP() );
#985 = ITEM_DEFINED_TRANSFORMATION('','',#11,#27);
#986 = PRODUCT_DEFINITION_SHAPE('Placement','Placement of an item',#987
  );
#987 = NEXT_ASSEMBLY_USAGE_OCCURRENCE('5','C1','',#5,#79,$);
#988 = CONTEXT_DEPENDENT_SHAPE_REPRESENTATION(#989,#991);
#989 = ( REPRESENTATION_RELATIONSHIP('','',#84,#10) 
REPRESENTATION_RELATIONSHIP_WITH_TRANSFORMATION(#990) 
SHAPE_REPRESENTATION_RELATIONSHIP() );
#990 = ITEM_DEFINED_TRANSFORMATION('','',#11,#31);
#991 = PRODUCT_DEFINITION_SHAPE('Placement','Placement of an item',#992
  );
#992 = NEXT_ASSEMBLY_USAGE_OCCURRENCE('6','C3','',#5,#79,$);
#993 = SHAPE_DEFINITION_REPRESENTATION(#994,#1000);
#994 = PRODUCT_DEFINITION_SHAPE('','',#995);
#995 = PRODUCT_DEFINITION('design','',#996,#999);
#996 = PRODUCT_DEFINITION_FORMATION('','',#997);
#997 = PRODUCT('SOT-23-3','SOT-23-3','',(#998));
#998 = PRODUCT_CONTEXT('',#2,'mechanical');
#999 = PRODUCT_DEFINITION_CONTEXT('part definition',#2,'design');
#1000 = SHAPE_REPRESENTATION('',(#11,#1001),#1005);
#1001 = AXIS2_PLACEMENT_3D('',#1002,#1003,#1004);
#1002 = CARTESIAN_POINT('',(0.,0.,0.));
#1003 = DIRECTION('',(0.,0.,1.));
#1004 = DIRECTION('',(1.,0.,-0.));
#1005 = ( GEOMETRIC_REPRESENTATION_CONTEXT(3) 
GLOBAL_UNCERTAINTY_ASSIGNED_CONTEXT((#1009)) 
GLOBAL_UNIT_ASSIGNED_CONTEXT((#1006,#1007,#1008)) REPRESENTATION_CONTEXT
('Context #1','3D Context with UNIT and UNCERTAINTY') );
#1006 = ( LENGTH_UNIT() NAMED_UNIT(*) SI_UNIT(.MILLI.,.METRE.) );
#1007 = ( NAMED_UNIT(*) PLANE_ANGLE_UNIT() SI_UNIT($,.RADIAN.) );
#1008 = ( NAMED_UNIT(*) SI_UNIT($,.STERADIAN.) SOLID_ANGLE_UNIT() );
#1009 = UNCERTAINTY_MEASURE_WITH_UNIT(LENGTH_MEASURE(1.E-07),#1006,
  'distance_accuracy_value','confusion accuracy');
#1010 = CONTEXT_DEPENDENT_SHAPE_REPRESENTATION(#1011,#1013);
#1011 = ( REPRESENTATION_RELATIONSHIP('','',#1000,#10) 
REPRESENTATION_RELATIONSHIP_WITH_TRANSFORMATION(#1012) 
SHAPE_REPRESENTATION_RELATIONSHIP() );
#1012 = ITEM_DEFINED_TRANSFORMATION('','',#11,#35);
#1013 = PRODUCT_DEFINITION_SHAPE('Placement','Placement of an item',
  #1014);
#1014 = NEXT_ASSEMBLY_USAGE_OCCURRENCE('8','U3','',#5,#995,$);
#1015 = PRODUCT_RELATED_PRODUCT_CATEGORY('part',$,(#997));
#1016 = SHAPE_DEFINITION_REPRESENTATION(#1017,#1023);
#1017 = PRODUCT_DEFINITION_SHAPE('','',#1018);
#1018 = PRODUCT_DEFINITION('design','',#1019,#1022);
#1019 = PRODUCT_DEFINITION_FORMATION('','',#1020);
#1020 = PRODUCT('SOT-23-3','SOT-23-3','',(#1021));
#1021 = PRODUCT_CONTEXT('',#2,'mechanical');
#1022 = PRODUCT_DEFINITION_CONTEXT('part definition',#2,'design');
#1023 = ADVANCED_BREP_SHAPE_REPRESENTATION('',(#11,#1024),#3006);
#1024 = MANIFOLD_SOLID_BREP('',#1025);
#1025 = CLOSED_SHELL('',(#1026,#1064,#1127,#1150,#1179,#1202,#1257,#1296
    ,#1319,#1342,#1359,#1382,#1470,#1486,#1516,#1549,#1580,#1613,#1630,
    #1647,#1680,#1710,#1733,#1756,#1773,#1802,#1856,#1879,#1902,#1925,
    #1964,#1986,#2030,#2105,#2129,#2197,#2214,#2289,#2313,#2381,#2456,
    #2480,#2548,#2565,#2582,#2628,#2644,#2660,#2677,#2689,#2706,#2723,
    #2740,#2757,#2774,#2791,#2803,#2820,#2837,#2854,#2871,#2888,#2900,
    #2917,#2934,#2951,#2968,#2985,#2997));
#1026 = ADVANCED_FACE('',(#1027),#1059,.F.);
#1027 = FACE_BOUND('',#1028,.F.);
#1028 = EDGE_LOOP('',(#1029,#1039,#1046,#1054));
#1029 = ORIENTED_EDGE('',*,*,#1030,.T.);
#1030 = EDGE_CURVE('',#1031,#1033,#1035,.T.);
#1031 = VERTEX_POINT('',#1032);
#1032 = CARTESIAN_POINT('',(-0.571621551758,1.433243103516,0.1));
#1033 = VERTEX_POINT('',#1034);
#1034 = CARTESIAN_POINT('',(0.571621551758,1.433243103516,0.1));
#1035 = LINE('',#1036,#1037);
#1036 = CARTESIAN_POINT('',(-0.571621551758,1.433243103516,0.1));
#1037 = VECTOR('',#1038,1.);
#1038 = DIRECTION('',(1.,1.110223024625E-16,0.));
#1039 = ORIENTED_EDGE('',*,*,#1040,.T.);
#1040 = EDGE_CURVE('',#1033,#1041,#1043,.T.);
#1041 = VERTEX_POINT('',#1042);
#1042 = CARTESIAN_POINT('',(0.605,1.5,0.575));
#1043 = B_SPLINE_CURVE_WITH_KNOTS('',1,(#1044,#1045),.UNSPECIFIED.,.F.,
  .F.,(2,2),(0.,1.),.PIECEWISE_BEZIER_KNOTS.);
#1044 = CARTESIAN_POINT('',(0.571621551758,1.433243103516,0.1));
#1045 = CARTESIAN_POINT('',(0.605,1.5,0.575));
#1046 = ORIENTED_EDGE('',*,*,#1047,.F.);
#1047 = EDGE_CURVE('',#1048,#1041,#1050,.T.);
#1048 = VERTEX_POINT('',#1049);
#1049 = CARTESIAN_POINT('',(-0.605,1.5,0.575));
#1050 = LINE('',#1051,#1052);
#1051 = CARTESIAN_POINT('',(-0.605,1.5,0.575));
#1052 = VECTOR('',#1053,1.);
#1053 = DIRECTION('',(1.,1.110223024625E-16,0.));
#1054 = ORIENTED_EDGE('',*,*,#1055,.F.);
#1055 = EDGE_CURVE('',#1031,#1048,#1056,.T.);
#1056 = B_SPLINE_CURVE_WITH_KNOTS('',1,(#1057,#1058),.UNSPECIFIED.,.F.,
  .F.,(2,2),(0.,1.),.PIECEWISE_BEZIER_KNOTS.);
#1057 = CARTESIAN_POINT('',(-0.571621551758,1.433243103516,0.1));
#1058 = CARTESIAN_POINT('',(-0.605,1.5,0.575));
#1059 = B_SPLINE_SURFACE_WITH_KNOTS('',1,1,(
    (#1060,#1061)
    ,(#1062,#1063
    )),.UNSPECIFIED.,.F.,.F.,.F.,(2,2),(2,2),(0.,1.21),(0.,1.),
  .PIECEWISE_BEZIER_KNOTS.);
#1060 = CARTESIAN_POINT('',(-0.571621551758,1.433243103516,0.1));
#1061 = CARTESIAN_POINT('',(-0.605,1.5,0.575));
#1062 = CARTESIAN_POINT('',(0.571621551758,1.433243103516,0.1));
#1063 = CARTESIAN_POINT('',(0.605,1.5,0.575));
#1064 = ADVANCED_FACE('',(#1065),#1122,.T.);
#1065 = FACE_BOUND('',#1066,.T.);
#1066 = EDGE_LOOP('',(#1067,#1068,#1076,#1084,#1092,#1100,#1108,#1116));
#1067 = ORIENTED_EDGE('',*,*,#1030,.T.);
#1068 = ORIENTED_EDGE('',*,*,#1069,.T.);
#1069 = EDGE_CURVE('',#1033,#1070,#1072,.T.);
#1070 = VERTEX_POINT('',#1071);
#1071 = CARTESIAN_POINT('',(0.633243103516,1.371621551758,0.1));
#1072 = LINE('',#1073,#1074);
#1073 = CARTESIAN_POINT('',(0.571621551758,1.433243103516,0.1));
#1074 = VECTOR('',#1075,1.);
#1075 = DIRECTION('',(0.707106781187,-0.707106781187,0.));
#1076 = ORIENTED_EDGE('',*,*,#1077,.T.);
#1077 = EDGE_CURVE('',#1070,#1078,#1080,.T.);
#1078 = VERTEX_POINT('',#1079);
#1079 = CARTESIAN_POINT('',(0.633243103516,-1.371621551758,0.1));
#1080 = LINE('',#1081,#1082);
#1081 = CARTESIAN_POINT('',(0.633243103516,1.371621551758,0.1));
#1082 = VECTOR('',#1083,1.);
#1083 = DIRECTION('',(1.110223024625E-16,-1.,0.));
#1084 = ORIENTED_EDGE('',*,*,#1085,.T.);
#1085 = EDGE_CURVE('',#1078,#1086,#1088,.T.);
#1086 = VERTEX_POINT('',#1087);
#1087 = CARTESIAN_POINT('',(0.571621551758,-1.433243103516,0.1));
#1088 = LINE('',#1089,#1090);
#1089 = CARTESIAN_POINT('',(0.633243103516,-1.371621551758,0.1));
#1090 = VECTOR('',#1091,1.);
#1091 = DIRECTION('',(-0.707106781187,-0.707106781187,0.));
#1092 = ORIENTED_EDGE('',*,*,#1093,.T.);
#1093 = EDGE_CURVE('',#1086,#1094,#1096,.T.);
#1094 = VERTEX_POINT('',#1095);
#1095 = CARTESIAN_POINT('',(-0.571621551758,-1.433243103516,0.1));
#1096 = LINE('',#1097,#1098);
#1097 = CARTESIAN_POINT('',(0.571621551758,-1.433243103516,0.1));
#1098 = VECTOR('',#1099,1.);
#1099 = DIRECTION('',(-1.,-1.110223024625E-16,0.));
#1100 = ORIENTED_EDGE('',*,*,#1101,.T.);
#1101 = EDGE_CURVE('',#1094,#1102,#1104,.T.);
#1102 = VERTEX_POINT('',#1103);
#1103 = CARTESIAN_POINT('',(-0.633243103516,-1.371621551758,0.1));
#1104 = LINE('',#1105,#1106);
#1105 = CARTESIAN_POINT('',(-0.571621551758,-1.433243103516,0.1));
#1106 = VECTOR('',#1107,1.);
#1107 = DIRECTION('',(-0.707106781187,0.707106781187,0.));
#1108 = ORIENTED_EDGE('',*,*,#1109,.T.);
#1109 = EDGE_CURVE('',#1102,#1110,#1112,.T.);
#1110 = VERTEX_POINT('',#1111);
#1111 = CARTESIAN_POINT('',(-0.633243103516,1.371621551758,0.1));
#1112 = LINE('',#1113,#1114);
#1113 = CARTESIAN_POINT('',(-0.633243103516,-1.371621551758,0.1));
#1114 = VECTOR('',#1115,1.);
#1115 = DIRECTION('',(-1.110223024625E-16,1.,0.));
#1116 = ORIENTED_EDGE('',*,*,#1117,.T.);
#1117 = EDGE_CURVE('',#1110,#1031,#1118,.T.);
#1118 = LINE('',#1119,#1120);
#1119 = CARTESIAN_POINT('',(-0.633243103516,1.371621551758,0.1));
#1120 = VECTOR('',#1121,1.);
#1121 = DIRECTION('',(0.707106781187,0.707106781187,0.));
#1122 = PLANE('',#1123);
#1123 = AXIS2_PLACEMENT_3D('',#1124,#1125,#1126);
#1124 = CARTESIAN_POINT('',(-0.571621551758,1.433243103516,0.1));
#1125 = DIRECTION('',(0.,0.,-1.));
#1126 = DIRECTION('',(0.370454302632,-0.928850692879,0.));
#1127 = ADVANCED_FACE('',(#1128),#1145,.F.);
#1128 = FACE_BOUND('',#1129,.F.);
#1129 = EDGE_LOOP('',(#1130,#1131,#1138,#1144));
#1130 = ORIENTED_EDGE('',*,*,#1069,.T.);
#1131 = ORIENTED_EDGE('',*,*,#1132,.T.);
#1132 = EDGE_CURVE('',#1070,#1133,#1135,.T.);
#1133 = VERTEX_POINT('',#1134);
#1134 = CARTESIAN_POINT('',(0.7,1.405,0.575));
#1135 = B_SPLINE_CURVE_WITH_KNOTS('',1,(#1136,#1137),.UNSPECIFIED.,.F.,
  .F.,(2,2),(0.,1.),.PIECEWISE_BEZIER_KNOTS.);
#1136 = CARTESIAN_POINT('',(0.633243103516,1.371621551758,0.1));
#1137 = CARTESIAN_POINT('',(0.7,1.405,0.575));
#1138 = ORIENTED_EDGE('',*,*,#1139,.F.);
#1139 = EDGE_CURVE('',#1041,#1133,#1140,.T.);
#1140 = LINE('',#1141,#1142);
#1141 = CARTESIAN_POINT('',(0.605,1.5,0.575));
#1142 = VECTOR('',#1143,1.);
#1143 = DIRECTION('',(0.707106781187,-0.707106781187,0.));
#1144 = ORIENTED_EDGE('',*,*,#1040,.F.);
#1145 = B_SPLINE_SURFACE_WITH_KNOTS('',1,1,(
    (#1146,#1147)
    ,(#1148,#1149
    )),.UNSPECIFIED.,.F.,.F.,.F.,(2,2),(2,2),(0.,0.134350288425),(0.,1.)
  ,.PIECEWISE_BEZIER_KNOTS.);
#1146 = CARTESIAN_POINT('',(0.571621551758,1.433243103516,0.1));
#1147 = CARTESIAN_POINT('',(0.605,1.5,0.575));
#1148 = CARTESIAN_POINT('',(0.633243103516,1.371621551758,0.1));
#1149 = CARTESIAN_POINT('',(0.7,1.405,0.575));
#1150 = ADVANCED_FACE('',(#1151),#1174,.F.);
#1151 = FACE_BOUND('',#1152,.F.);
#1152 = EDGE_LOOP('',(#1153,#1154,#1161,#1169));
#1153 = ORIENTED_EDGE('',*,*,#1047,.T.);
#1154 = ORIENTED_EDGE('',*,*,#1155,.T.);
#1155 = EDGE_CURVE('',#1041,#1156,#1158,.T.);
#1156 = VERTEX_POINT('',#1157);
#1157 = CARTESIAN_POINT('',(0.605,1.5,0.725));
#1158 = B_SPLINE_CURVE_WITH_KNOTS('',1,(#1159,#1160),.UNSPECIFIED.,.F.,
  .F.,(2,2),(0.,1.),.PIECEWISE_BEZIER_KNOTS.);
#1159 = CARTESIAN_POINT('',(0.605,1.5,0.575));
#1160 = CARTESIAN_POINT('',(0.605,1.5,0.725));
#1161 = ORIENTED_EDGE('',*,*,#1162,.F.);
#1162 = EDGE_CURVE('',#1163,#1156,#1165,.T.);
#1163 = VERTEX_POINT('',#1164);
#1164 = CARTESIAN_POINT('',(-0.605,1.5,0.725));
#1165 = LINE('',#1166,#1167);
#1166 = CARTESIAN_POINT('',(-0.605,1.5,0.725));
#1167 = VECTOR('',#1168,1.);
#1168 = DIRECTION('',(1.,1.110223024625E-16,0.));
#1169 = ORIENTED_EDGE('',*,*,#1170,.F.);
#1170 = EDGE_CURVE('',#1048,#1163,#1171,.T.);
#1171 = B_SPLINE_CURVE_WITH_KNOTS('',1,(#1172,#1173),.UNSPECIFIED.,.F.,
  .F.,(2,2),(0.,1.),.PIECEWISE_BEZIER_KNOTS.);
#1172 = CARTESIAN_POINT('',(-0.605,1.5,0.575));
#1173 = CARTESIAN_POINT('',(-0.605,1.5,0.725));
#1174 = PLANE('',#1175);
#1175 = AXIS2_PLACEMENT_3D('',#1176,#1177,#1178);
#1176 = CARTESIAN_POINT('',(-0.605,1.5,0.725));
#1177 = DIRECTION('',(1.110223024625E-16,-1.,0.));
#1178 = DIRECTION('',(1.,1.110223024625E-16,0.));
#1179 = ADVANCED_FACE('',(#1180),#1197,.F.);
#1180 = FACE_BOUND('',#1181,.F.);
#1181 = EDGE_LOOP('',(#1182,#1183,#1184,#1192));
#1182 = ORIENTED_EDGE('',*,*,#1117,.T.);
#1183 = ORIENTED_EDGE('',*,*,#1055,.T.);
#1184 = ORIENTED_EDGE('',*,*,#1185,.F.);
#1185 = EDGE_CURVE('',#1186,#1048,#1188,.T.);
#1186 = VERTEX_POINT('',#1187);
#1187 = CARTESIAN_POINT('',(-0.7,1.405,0.575));
#1188 = LINE('',#1189,#1190);
#1189 = CARTESIAN_POINT('',(-0.7,1.405,0.575));
#1190 = VECTOR('',#1191,1.);
#1191 = DIRECTION('',(0.707106781187,0.707106781187,0.));
#1192 = ORIENTED_EDGE('',*,*,#1193,.F.);
#1193 = EDGE_CURVE('',#1110,#1186,#1194,.T.);
#1194 = B_SPLINE_CURVE_WITH_KNOTS('',1,(#1195,#1196),.UNSPECIFIED.,.F.,
  .F.,(2,2),(0.,1.),.PIECEWISE_BEZIER_KNOTS.);
#1195 = CARTESIAN_POINT('',(-0.633243103516,1.371621551758,0.1));
#1196 = CARTESIAN_POINT('',(-0.7,1.405,0.575));
#1197 = B_SPLINE_SURFACE_WITH_KNOTS('',1,1,(
    (#1198,#1199)
    ,(#1200,#1201
    )),.UNSPECIFIED.,.F.,.F.,.F.,(2,2),(2,2),(0.,0.134350288425),(0.,1.)
  ,.PIECEWISE_BEZIER_KNOTS.);
#1198 = CARTESIAN_POINT('',(-0.633243103516,1.371621551758,0.1));
#1199 = CARTESIAN_POINT('',(-0.7,1.405,0.575));
#1200 = CARTESIAN_POINT('',(-0.571621551758,1.433243103516,0.1));
#1201 = CARTESIAN_POINT('',(-0.605,1.5,0.575));
#1202 = ADVANCED_FACE('',(#1203),#1252,.F.);
#1203 = FACE_BOUND('',#1204,.F.);
#1204 = EDGE_LOOP('',(#1205,#1206,#1207,#1215,#1223,#1231,#1239,#1247));
#1205 = ORIENTED_EDGE('',*,*,#1109,.T.);
#1206 = ORIENTED_EDGE('',*,*,#1193,.T.);
#1207 = ORIENTED_EDGE('',*,*,#1208,.F.);
#1208 = EDGE_CURVE('',#1209,#1186,#1211,.T.);
#1209 = VERTEX_POINT('',#1210);
#1210 = CARTESIAN_POINT('',(-0.7,1.15,0.575));
#1211 = LINE('',#1212,#1213);
#1212 = CARTESIAN_POINT('',(-0.7,-1.405,0.575));
#1213 = VECTOR('',#1214,1.);
#1214 = DIRECTION('',(-1.110223024625E-16,1.,0.));
#1215 = ORIENTED_EDGE('',*,*,#1216,.F.);
#1216 = EDGE_CURVE('',#1217,#1209,#1219,.T.);
#1217 = VERTEX_POINT('',#1218);
#1218 = CARTESIAN_POINT('',(-0.7,0.75,0.575));
#1219 = LINE('',#1220,#1221);
#1220 = CARTESIAN_POINT('',(-0.7,0.75,0.575));
#1221 = VECTOR('',#1222,1.);
#1222 = DIRECTION('',(1.144237745222E-17,1.,0.));
#1223 = ORIENTED_EDGE('',*,*,#1224,.F.);
#1224 = EDGE_CURVE('',#1225,#1217,#1227,.T.);
#1225 = VERTEX_POINT('',#1226);
#1226 = CARTESIAN_POINT('',(-0.7,-0.75,0.575));
#1227 = LINE('',#1228,#1229);
#1228 = CARTESIAN_POINT('',(-0.7,-1.405,0.575));
#1229 = VECTOR('',#1230,1.);
#1230 = DIRECTION('',(-1.110223024625E-16,1.,0.));
#1231 = ORIENTED_EDGE('',*,*,#1232,.F.);
#1232 = EDGE_CURVE('',#1233,#1225,#1235,.T.);
#1233 = VERTEX_POINT('',#1234);
#1234 = CARTESIAN_POINT('',(-0.7,-1.15,0.575));
#1235 = LINE('',#1236,#1237);
#1236 = CARTESIAN_POINT('',(-0.7,-1.15,0.575));
#1237 = VECTOR('',#1238,1.);
#1238 = DIRECTION('',(1.144237745222E-17,1.,0.));
#1239 = ORIENTED_EDGE('',*,*,#1240,.F.);
#1240 = EDGE_CURVE('',#1241,#1233,#1243,.T.);
#1241 = VERTEX_POINT('',#1242);
#1242 = CARTESIAN_POINT('',(-0.7,-1.405,0.575));
#1243 = LINE('',#1244,#1245);
#1244 = CARTESIAN_POINT('',(-0.7,-1.405,0.575));
#1245 = VECTOR('',#1246,1.);
#1246 = DIRECTION('',(-1.110223024625E-16,1.,0.));
#1247 = ORIENTED_EDGE('',*,*,#1248,.F.);
#1248 = EDGE_CURVE('',#1102,#1241,#1249,.T.);
#1249 = B_SPLINE_CURVE_WITH_KNOTS('',1,(#1250,#1251),.UNSPECIFIED.,.F.,
  .F.,(2,2),(0.,1.),.PIECEWISE_BEZIER_KNOTS.);
#1250 = CARTESIAN_POINT('',(-0.633243103516,-1.371621551758,0.1));
#1251 = CARTESIAN_POINT('',(-0.7,-1.405,0.575));
#1252 = B_SPLINE_SURFACE_WITH_KNOTS('',1,1,(
    (#1253,#1254)
    ,(#1255,#1256
    )),.UNSPECIFIED.,.F.,.F.,.F.,(2,2),(2,2),(0.,2.81),(0.,1.),
  .PIECEWISE_BEZIER_KNOTS.);
#1253 = CARTESIAN_POINT('',(-0.633243103516,-1.371621551758,0.1));
#1254 = CARTESIAN_POINT('',(-0.7,-1.405,0.575));
#1255 = CARTESIAN_POINT('',(-0.633243103516,1.371621551758,0.1));
#1256 = CARTESIAN_POINT('',(-0.7,1.405,0.575));
#1257 = ADVANCED_FACE('',(#1258),#1291,.F.);
#1258 = FACE_BOUND('',#1259,.F.);
#1259 = EDGE_LOOP('',(#1260,#1261,#1268,#1276,#1284,#1290));
#1260 = ORIENTED_EDGE('',*,*,#1077,.T.);
#1261 = ORIENTED_EDGE('',*,*,#1262,.T.);
#1262 = EDGE_CURVE('',#1078,#1263,#1265,.T.);
#1263 = VERTEX_POINT('',#1264);
#1264 = CARTESIAN_POINT('',(0.7,-1.405,0.575));
#1265 = B_SPLINE_CURVE_WITH_KNOTS('',1,(#1266,#1267),.UNSPECIFIED.,.F.,
  .F.,(2,2),(0.,1.),.PIECEWISE_BEZIER_KNOTS.);
#1266 = CARTESIAN_POINT('',(0.633243103516,-1.371621551758,0.1));
#1267 = CARTESIAN_POINT('',(0.7,-1.405,0.575));
#1268 = ORIENTED_EDGE('',*,*,#1269,.F.);
#1269 = EDGE_CURVE('',#1270,#1263,#1272,.T.);
#1270 = VERTEX_POINT('',#1271);
#1271 = CARTESIAN_POINT('',(0.7,-0.2,0.575));
#1272 = LINE('',#1273,#1274);
#1273 = CARTESIAN_POINT('',(0.7,1.405,0.575));
#1274 = VECTOR('',#1275,1.);
#1275 = DIRECTION('',(1.110223024625E-16,-1.,0.));
#1276 = ORIENTED_EDGE('',*,*,#1277,.F.);
#1277 = EDGE_CURVE('',#1278,#1270,#1280,.T.);
#1278 = VERTEX_POINT('',#1279);
#1279 = CARTESIAN_POINT('',(0.7,0.2,0.575));
#1280 = LINE('',#1281,#1282);
#1281 = CARTESIAN_POINT('',(0.7,0.2,0.575));
#1282 = VECTOR('',#1283,1.);
#1283 = DIRECTION('',(1.110223024625E-16,-1.,0.));
#1284 = ORIENTED_EDGE('',*,*,#1285,.F.);
#1285 = EDGE_CURVE('',#1133,#1278,#1286,.T.);
#1286 = LINE('',#1287,#1288);
#1287 = CARTESIAN_POINT('',(0.7,1.405,0.575));
#1288 = VECTOR('',#1289,1.);
#1289 = DIRECTION('',(1.110223024625E-16,-1.,0.));
#1290 = ORIENTED_EDGE('',*,*,#1132,.F.);
#1291 = B_SPLINE_SURFACE_WITH_KNOTS('',1,1,(
    (#1292,#1293)
    ,(#1294,#1295
    )),.UNSPECIFIED.,.F.,.F.,.F.,(2,2),(2,2),(0.,2.81),(0.,1.),
  .PIECEWISE_BEZIER_KNOTS.);
#1292 = CARTESIAN_POINT('',(0.633243103516,1.371621551758,0.1));
#1293 = CARTESIAN_POINT('',(0.7,1.405,0.575));
#1294 = CARTESIAN_POINT('',(0.633243103516,-1.371621551758,0.1));
#1295 = CARTESIAN_POINT('',(0.7,-1.405,0.575));
#1296 = ADVANCED_FACE('',(#1297),#1314,.F.);
#1297 = FACE_BOUND('',#1298,.F.);
#1298 = EDGE_LOOP('',(#1299,#1300,#1301,#1309));
#1299 = ORIENTED_EDGE('',*,*,#1101,.T.);
#1300 = ORIENTED_EDGE('',*,*,#1248,.T.);
#1301 = ORIENTED_EDGE('',*,*,#1302,.F.);
#1302 = EDGE_CURVE('',#1303,#1241,#1305,.T.);
#1303 = VERTEX_POINT('',#1304);
#1304 = CARTESIAN_POINT('',(-0.605,-1.5,0.575));
#1305 = LINE('',#1306,#1307);
#1306 = CARTESIAN_POINT('',(-0.605,-1.5,0.575));
#1307 = VECTOR('',#1308,1.);
#1308 = DIRECTION('',(-0.707106781187,0.707106781187,0.));
#1309 = ORIENTED_EDGE('',*,*,#1310,.F.);
#1310 = EDGE_CURVE('',#1094,#1303,#1311,.T.);
#1311 = B_SPLINE_CURVE_WITH_KNOTS('',1,(#1312,#1313),.UNSPECIFIED.,.F.,
  .F.,(2,2),(0.,1.),.PIECEWISE_BEZIER_KNOTS.);
#1312 = CARTESIAN_POINT('',(-0.571621551758,-1.433243103516,0.1));
#1313 = CARTESIAN_POINT('',(-0.605,-1.5,0.575));
#1314 = B_SPLINE_SURFACE_WITH_KNOTS('',1,1,(
    (#1315,#1316)
    ,(#1317,#1318
    )),.UNSPECIFIED.,.F.,.F.,.F.,(2,2),(2,2),(0.,0.134350288425),(0.,1.)
  ,.PIECEWISE_BEZIER_KNOTS.);
#1315 = CARTESIAN_POINT('',(-0.571621551758,-1.433243103516,0.1));
#1316 = CARTESIAN_POINT('',(-0.605,-1.5,0.575));
#1317 = CARTESIAN_POINT('',(-0.633243103516,-1.371621551758,0.1));
#1318 = CARTESIAN_POINT('',(-0.7,-1.405,0.575));
#1319 = ADVANCED_FACE('',(#1320),#1337,.F.);
#1320 = FACE_BOUND('',#1321,.F.);
#1321 = EDGE_LOOP('',(#1322,#1323,#1330,#1336));
#1322 = ORIENTED_EDGE('',*,*,#1085,.T.);
#1323 = ORIENTED_EDGE('',*,*,#1324,.T.);
#1324 = EDGE_CURVE('',#1086,#1325,#1327,.T.);
#1325 = VERTEX_POINT('',#1326);
#1326 = CARTESIAN_POINT('',(0.605,-1.5,0.575));
#1327 = B_SPLINE_CURVE_WITH_KNOTS('',1,(#1328,#1329),.UNSPECIFIED.,.F.,
  .F.,(2,2),(0.,1.),.PIECEWISE_BEZIER_KNOTS.);
#1328 = CARTESIAN_POINT('',(0.571621551758,-1.433243103516,0.1));
#1329 = CARTESIAN_POINT('',(0.605,-1.5,0.575));
#1330 = ORIENTED_EDGE('',*,*,#1331,.F.);
#1331 = EDGE_CURVE('',#1263,#1325,#1332,.T.);
#1332 = LINE('',#1333,#1334);
#1333 = CARTESIAN_POINT('',(0.7,-1.405,0.575));
#1334 = VECTOR('',#1335,1.);
#1335 = DIRECTION('',(-0.707106781187,-0.707106781187,0.));
#1336 = ORIENTED_EDGE('',*,*,#1262,.F.);
#1337 = B_SPLINE_SURFACE_WITH_KNOTS('',1,1,(
    (#1338,#1339)
    ,(#1340,#1341
    )),.UNSPECIFIED.,.F.,.F.,.F.,(2,2),(2,2),(0.,0.134350288425),(0.,1.)
  ,.PIECEWISE_BEZIER_KNOTS.);
#1338 = CARTESIAN_POINT('',(0.633243103516,-1.371621551758,0.1));
#1339 = CARTESIAN_POINT('',(0.7,-1.405,0.575));
#1340 = CARTESIAN_POINT('',(0.571621551758,-1.433243103516,0.1));
#1341 = CARTESIAN_POINT('',(0.605,-1.5,0.575));
#1342 = ADVANCED_FACE('',(#1343),#1354,.F.);
#1343 = FACE_BOUND('',#1344,.F.);
#1344 = EDGE_LOOP('',(#1345,#1346,#1347,#1353));
#1345 = ORIENTED_EDGE('',*,*,#1093,.T.);
#1346 = ORIENTED_EDGE('',*,*,#1310,.T.);
#1347 = ORIENTED_EDGE('',*,*,#1348,.F.);
#1348 = EDGE_CURVE('',#1325,#1303,#1349,.T.);
#1349 = LINE('',#1350,#1351);
#1350 = CARTESIAN_POINT('',(0.605,-1.5,0.575));
#1351 = VECTOR('',#1352,1.);
#1352 = DIRECTION('',(-1.,-1.110223024625E-16,0.));
#1353 = ORIENTED_EDGE('',*,*,#1324,.F.);
#1354 = B_SPLINE_SURFACE_WITH_KNOTS('',1,1,(
    (#1355,#1356)
    ,(#1357,#1358
    )),.UNSPECIFIED.,.F.,.F.,.F.,(2,2),(2,2),(0.,1.21),(0.,1.),
  .PIECEWISE_BEZIER_KNOTS.);
#1355 = CARTESIAN_POINT('',(0.571621551758,-1.433243103516,0.1));
#1356 = CARTESIAN_POINT('',(0.605,-1.5,0.575));
#1357 = CARTESIAN_POINT('',(-0.571621551758,-1.433243103516,0.1));
#1358 = CARTESIAN_POINT('',(-0.605,-1.5,0.575));
#1359 = ADVANCED_FACE('',(#1360),#1377,.F.);
#1360 = FACE_BOUND('',#1361,.F.);
#1361 = EDGE_LOOP('',(#1362,#1363,#1370,#1376));
#1362 = ORIENTED_EDGE('',*,*,#1139,.T.);
#1363 = ORIENTED_EDGE('',*,*,#1364,.T.);
#1364 = EDGE_CURVE('',#1133,#1365,#1367,.T.);
#1365 = VERTEX_POINT('',#1366);
#1366 = CARTESIAN_POINT('',(0.7,1.405,0.725));
#1367 = B_SPLINE_CURVE_WITH_KNOTS('',1,(#1368,#1369),.UNSPECIFIED.,.F.,
  .F.,(2,2),(0.,1.),.PIECEWISE_BEZIER_KNOTS.);
#1368 = CARTESIAN_POINT('',(0.7,1.405,0.575));
#1369 = CARTESIAN_POINT('',(0.7,1.405,0.725));
#1370 = ORIENTED_EDGE('',*,*,#1371,.F.);
#1371 = EDGE_CURVE('',#1156,#1365,#1372,.T.);
#1372 = LINE('',#1373,#1374);
#1373 = CARTESIAN_POINT('',(0.605,1.5,0.725));
#1374 = VECTOR('',#1375,1.);
#1375 = DIRECTION('',(0.707106781187,-0.707106781187,0.));
#1376 = ORIENTED_EDGE('',*,*,#1155,.F.);
#1377 = PLANE('',#1378);
#1378 = AXIS2_PLACEMENT_3D('',#1379,#1380,#1381);
#1379 = CARTESIAN_POINT('',(0.605,1.5,0.725));
#1380 = DIRECTION('',(-0.707106781187,-0.707106781187,0.));
#1381 = DIRECTION('',(0.707106781187,-0.707106781187,0.));
#1382 = ADVANCED_FACE('',(#1383),#1465,.F.);
#1383 = FACE_BOUND('',#1384,.F.);
#1384 = EDGE_LOOP('',(#1385,#1393,#1394,#1395,#1403,#1411,#1419,#1427,
    #1435,#1443,#1451,#1459));
#1385 = ORIENTED_EDGE('',*,*,#1386,.T.);
#1386 = EDGE_CURVE('',#1387,#1163,#1389,.T.);
#1387 = VERTEX_POINT('',#1388);
#1388 = CARTESIAN_POINT('',(-0.7,1.405,0.725));
#1389 = LINE('',#1390,#1391);
#1390 = CARTESIAN_POINT('',(-0.7,1.405,0.725));
#1391 = VECTOR('',#1392,1.);
#1392 = DIRECTION('',(0.707106781187,0.707106781187,0.));
#1393 = ORIENTED_EDGE('',*,*,#1162,.T.);
#1394 = ORIENTED_EDGE('',*,*,#1371,.T.);
#1395 = ORIENTED_EDGE('',*,*,#1396,.T.);
#1396 = EDGE_CURVE('',#1365,#1397,#1399,.T.);
#1397 = VERTEX_POINT('',#1398);
#1398 = CARTESIAN_POINT('',(0.7,0.2,0.725));
#1399 = LINE('',#1400,#1401);
#1400 = CARTESIAN_POINT('',(0.7,1.405,0.725));
#1401 = VECTOR('',#1402,1.);
#1402 = DIRECTION('',(1.110223024625E-16,-1.,0.));
#1403 = ORIENTED_EDGE('',*,*,#1404,.T.);
#1404 = EDGE_CURVE('',#1397,#1405,#1407,.T.);
#1405 = VERTEX_POINT('',#1406);
#1406 = CARTESIAN_POINT('',(0.675,0.2,0.725));
#1407 = LINE('',#1408,#1409);
#1408 = CARTESIAN_POINT('',(0.7,0.2,0.725));
#1409 = VECTOR('',#1410,1.);
#1410 = DIRECTION('',(-1.,-1.110223024625E-16,0.));
#1411 = ORIENTED_EDGE('',*,*,#1412,.F.);
#1412 = EDGE_CURVE('',#1413,#1405,#1415,.T.);
#1413 = VERTEX_POINT('',#1414);
#1414 = CARTESIAN_POINT('',(0.675,1.3925,0.725));
#1415 = LINE('',#1416,#1417);
#1416 = CARTESIAN_POINT('',(0.675,1.3925,0.725));
#1417 = VECTOR('',#1418,1.);
#1418 = DIRECTION('',(1.110223024625E-16,-1.,0.));
#1419 = ORIENTED_EDGE('',*,*,#1420,.F.);
#1420 = EDGE_CURVE('',#1421,#1413,#1423,.T.);
#1421 = VERTEX_POINT('',#1422);
#1422 = CARTESIAN_POINT('',(0.5925,1.475,0.725));
#1423 = LINE('',#1424,#1425);
#1424 = CARTESIAN_POINT('',(0.5925,1.475,0.725));
#1425 = VECTOR('',#1426,1.);
#1426 = DIRECTION('',(0.707106781187,-0.707106781187,0.));
#1427 = ORIENTED_EDGE('',*,*,#1428,.F.);
#1428 = EDGE_CURVE('',#1429,#1421,#1431,.T.);
#1429 = VERTEX_POINT('',#1430);
#1430 = CARTESIAN_POINT('',(-0.5925,1.475,0.725));
#1431 = LINE('',#1432,#1433);
#1432 = CARTESIAN_POINT('',(-0.5925,1.475,0.725));
#1433 = VECTOR('',#1434,1.);
#1434 = DIRECTION('',(1.,1.110223024625E-16,0.));
#1435 = ORIENTED_EDGE('',*,*,#1436,.F.);
#1436 = EDGE_CURVE('',#1437,#1429,#1439,.T.);
#1437 = VERTEX_POINT('',#1438);
#1438 = CARTESIAN_POINT('',(-0.675,1.3925,0.725));
#1439 = LINE('',#1440,#1441);
#1440 = CARTESIAN_POINT('',(-0.675,1.3925,0.725));
#1441 = VECTOR('',#1442,1.);
#1442 = DIRECTION('',(0.707106781187,0.707106781187,0.));
#1443 = ORIENTED_EDGE('',*,*,#1444,.F.);
#1444 = EDGE_CURVE('',#1445,#1437,#1447,.T.);
#1445 = VERTEX_POINT('',#1446);
#1446 = CARTESIAN_POINT('',(-0.675,1.15,0.725));
#1447 = LINE('',#1448,#1449);
#1448 = CARTESIAN_POINT('',(-0.675,-1.3925,0.725));
#1449 = VECTOR('',#1450,1.);
#1450 = DIRECTION('',(-1.110223024625E-16,1.,0.));
#1451 = ORIENTED_EDGE('',*,*,#1452,.F.);
#1452 = EDGE_CURVE('',#1453,#1445,#1455,.T.);
#1453 = VERTEX_POINT('',#1454);
#1454 = CARTESIAN_POINT('',(-0.7,1.15,0.725));
#1455 = LINE('',#1456,#1457);
#1456 = CARTESIAN_POINT('',(-0.7,1.15,0.725));
#1457 = VECTOR('',#1458,1.);
#1458 = DIRECTION('',(1.,-1.144237745222E-17,0.));
#1459 = ORIENTED_EDGE('',*,*,#1460,.T.);
#1460 = EDGE_CURVE('',#1453,#1387,#1461,.T.);
#1461 = LINE('',#1462,#1463);
#1462 = CARTESIAN_POINT('',(-0.7,-1.405,0.725));
#1463 = VECTOR('',#1464,1.);
#1464 = DIRECTION('',(-1.110223024625E-16,1.,0.));
#1465 = PLANE('',#1466);
#1466 = AXIS2_PLACEMENT_3D('',#1467,#1468,#1469);
#1467 = CARTESIAN_POINT('',(-1.486299604971E-16,1.4875,0.725));
#1468 = DIRECTION('',(1.022886882533E-31,-6.310887241768E-27,-1.));
#1469 = DIRECTION('',(1.,1.217738924546E-16,1.022886882525E-31));
#1470 = ADVANCED_FACE('',(#1471),#1481,.F.);
#1471 = FACE_BOUND('',#1472,.F.);
#1472 = EDGE_LOOP('',(#1473,#1474,#1475,#1476));
#1473 = ORIENTED_EDGE('',*,*,#1185,.T.);
#1474 = ORIENTED_EDGE('',*,*,#1170,.T.);
#1475 = ORIENTED_EDGE('',*,*,#1386,.F.);
#1476 = ORIENTED_EDGE('',*,*,#1477,.F.);
#1477 = EDGE_CURVE('',#1186,#1387,#1478,.T.);
#1478 = B_SPLINE_CURVE_WITH_KNOTS('',1,(#1479,#1480),.UNSPECIFIED.,.F.,
  .F.,(2,2),(0.,1.),.PIECEWISE_BEZIER_KNOTS.);
#1479 = CARTESIAN_POINT('',(-0.7,1.405,0.575));
#1480 = CARTESIAN_POINT('',(-0.7,1.405,0.725));
#1481 = PLANE('',#1482);
#1482 = AXIS2_PLACEMENT_3D('',#1483,#1484,#1485);
#1483 = CARTESIAN_POINT('',(-0.7,1.405,0.725));
#1484 = DIRECTION('',(0.707106781187,-0.707106781187,0.));
#1485 = DIRECTION('',(0.707106781187,0.707106781187,0.));
#1486 = ADVANCED_FACE('',(#1487),#1511,.F.);
#1487 = FACE_BOUND('',#1488,.F.);
#1488 = EDGE_LOOP('',(#1489,#1496,#1497,#1505));
#1489 = ORIENTED_EDGE('',*,*,#1490,.F.);
#1490 = EDGE_CURVE('',#1241,#1491,#1493,.T.);
#1491 = VERTEX_POINT('',#1492);
#1492 = CARTESIAN_POINT('',(-0.7,-1.405,0.725));
#1493 = B_SPLINE_CURVE_WITH_KNOTS('',1,(#1494,#1495),.UNSPECIFIED.,.F.,
  .F.,(2,2),(0.,1.),.PIECEWISE_BEZIER_KNOTS.);
#1494 = CARTESIAN_POINT('',(-0.7,-1.405,0.575));
#1495 = CARTESIAN_POINT('',(-0.7,-1.405,0.725));
#1496 = ORIENTED_EDGE('',*,*,#1240,.T.);
#1497 = ORIENTED_EDGE('',*,*,#1498,.T.);
#1498 = EDGE_CURVE('',#1233,#1499,#1501,.T.);
#1499 = VERTEX_POINT('',#1500);
#1500 = CARTESIAN_POINT('',(-0.7,-1.15,0.725));
#1501 = LINE('',#1502,#1503);
#1502 = CARTESIAN_POINT('',(-0.7,-1.15,0.529763586955));
#1503 = VECTOR('',#1504,1.);
#1504 = DIRECTION('',(0.,0.,1.));
#1505 = ORIENTED_EDGE('',*,*,#1506,.F.);
#1506 = EDGE_CURVE('',#1491,#1499,#1507,.T.);
#1507 = LINE('',#1508,#1509);
#1508 = CARTESIAN_POINT('',(-0.7,-1.405,0.725));
#1509 = VECTOR('',#1510,1.);
#1510 = DIRECTION('',(-1.110223024625E-16,1.,0.));
#1511 = PLANE('',#1512);
#1512 = AXIS2_PLACEMENT_3D('',#1513,#1514,#1515);
#1513 = CARTESIAN_POINT('',(-0.7,-1.405,0.725));
#1514 = DIRECTION('',(1.,1.110223024625E-16,0.));
#1515 = DIRECTION('',(-1.110223024625E-16,1.,0.));
#1516 = ADVANCED_FACE('',(#1517),#1544,.F.);
#1517 = FACE_BOUND('',#1518,.F.);
#1518 = EDGE_LOOP('',(#1519,#1520,#1529,#1537));
#1519 = ORIENTED_EDGE('',*,*,#1232,.T.);
#1520 = ORIENTED_EDGE('',*,*,#1521,.T.);
#1521 = EDGE_CURVE('',#1225,#1522,#1524,.T.);
#1522 = VERTEX_POINT('',#1523);
#1523 = CARTESIAN_POINT('',(-0.798480775301,-0.75,0.492364817767));
#1524 = CIRCLE('',#1525,0.1);
#1525 = AXIS2_PLACEMENT_3D('',#1526,#1527,#1528);
#1526 = CARTESIAN_POINT('',(-0.7,-0.75,0.475));
#1527 = DIRECTION('',(-1.144237745222E-17,-1.,-5.473822126269E-48));
#1528 = DIRECTION('',(2.22044604925E-15,-2.540718180781E-32,1.));
#1529 = ORIENTED_EDGE('',*,*,#1530,.F.);
#1530 = EDGE_CURVE('',#1531,#1522,#1533,.T.);
#1531 = VERTEX_POINT('',#1532);
#1532 = CARTESIAN_POINT('',(-0.798480775301,-1.15,0.492364817767));
#1533 = LINE('',#1534,#1535);
#1534 = CARTESIAN_POINT('',(-0.798480775301,-1.15,0.492364817767));
#1535 = VECTOR('',#1536,1.);
#1536 = DIRECTION('',(1.144237745222E-17,1.,0.));
#1537 = ORIENTED_EDGE('',*,*,#1538,.F.);
#1538 = EDGE_CURVE('',#1233,#1531,#1539,.T.);
#1539 = CIRCLE('',#1540,0.1);
#1540 = AXIS2_PLACEMENT_3D('',#1541,#1542,#1543);
#1541 = CARTESIAN_POINT('',(-0.7,-1.15,0.475));
#1542 = DIRECTION('',(-1.144237745222E-17,-1.,-5.473822126269E-48));
#1543 = DIRECTION('',(2.22044604925E-15,-2.540718180781E-32,1.));
#1544 = CYLINDRICAL_SURFACE('',#1545,0.1);
#1545 = AXIS2_PLACEMENT_3D('',#1546,#1547,#1548);
#1546 = CARTESIAN_POINT('',(-0.7,-1.15,0.475));
#1547 = DIRECTION('',(-1.144237745222E-17,-1.,0.));
#1548 = DIRECTION('',(2.22044604925E-15,-2.540718180781E-32,1.));
#1549 = ADVANCED_FACE('',(#1550),#1575,.F.);
#1550 = FACE_BOUND('',#1551,.F.);
#1551 = EDGE_LOOP('',(#1552,#1560,#1561,#1569));
#1552 = ORIENTED_EDGE('',*,*,#1553,.F.);
#1553 = EDGE_CURVE('',#1225,#1554,#1556,.T.);
#1554 = VERTEX_POINT('',#1555);
#1555 = CARTESIAN_POINT('',(-0.7,-0.75,0.725));
#1556 = LINE('',#1557,#1558);
#1557 = CARTESIAN_POINT('',(-0.7,-0.75,0.529763586955));
#1558 = VECTOR('',#1559,1.);
#1559 = DIRECTION('',(0.,0.,1.));
#1560 = ORIENTED_EDGE('',*,*,#1224,.T.);
#1561 = ORIENTED_EDGE('',*,*,#1562,.T.);
#1562 = EDGE_CURVE('',#1217,#1563,#1565,.T.);
#1563 = VERTEX_POINT('',#1564);
#1564 = CARTESIAN_POINT('',(-0.7,0.75,0.725));
#1565 = LINE('',#1566,#1567);
#1566 = CARTESIAN_POINT('',(-0.7,0.75,0.529763586955));
#1567 = VECTOR('',#1568,1.);
#1568 = DIRECTION('',(0.,0.,1.));
#1569 = ORIENTED_EDGE('',*,*,#1570,.F.);
#1570 = EDGE_CURVE('',#1554,#1563,#1571,.T.);
#1571 = LINE('',#1572,#1573);
#1572 = CARTESIAN_POINT('',(-0.7,-1.405,0.725));
#1573 = VECTOR('',#1574,1.);
#1574 = DIRECTION('',(-1.110223024625E-16,1.,0.));
#1575 = PLANE('',#1576);
#1576 = AXIS2_PLACEMENT_3D('',#1577,#1578,#1579);
#1577 = CARTESIAN_POINT('',(-0.7,-1.405,0.725));
#1578 = DIRECTION('',(1.,1.110223024625E-16,0.));
#1579 = DIRECTION('',(-1.110223024625E-16,1.,0.));
#1580 = ADVANCED_FACE('',(#1581),#1608,.F.);
#1581 = FACE_BOUND('',#1582,.F.);
#1582 = EDGE_LOOP('',(#1583,#1584,#1593,#1601));
#1583 = ORIENTED_EDGE('',*,*,#1216,.T.);
#1584 = ORIENTED_EDGE('',*,*,#1585,.T.);
#1585 = EDGE_CURVE('',#1209,#1586,#1588,.T.);
#1586 = VERTEX_POINT('',#1587);
#1587 = CARTESIAN_POINT('',(-0.798480775301,1.15,0.492364817767));
#1588 = CIRCLE('',#1589,0.1);
#1589 = AXIS2_PLACEMENT_3D('',#1590,#1591,#1592);
#1590 = CARTESIAN_POINT('',(-0.7,1.15,0.475));
#1591 = DIRECTION('',(-1.144237745222E-17,-1.,-5.473822126269E-48));
#1592 = DIRECTION('',(2.22044604925E-15,-2.540718180781E-32,1.));
#1593 = ORIENTED_EDGE('',*,*,#1594,.F.);
#1594 = EDGE_CURVE('',#1595,#1586,#1597,.T.);
#1595 = VERTEX_POINT('',#1596);
#1596 = CARTESIAN_POINT('',(-0.798480775301,0.75,0.492364817767));
#1597 = LINE('',#1598,#1599);
#1598 = CARTESIAN_POINT('',(-0.798480775301,0.75,0.492364817767));
#1599 = VECTOR('',#1600,1.);
#1600 = DIRECTION('',(1.144237745222E-17,1.,0.));
#1601 = ORIENTED_EDGE('',*,*,#1602,.F.);
#1602 = EDGE_CURVE('',#1217,#1595,#1603,.T.);
#1603 = CIRCLE('',#1604,0.1);
#1604 = AXIS2_PLACEMENT_3D('',#1605,#1606,#1607);
#1605 = CARTESIAN_POINT('',(-0.7,0.75,0.475));
#1606 = DIRECTION('',(-1.144237745222E-17,-1.,-5.473822126269E-48));
#1607 = DIRECTION('',(2.22044604925E-15,-2.540718180781E-32,1.));
#1608 = CYLINDRICAL_SURFACE('',#1609,0.1);
#1609 = AXIS2_PLACEMENT_3D('',#1610,#1611,#1612);
#1610 = CARTESIAN_POINT('',(-0.7,0.75,0.475));
#1611 = DIRECTION('',(-1.144237745222E-17,-1.,0.));
#1612 = DIRECTION('',(2.22044604925E-15,-2.540718180781E-32,1.));
#1613 = ADVANCED_FACE('',(#1614),#1625,.F.);
#1614 = FACE_BOUND('',#1615,.F.);
#1615 = EDGE_LOOP('',(#1616,#1622,#1623,#1624));
#1616 = ORIENTED_EDGE('',*,*,#1617,.F.);
#1617 = EDGE_CURVE('',#1209,#1453,#1618,.T.);
#1618 = LINE('',#1619,#1620);
#1619 = CARTESIAN_POINT('',(-0.7,1.15,0.529763586955));
#1620 = VECTOR('',#1621,1.);
#1621 = DIRECTION('',(0.,0.,1.));
#1622 = ORIENTED_EDGE('',*,*,#1208,.T.);
#1623 = ORIENTED_EDGE('',*,*,#1477,.T.);
#1624 = ORIENTED_EDGE('',*,*,#1460,.F.);
#1625 = PLANE('',#1626);
#1626 = AXIS2_PLACEMENT_3D('',#1627,#1628,#1629);
#1627 = CARTESIAN_POINT('',(-0.7,-1.405,0.725));
#1628 = DIRECTION('',(1.,1.110223024625E-16,0.));
#1629 = DIRECTION('',(-1.110223024625E-16,1.,0.));
#1630 = ADVANCED_FACE('',(#1631),#1642,.F.);
#1631 = FACE_BOUND('',#1632,.F.);
#1632 = EDGE_LOOP('',(#1633,#1634,#1635,#1641));
#1633 = ORIENTED_EDGE('',*,*,#1364,.F.);
#1634 = ORIENTED_EDGE('',*,*,#1285,.T.);
#1635 = ORIENTED_EDGE('',*,*,#1636,.T.);
#1636 = EDGE_CURVE('',#1278,#1397,#1637,.T.);
#1637 = LINE('',#1638,#1639);
#1638 = CARTESIAN_POINT('',(0.7,0.2,0.529763586955));
#1639 = VECTOR('',#1640,1.);
#1640 = DIRECTION('',(0.,0.,1.));
#1641 = ORIENTED_EDGE('',*,*,#1396,.F.);
#1642 = PLANE('',#1643);
#1643 = AXIS2_PLACEMENT_3D('',#1644,#1645,#1646);
#1644 = CARTESIAN_POINT('',(0.7,1.405,0.725));
#1645 = DIRECTION('',(-1.,-1.110223024625E-16,0.));
#1646 = DIRECTION('',(1.110223024625E-16,-1.,0.));
#1647 = ADVANCED_FACE('',(#1648),#1675,.F.);
#1648 = FACE_BOUND('',#1649,.F.);
#1649 = EDGE_LOOP('',(#1650,#1651,#1660,#1668));
#1650 = ORIENTED_EDGE('',*,*,#1277,.T.);
#1651 = ORIENTED_EDGE('',*,*,#1652,.T.);
#1652 = EDGE_CURVE('',#1270,#1653,#1655,.T.);
#1653 = VERTEX_POINT('',#1654);
#1654 = CARTESIAN_POINT('',(0.798480775301,-0.2,0.492364817767));
#1655 = CIRCLE('',#1656,0.1);
#1656 = AXIS2_PLACEMENT_3D('',#1657,#1658,#1659);
#1657 = CARTESIAN_POINT('',(0.7,-0.2,0.475));
#1658 = DIRECTION('',(-1.110223024625E-16,1.,0.));
#1659 = DIRECTION('',(-2.22044604925E-15,-2.465190328815E-31,1.));
#1660 = ORIENTED_EDGE('',*,*,#1661,.F.);
#1661 = EDGE_CURVE('',#1662,#1653,#1664,.T.);
#1662 = VERTEX_POINT('',#1663);
#1663 = CARTESIAN_POINT('',(0.798480775301,0.2,0.492364817767));
#1664 = LINE('',#1665,#1666);
#1665 = CARTESIAN_POINT('',(0.798480775301,0.2,0.492364817767));
#1666 = VECTOR('',#1667,1.);
#1667 = DIRECTION('',(1.110223024625E-16,-1.,0.));
#1668 = ORIENTED_EDGE('',*,*,#1669,.F.);
#1669 = EDGE_CURVE('',#1278,#1662,#1670,.T.);
#1670 = CIRCLE('',#1671,0.1);
#1671 = AXIS2_PLACEMENT_3D('',#1672,#1673,#1674);
#1672 = CARTESIAN_POINT('',(0.7,0.2,0.475));
#1673 = DIRECTION('',(-1.110223024625E-16,1.,0.));
#1674 = DIRECTION('',(-2.22044604925E-15,-2.465190328815E-31,1.));
#1675 = CYLINDRICAL_SURFACE('',#1676,0.1);
#1676 = AXIS2_PLACEMENT_3D('',#1677,#1678,#1679);
#1677 = CARTESIAN_POINT('',(0.7,0.2,0.475));
#1678 = DIRECTION('',(-1.110223024625E-16,1.,0.));
#1679 = DIRECTION('',(-2.22044604925E-15,-2.465190328815E-31,1.));
#1680 = ADVANCED_FACE('',(#1681),#1705,.F.);
#1681 = FACE_BOUND('',#1682,.F.);
#1682 = EDGE_LOOP('',(#1683,#1691,#1692,#1699));
#1683 = ORIENTED_EDGE('',*,*,#1684,.F.);
#1684 = EDGE_CURVE('',#1270,#1685,#1687,.T.);
#1685 = VERTEX_POINT('',#1686);
#1686 = CARTESIAN_POINT('',(0.7,-0.2,0.725));
#1687 = LINE('',#1688,#1689);
#1688 = CARTESIAN_POINT('',(0.7,-0.2,0.529763586955));
#1689 = VECTOR('',#1690,1.);
#1690 = DIRECTION('',(0.,0.,1.));
#1691 = ORIENTED_EDGE('',*,*,#1269,.T.);
#1692 = ORIENTED_EDGE('',*,*,#1693,.T.);
#1693 = EDGE_CURVE('',#1263,#1694,#1696,.T.);
#1694 = VERTEX_POINT('',#1695);
#1695 = CARTESIAN_POINT('',(0.7,-1.405,0.725));
#1696 = B_SPLINE_CURVE_WITH_KNOTS('',1,(#1697,#1698),.UNSPECIFIED.,.F.,
  .F.,(2,2),(0.,1.),.PIECEWISE_BEZIER_KNOTS.);
#1697 = CARTESIAN_POINT('',(0.7,-1.405,0.575));
#1698 = CARTESIAN_POINT('',(0.7,-1.405,0.725));
#1699 = ORIENTED_EDGE('',*,*,#1700,.F.);
#1700 = EDGE_CURVE('',#1685,#1694,#1701,.T.);
#1701 = LINE('',#1702,#1703);
#1702 = CARTESIAN_POINT('',(0.7,1.405,0.725));
#1703 = VECTOR('',#1704,1.);
#1704 = DIRECTION('',(1.110223024625E-16,-1.,0.));
#1705 = PLANE('',#1706);
#1706 = AXIS2_PLACEMENT_3D('',#1707,#1708,#1709);
#1707 = CARTESIAN_POINT('',(0.7,1.405,0.725));
#1708 = DIRECTION('',(-1.,-1.110223024625E-16,0.));
#1709 = DIRECTION('',(1.110223024625E-16,-1.,0.));
#1710 = ADVANCED_FACE('',(#1711),#1728,.F.);
#1711 = FACE_BOUND('',#1712,.F.);
#1712 = EDGE_LOOP('',(#1713,#1714,#1715,#1723));
#1713 = ORIENTED_EDGE('',*,*,#1302,.T.);
#1714 = ORIENTED_EDGE('',*,*,#1490,.T.);
#1715 = ORIENTED_EDGE('',*,*,#1716,.F.);
#1716 = EDGE_CURVE('',#1717,#1491,#1719,.T.);
#1717 = VERTEX_POINT('',#1718);
#1718 = CARTESIAN_POINT('',(-0.605,-1.5,0.725));
#1719 = LINE('',#1720,#1721);
#1720 = CARTESIAN_POINT('',(-0.605,-1.5,0.725));
#1721 = VECTOR('',#1722,1.);
#1722 = DIRECTION('',(-0.707106781187,0.707106781187,0.));
#1723 = ORIENTED_EDGE('',*,*,#1724,.F.);
#1724 = EDGE_CURVE('',#1303,#1717,#1725,.T.);
#1725 = B_SPLINE_CURVE_WITH_KNOTS('',1,(#1726,#1727),.UNSPECIFIED.,.F.,
  .F.,(2,2),(0.,1.),.PIECEWISE_BEZIER_KNOTS.);
#1726 = CARTESIAN_POINT('',(-0.605,-1.5,0.575));
#1727 = CARTESIAN_POINT('',(-0.605,-1.5,0.725));
#1728 = PLANE('',#1729);
#1729 = AXIS2_PLACEMENT_3D('',#1730,#1731,#1732);
#1730 = CARTESIAN_POINT('',(-0.605,-1.5,0.725));
#1731 = DIRECTION('',(0.707106781187,0.707106781187,0.));
#1732 = DIRECTION('',(-0.707106781187,0.707106781187,0.));
#1733 = ADVANCED_FACE('',(#1734),#1751,.F.);
#1734 = FACE_BOUND('',#1735,.F.);
#1735 = EDGE_LOOP('',(#1736,#1737,#1744,#1750));
#1736 = ORIENTED_EDGE('',*,*,#1331,.T.);
#1737 = ORIENTED_EDGE('',*,*,#1738,.T.);
#1738 = EDGE_CURVE('',#1325,#1739,#1741,.T.);
#1739 = VERTEX_POINT('',#1740);
#1740 = CARTESIAN_POINT('',(0.605,-1.5,0.725));
#1741 = B_SPLINE_CURVE_WITH_KNOTS('',1,(#1742,#1743),.UNSPECIFIED.,.F.,
  .F.,(2,2),(0.,1.),.PIECEWISE_BEZIER_KNOTS.);
#1742 = CARTESIAN_POINT('',(0.605,-1.5,0.575));
#1743 = CARTESIAN_POINT('',(0.605,-1.5,0.725));
#1744 = ORIENTED_EDGE('',*,*,#1745,.F.);
#1745 = EDGE_CURVE('',#1694,#1739,#1746,.T.);
#1746 = LINE('',#1747,#1748);
#1747 = CARTESIAN_POINT('',(0.7,-1.405,0.725));
#1748 = VECTOR('',#1749,1.);
#1749 = DIRECTION('',(-0.707106781187,-0.707106781187,0.));
#1750 = ORIENTED_EDGE('',*,*,#1693,.F.);
#1751 = PLANE('',#1752);
#1752 = AXIS2_PLACEMENT_3D('',#1753,#1754,#1755);
#1753 = CARTESIAN_POINT('',(0.7,-1.405,0.725));
#1754 = DIRECTION('',(-0.707106781187,0.707106781187,0.));
#1755 = DIRECTION('',(-0.707106781187,-0.707106781187,0.));
#1756 = ADVANCED_FACE('',(#1757),#1768,.F.);
#1757 = FACE_BOUND('',#1758,.F.);
#1758 = EDGE_LOOP('',(#1759,#1760,#1761,#1767));
#1759 = ORIENTED_EDGE('',*,*,#1348,.T.);
#1760 = ORIENTED_EDGE('',*,*,#1724,.T.);
#1761 = ORIENTED_EDGE('',*,*,#1762,.F.);
#1762 = EDGE_CURVE('',#1739,#1717,#1763,.T.);
#1763 = LINE('',#1764,#1765);
#1764 = CARTESIAN_POINT('',(0.605,-1.5,0.725));
#1765 = VECTOR('',#1766,1.);
#1766 = DIRECTION('',(-1.,-1.110223024625E-16,0.));
#1767 = ORIENTED_EDGE('',*,*,#1738,.F.);
#1768 = PLANE('',#1769);
#1769 = AXIS2_PLACEMENT_3D('',#1770,#1771,#1772);
#1770 = CARTESIAN_POINT('',(0.605,-1.5,0.725));
#1771 = DIRECTION('',(-1.110223024625E-16,1.,0.));
#1772 = DIRECTION('',(-1.,-1.110223024625E-16,0.));
#1773 = ADVANCED_FACE('',(#1774),#1797,.F.);
#1774 = FACE_BOUND('',#1775,.F.);
#1775 = EDGE_LOOP('',(#1776,#1784,#1790,#1791));
#1776 = ORIENTED_EDGE('',*,*,#1777,.F.);
#1777 = EDGE_CURVE('',#1563,#1778,#1780,.T.);
#1778 = VERTEX_POINT('',#1779);
#1779 = CARTESIAN_POINT('',(-0.675,0.75,0.725));
#1780 = LINE('',#1781,#1782);
#1781 = CARTESIAN_POINT('',(-0.7,0.75,0.725));
#1782 = VECTOR('',#1783,1.);
#1783 = DIRECTION('',(1.,-1.144237745222E-17,0.));
#1784 = ORIENTED_EDGE('',*,*,#1785,.T.);
#1785 = EDGE_CURVE('',#1563,#1453,#1786,.T.);
#1786 = LINE('',#1787,#1788);
#1787 = CARTESIAN_POINT('',(-0.7,0.75,0.725));
#1788 = VECTOR('',#1789,1.);
#1789 = DIRECTION('',(1.144237745222E-17,1.,0.));
#1790 = ORIENTED_EDGE('',*,*,#1452,.T.);
#1791 = ORIENTED_EDGE('',*,*,#1792,.F.);
#1792 = EDGE_CURVE('',#1778,#1445,#1793,.T.);
#1793 = LINE('',#1794,#1795);
#1794 = CARTESIAN_POINT('',(-0.675,-1.3925,0.725));
#1795 = VECTOR('',#1796,1.);
#1796 = DIRECTION('',(-1.110223024625E-16,1.,0.));
#1797 = PLANE('',#1798);
#1798 = AXIS2_PLACEMENT_3D('',#1799,#1800,#1801);
#1799 = CARTESIAN_POINT('',(-0.7,0.75,0.725));
#1800 = DIRECTION('',(0.,0.,-1.));
#1801 = DIRECTION('',(1.,-1.144237745222E-17,0.));
#1802 = ADVANCED_FACE('',(#1803),#1851,.F.);
#1803 = FACE_BOUND('',#1804,.F.);
#1804 = EDGE_LOOP('',(#1805,#1815,#1823,#1829,#1830,#1831,#1838,#1846));
#1805 = ORIENTED_EDGE('',*,*,#1806,.T.);
#1806 = EDGE_CURVE('',#1807,#1809,#1811,.T.);
#1807 = VERTEX_POINT('',#1808);
#1808 = CARTESIAN_POINT('',(-0.675,-1.3925,0.725));
#1809 = VERTEX_POINT('',#1810);
#1810 = CARTESIAN_POINT('',(-0.675,-1.15,0.725));
#1811 = LINE('',#1812,#1813);
#1812 = CARTESIAN_POINT('',(-0.675,-1.3925,0.725));
#1813 = VECTOR('',#1814,1.);
#1814 = DIRECTION('',(-1.110223024625E-16,1.,0.));
#1815 = ORIENTED_EDGE('',*,*,#1816,.T.);
#1816 = EDGE_CURVE('',#1809,#1817,#1819,.T.);
#1817 = VERTEX_POINT('',#1818);
#1818 = CARTESIAN_POINT('',(-0.675,-0.75,0.725));
#1819 = LINE('',#1820,#1821);
#1820 = CARTESIAN_POINT('',(-0.675,-1.3925,0.725));
#1821 = VECTOR('',#1822,1.);
#1822 = DIRECTION('',(-1.110223024625E-16,1.,0.));
#1823 = ORIENTED_EDGE('',*,*,#1824,.T.);
#1824 = EDGE_CURVE('',#1817,#1778,#1825,.T.);
#1825 = LINE('',#1826,#1827);
#1826 = CARTESIAN_POINT('',(-0.675,-1.3925,0.725));
#1827 = VECTOR('',#1828,1.);
#1828 = DIRECTION('',(-1.110223024625E-16,1.,0.));
#1829 = ORIENTED_EDGE('',*,*,#1792,.T.);
#1830 = ORIENTED_EDGE('',*,*,#1444,.T.);
#1831 = ORIENTED_EDGE('',*,*,#1832,.T.);
#1832 = EDGE_CURVE('',#1437,#1833,#1835,.T.);
#1833 = VERTEX_POINT('',#1834);
#1834 = CARTESIAN_POINT('',(-0.608243103516,1.359121551758,1.2));
#1835 = B_SPLINE_CURVE_WITH_KNOTS('',1,(#1836,#1837),.UNSPECIFIED.,.F.,
  .F.,(2,2),(0.,1.),.PIECEWISE_BEZIER_KNOTS.);
#1836 = CARTESIAN_POINT('',(-0.675,1.3925,0.725));
#1837 = CARTESIAN_POINT('',(-0.608243103516,1.359121551758,1.2));
#1838 = ORIENTED_EDGE('',*,*,#1839,.F.);
#1839 = EDGE_CURVE('',#1840,#1833,#1842,.T.);
#1840 = VERTEX_POINT('',#1841);
#1841 = CARTESIAN_POINT('',(-0.608243103516,-1.359121551758,1.2));
#1842 = LINE('',#1843,#1844);
#1843 = CARTESIAN_POINT('',(-0.608243103516,-1.359121551758,1.2));
#1844 = VECTOR('',#1845,1.);
#1845 = DIRECTION('',(-1.110223024625E-16,1.,0.));
#1846 = ORIENTED_EDGE('',*,*,#1847,.F.);
#1847 = EDGE_CURVE('',#1807,#1840,#1848,.T.);
#1848 = B_SPLINE_CURVE_WITH_KNOTS('',1,(#1849,#1850),.UNSPECIFIED.,.F.,
  .F.,(2,2),(0.,1.),.PIECEWISE_BEZIER_KNOTS.);
#1849 = CARTESIAN_POINT('',(-0.675,-1.3925,0.725));
#1850 = CARTESIAN_POINT('',(-0.608243103516,-1.359121551758,1.2));
#1851 = B_SPLINE_SURFACE_WITH_KNOTS('',1,1,(
    (#1852,#1853)
    ,(#1854,#1855
    )),.UNSPECIFIED.,.F.,.F.,.F.,(2,2),(2,2),(0.,2.785),(0.,1.),
  .PIECEWISE_BEZIER_KNOTS.);
#1852 = CARTESIAN_POINT('',(-0.675,-1.3925,0.725));
#1853 = CARTESIAN_POINT('',(-0.608243103516,-1.359121551758,1.2));
#1854 = CARTESIAN_POINT('',(-0.675,1.3925,0.725));
#1855 = CARTESIAN_POINT('',(-0.608243103516,1.359121551758,1.2));
#1856 = ADVANCED_FACE('',(#1857),#1874,.F.);
#1857 = FACE_BOUND('',#1858,.F.);
#1858 = EDGE_LOOP('',(#1859,#1860,#1867,#1873));
#1859 = ORIENTED_EDGE('',*,*,#1436,.T.);
#1860 = ORIENTED_EDGE('',*,*,#1861,.T.);
#1861 = EDGE_CURVE('',#1429,#1862,#1864,.T.);
#1862 = VERTEX_POINT('',#1863);
#1863 = CARTESIAN_POINT('',(-0.559121551758,1.408243103516,1.2));
#1864 = B_SPLINE_CURVE_WITH_KNOTS('',1,(#1865,#1866),.UNSPECIFIED.,.F.,
  .F.,(2,2),(0.,1.),.PIECEWISE_BEZIER_KNOTS.);
#1865 = CARTESIAN_POINT('',(-0.5925,1.475,0.725));
#1866 = CARTESIAN_POINT('',(-0.559121551758,1.408243103516,1.2));
#1867 = ORIENTED_EDGE('',*,*,#1868,.F.);
#1868 = EDGE_CURVE('',#1833,#1862,#1869,.T.);
#1869 = LINE('',#1870,#1871);
#1870 = CARTESIAN_POINT('',(-0.608243103516,1.359121551758,1.2));
#1871 = VECTOR('',#1872,1.);
#1872 = DIRECTION('',(0.707106781187,0.707106781187,0.));
#1873 = ORIENTED_EDGE('',*,*,#1832,.F.);
#1874 = B_SPLINE_SURFACE_WITH_KNOTS('',1,1,(
    (#1875,#1876)
    ,(#1877,#1878
    )),.UNSPECIFIED.,.F.,.F.,.F.,(2,2),(2,2),(0.,0.116672618896),(0.,1.)
  ,.PIECEWISE_BEZIER_KNOTS.);
#1875 = CARTESIAN_POINT('',(-0.675,1.3925,0.725));
#1876 = CARTESIAN_POINT('',(-0.608243103516,1.359121551758,1.2));
#1877 = CARTESIAN_POINT('',(-0.5925,1.475,0.725));
#1878 = CARTESIAN_POINT('',(-0.559121551758,1.408243103516,1.2));
#1879 = ADVANCED_FACE('',(#1880),#1897,.F.);
#1880 = FACE_BOUND('',#1881,.F.);
#1881 = EDGE_LOOP('',(#1882,#1883,#1890,#1896));
#1882 = ORIENTED_EDGE('',*,*,#1428,.T.);
#1883 = ORIENTED_EDGE('',*,*,#1884,.T.);
#1884 = EDGE_CURVE('',#1421,#1885,#1887,.T.);
#1885 = VERTEX_POINT('',#1886);
#1886 = CARTESIAN_POINT('',(0.559121551758,1.408243103516,1.2));
#1887 = B_SPLINE_CURVE_WITH_KNOTS('',1,(#1888,#1889),.UNSPECIFIED.,.F.,
  .F.,(2,2),(0.,1.),.PIECEWISE_BEZIER_KNOTS.);
#1888 = CARTESIAN_POINT('',(0.5925,1.475,0.725));
#1889 = CARTESIAN_POINT('',(0.559121551758,1.408243103516,1.2));
#1890 = ORIENTED_EDGE('',*,*,#1891,.F.);
#1891 = EDGE_CURVE('',#1862,#1885,#1892,.T.);
#1892 = LINE('',#1893,#1894);
#1893 = CARTESIAN_POINT('',(-0.559121551758,1.408243103516,1.2));
#1894 = VECTOR('',#1895,1.);
#1895 = DIRECTION('',(1.,1.110223024625E-16,0.));
#1896 = ORIENTED_EDGE('',*,*,#1861,.F.);
#1897 = B_SPLINE_SURFACE_WITH_KNOTS('',1,1,(
    (#1898,#1899)
    ,(#1900,#1901
    )),.UNSPECIFIED.,.F.,.F.,.F.,(2,2),(2,2),(0.,1.185),(0.,1.),
  .PIECEWISE_BEZIER_KNOTS.);
#1898 = CARTESIAN_POINT('',(-0.5925,1.475,0.725));
#1899 = CARTESIAN_POINT('',(-0.559121551758,1.408243103516,1.2));
#1900 = CARTESIAN_POINT('',(0.5925,1.475,0.725));
#1901 = CARTESIAN_POINT('',(0.559121551758,1.408243103516,1.2));
#1902 = ADVANCED_FACE('',(#1903),#1920,.F.);
#1903 = FACE_BOUND('',#1904,.F.);
#1904 = EDGE_LOOP('',(#1905,#1906,#1913,#1919));
#1905 = ORIENTED_EDGE('',*,*,#1420,.T.);
#1906 = ORIENTED_EDGE('',*,*,#1907,.T.);
#1907 = EDGE_CURVE('',#1413,#1908,#1910,.T.);
#1908 = VERTEX_POINT('',#1909);
#1909 = CARTESIAN_POINT('',(0.608243103516,1.359121551758,1.2));
#1910 = B_SPLINE_CURVE_WITH_KNOTS('',1,(#1911,#1912),.UNSPECIFIED.,.F.,
  .F.,(2,2),(0.,1.),.PIECEWISE_BEZIER_KNOTS.);
#1911 = CARTESIAN_POINT('',(0.675,1.3925,0.725));
#1912 = CARTESIAN_POINT('',(0.608243103516,1.359121551758,1.2));
#1913 = ORIENTED_EDGE('',*,*,#1914,.F.);
#1914 = EDGE_CURVE('',#1885,#1908,#1915,.T.);
#1915 = LINE('',#1916,#1917);
#1916 = CARTESIAN_POINT('',(0.559121551758,1.408243103516,1.2));
#1917 = VECTOR('',#1918,1.);
#1918 = DIRECTION('',(0.707106781187,-0.707106781187,0.));
#1919 = ORIENTED_EDGE('',*,*,#1884,.F.);
#1920 = B_SPLINE_SURFACE_WITH_KNOTS('',1,1,(
    (#1921,#1922)
    ,(#1923,#1924
    )),.UNSPECIFIED.,.F.,.F.,.F.,(2,2),(2,2),(0.,0.116672618896),(0.,1.)
  ,.PIECEWISE_BEZIER_KNOTS.);
#1921 = CARTESIAN_POINT('',(0.5925,1.475,0.725));
#1922 = CARTESIAN_POINT('',(0.559121551758,1.408243103516,1.2));
#1923 = CARTESIAN_POINT('',(0.675,1.3925,0.725));
#1924 = CARTESIAN_POINT('',(0.608243103516,1.359121551758,1.2));
#1925 = ADVANCED_FACE('',(#1926),#1959,.F.);
#1926 = FACE_BOUND('',#1927,.F.);
#1927 = EDGE_LOOP('',(#1928,#1929,#1937,#1945,#1952,#1958));
#1928 = ORIENTED_EDGE('',*,*,#1412,.T.);
#1929 = ORIENTED_EDGE('',*,*,#1930,.T.);
#1930 = EDGE_CURVE('',#1405,#1931,#1933,.T.);
#1931 = VERTEX_POINT('',#1932);
#1932 = CARTESIAN_POINT('',(0.675,-0.2,0.725));
#1933 = LINE('',#1934,#1935);
#1934 = CARTESIAN_POINT('',(0.675,1.3925,0.725));
#1935 = VECTOR('',#1936,1.);
#1936 = DIRECTION('',(1.110223024625E-16,-1.,0.));
#1937 = ORIENTED_EDGE('',*,*,#1938,.T.);
#1938 = EDGE_CURVE('',#1931,#1939,#1941,.T.);
#1939 = VERTEX_POINT('',#1940);
#1940 = CARTESIAN_POINT('',(0.675,-1.3925,0.725));
#1941 = LINE('',#1942,#1943);
#1942 = CARTESIAN_POINT('',(0.675,1.3925,0.725));
#1943 = VECTOR('',#1944,1.);
#1944 = DIRECTION('',(1.110223024625E-16,-1.,0.));
#1945 = ORIENTED_EDGE('',*,*,#1946,.T.);
#1946 = EDGE_CURVE('',#1939,#1947,#1949,.T.);
#1947 = VERTEX_POINT('',#1948);
#1948 = CARTESIAN_POINT('',(0.608243103516,-1.359121551758,1.2));
#1949 = B_SPLINE_CURVE_WITH_KNOTS('',1,(#1950,#1951),.UNSPECIFIED.,.F.,
  .F.,(2,2),(0.,1.),.PIECEWISE_BEZIER_KNOTS.);
#1950 = CARTESIAN_POINT('',(0.675,-1.3925,0.725));
#1951 = CARTESIAN_POINT('',(0.608243103516,-1.359121551758,1.2));
#1952 = ORIENTED_EDGE('',*,*,#1953,.F.);
#1953 = EDGE_CURVE('',#1908,#1947,#1954,.T.);
#1954 = LINE('',#1955,#1956);
#1955 = CARTESIAN_POINT('',(0.608243103516,1.359121551758,1.2));
#1956 = VECTOR('',#1957,1.);
#1957 = DIRECTION('',(1.110223024625E-16,-1.,0.));
#1958 = ORIENTED_EDGE('',*,*,#1907,.F.);
#1959 = B_SPLINE_SURFACE_WITH_KNOTS('',1,1,(
    (#1960,#1961)
    ,(#1962,#1963
    )),.UNSPECIFIED.,.F.,.F.,.F.,(2,2),(2,2),(0.,2.785),(0.,1.),
  .PIECEWISE_BEZIER_KNOTS.);
#1960 = CARTESIAN_POINT('',(0.675,1.3925,0.725));
#1961 = CARTESIAN_POINT('',(0.608243103516,1.359121551758,1.2));
#1962 = CARTESIAN_POINT('',(0.675,-1.3925,0.725));
#1963 = CARTESIAN_POINT('',(0.608243103516,-1.359121551758,1.2));
#1964 = ADVANCED_FACE('',(#1965),#1981,.F.);
#1965 = FACE_BOUND('',#1966,.F.);
#1966 = EDGE_LOOP('',(#1967,#1968,#1974,#1980));
#1967 = ORIENTED_EDGE('',*,*,#1404,.F.);
#1968 = ORIENTED_EDGE('',*,*,#1969,.T.);
#1969 = EDGE_CURVE('',#1397,#1685,#1970,.T.);
#1970 = LINE('',#1971,#1972);
#1971 = CARTESIAN_POINT('',(0.7,0.2,0.725));
#1972 = VECTOR('',#1973,1.);
#1973 = DIRECTION('',(1.110223024625E-16,-1.,0.));
#1974 = ORIENTED_EDGE('',*,*,#1975,.T.);
#1975 = EDGE_CURVE('',#1685,#1931,#1976,.T.);
#1976 = LINE('',#1977,#1978);
#1977 = CARTESIAN_POINT('',(0.7,-0.2,0.725));
#1978 = VECTOR('',#1979,1.);
#1979 = DIRECTION('',(-1.,-1.110223024625E-16,0.));
#1980 = ORIENTED_EDGE('',*,*,#1930,.F.);
#1981 = PLANE('',#1982);
#1982 = AXIS2_PLACEMENT_3D('',#1983,#1984,#1985);
#1983 = CARTESIAN_POINT('',(0.7,0.2,0.725));
#1984 = DIRECTION('',(0.,0.,-1.));
#1985 = DIRECTION('',(-1.,-1.110223024625E-16,-0.));
#1986 = ADVANCED_FACE('',(#1987),#2025,.F.);
#1987 = FACE_BOUND('',#1988,.F.);
#1988 = EDGE_LOOP('',(#1989,#1990,#1991,#1992,#1993,#1994,#1995,#2001,
    #2002,#2010,#2018,#2024));
#1989 = ORIENTED_EDGE('',*,*,#1975,.F.);
#1990 = ORIENTED_EDGE('',*,*,#1700,.T.);
#1991 = ORIENTED_EDGE('',*,*,#1745,.T.);
#1992 = ORIENTED_EDGE('',*,*,#1762,.T.);
#1993 = ORIENTED_EDGE('',*,*,#1716,.T.);
#1994 = ORIENTED_EDGE('',*,*,#1506,.T.);
#1995 = ORIENTED_EDGE('',*,*,#1996,.T.);
#1996 = EDGE_CURVE('',#1499,#1809,#1997,.T.);
#1997 = LINE('',#1998,#1999);
#1998 = CARTESIAN_POINT('',(-0.7,-1.15,0.725));
#1999 = VECTOR('',#2000,1.);
#2000 = DIRECTION('',(1.,-1.144237745222E-17,0.));
#2001 = ORIENTED_EDGE('',*,*,#1806,.F.);
#2002 = ORIENTED_EDGE('',*,*,#2003,.F.);
#2003 = EDGE_CURVE('',#2004,#1807,#2006,.T.);
#2004 = VERTEX_POINT('',#2005);
#2005 = CARTESIAN_POINT('',(-0.5925,-1.475,0.725));
#2006 = LINE('',#2007,#2008);
#2007 = CARTESIAN_POINT('',(-0.5925,-1.475,0.725));
#2008 = VECTOR('',#2009,1.);
#2009 = DIRECTION('',(-0.707106781187,0.707106781187,0.));
#2010 = ORIENTED_EDGE('',*,*,#2011,.F.);
#2011 = EDGE_CURVE('',#2012,#2004,#2014,.T.);
#2012 = VERTEX_POINT('',#2013);
#2013 = CARTESIAN_POINT('',(0.5925,-1.475,0.725));
#2014 = LINE('',#2015,#2016);
#2015 = CARTESIAN_POINT('',(0.5925,-1.475,0.725));
#2016 = VECTOR('',#2017,1.);
#2017 = DIRECTION('',(-1.,-1.110223024625E-16,0.));
#2018 = ORIENTED_EDGE('',*,*,#2019,.F.);
#2019 = EDGE_CURVE('',#1939,#2012,#2020,.T.);
#2020 = LINE('',#2021,#2022);
#2021 = CARTESIAN_POINT('',(0.675,-1.3925,0.725));
#2022 = VECTOR('',#2023,1.);
#2023 = DIRECTION('',(-0.707106781187,-0.707106781187,0.));
#2024 = ORIENTED_EDGE('',*,*,#1938,.F.);
#2025 = PLANE('',#2026);
#2026 = AXIS2_PLACEMENT_3D('',#2027,#2028,#2029);
#2027 = CARTESIAN_POINT('',(-1.486299604971E-16,1.4875,0.725));
#2028 = DIRECTION('',(1.022886882533E-31,-6.310887241768E-27,-1.));
#2029 = DIRECTION('',(1.,1.217738924546E-16,1.022886882525E-31));
#2030 = ADVANCED_FACE('',(#2031),#2100,.F.);
#2031 = FACE_BOUND('',#2032,.F.);
#2032 = EDGE_LOOP('',(#2033,#2034,#2035,#2043,#2052,#2060,#2068,#2076,
    #2085,#2093));
#2033 = ORIENTED_EDGE('',*,*,#1498,.F.);
#2034 = ORIENTED_EDGE('',*,*,#1538,.T.);
#2035 = ORIENTED_EDGE('',*,*,#2036,.T.);
#2036 = EDGE_CURVE('',#1531,#2037,#2039,.T.);
#2037 = VERTEX_POINT('',#2038);
#2038 = CARTESIAN_POINT('',(-0.843471632406,-1.15,0.206587955583));
#2039 = LINE('',#2040,#2041);
#2040 = CARTESIAN_POINT('',(-0.798480775301,-1.15,0.492364817767));
#2041 = VECTOR('',#2042,1.);
#2042 = DIRECTION('',(-0.155518033909,1.779496044609E-18,-0.987833053268
    ));
#2043 = ORIENTED_EDGE('',*,*,#2044,.T.);
#2044 = EDGE_CURVE('',#2037,#2045,#2047,.T.);
#2045 = VERTEX_POINT('',#2046);
#2046 = CARTESIAN_POINT('',(-1.089673570659,-1.15,5.551115123126E-17));
#2047 = CIRCLE('',#2048,0.25);
#2048 = AXIS2_PLACEMENT_3D('',#2049,#2050,#2051);
#2049 = CARTESIAN_POINT('',(-1.089673570659,-1.15,0.25));
#2050 = DIRECTION('',(1.144237745222E-17,1.,3.851859888774E-34));
#2051 = DIRECTION('',(0.984807753012,-1.126854202784E-17,-0.173648177667
    ));
#2052 = ORIENTED_EDGE('',*,*,#2053,.T.);
#2053 = EDGE_CURVE('',#2045,#2054,#2056,.T.);
#2054 = VERTEX_POINT('',#2055);
#2055 = CARTESIAN_POINT('',(-1.25,-1.15,5.551115123126E-17));
#2056 = LINE('',#2057,#2058);
#2057 = CARTESIAN_POINT('',(-1.089673570659,-1.15,5.551115123126E-17));
#2058 = VECTOR('',#2059,1.);
#2059 = DIRECTION('',(-1.,1.144237745222E-17,0.));
#2060 = ORIENTED_EDGE('',*,*,#2061,.T.);
#2061 = EDGE_CURVE('',#2054,#2062,#2064,.T.);
#2062 = VERTEX_POINT('',#2063);
#2063 = CARTESIAN_POINT('',(-1.25,-1.15,0.15));
#2064 = LINE('',#2065,#2066);
#2065 = CARTESIAN_POINT('',(-1.25,-1.15,5.551115123126E-17));
#2066 = VECTOR('',#2067,1.);
#2067 = DIRECTION('',(0.,0.,1.));
#2068 = ORIENTED_EDGE('',*,*,#2069,.T.);
#2069 = EDGE_CURVE('',#2062,#2070,#2072,.T.);
#2070 = VERTEX_POINT('',#2071);
#2071 = CARTESIAN_POINT('',(-1.089673570659,-1.15,0.15));
#2072 = LINE('',#2073,#2074);
#2073 = CARTESIAN_POINT('',(-1.25,-1.15,0.15));
#2074 = VECTOR('',#2075,1.);
#2075 = DIRECTION('',(1.,-1.144237745222E-17,0.));
#2076 = ORIENTED_EDGE('',*,*,#2077,.T.);
#2077 = EDGE_CURVE('',#2070,#2078,#2080,.T.);
#2078 = VERTEX_POINT('',#2079);
#2079 = CARTESIAN_POINT('',(-0.991192795358,-1.15,0.232635182233));
#2080 = CIRCLE('',#2081,0.1);
#2081 = AXIS2_PLACEMENT_3D('',#2082,#2083,#2084);
#2082 = CARTESIAN_POINT('',(-1.089673570659,-1.15,0.25));
#2083 = DIRECTION('',(-1.144237745222E-17,-1.,1.094764425254E-47));
#2084 = DIRECTION('',(-2.22044604925E-15,2.540718180781E-32,-1.));
#2085 = ORIENTED_EDGE('',*,*,#2086,.T.);
#2086 = EDGE_CURVE('',#2078,#2087,#2089,.T.);
#2087 = VERTEX_POINT('',#2088);
#2088 = CARTESIAN_POINT('',(-0.946201938253,-1.15,0.518412044417));
#2089 = LINE('',#2090,#2091);
#2090 = CARTESIAN_POINT('',(-0.991192795358,-1.15,0.232635182233));
#2091 = VECTOR('',#2092,1.);
#2092 = DIRECTION('',(0.155518033909,-1.779496044609E-18,0.987833053268)
  );
#2093 = ORIENTED_EDGE('',*,*,#2094,.T.);
#2094 = EDGE_CURVE('',#2087,#1499,#2095,.T.);
#2095 = CIRCLE('',#2096,0.25);
#2096 = AXIS2_PLACEMENT_3D('',#2097,#2098,#2099);
#2097 = CARTESIAN_POINT('',(-0.7,-1.15,0.475));
#2098 = DIRECTION('',(1.144237745222E-17,1.,0.));
#2099 = DIRECTION('',(-0.984807753012,1.126854202784E-17,0.173648177667)
  );
#2100 = PLANE('',#2101);
#2101 = AXIS2_PLACEMENT_3D('',#2102,#2103,#2104);
#2102 = CARTESIAN_POINT('',(-0.931323080229,-1.15,0.33452717391));
#2103 = DIRECTION('',(1.144237745222E-17,1.,0.));
#2104 = DIRECTION('',(0.,-0.,1.));
#2105 = ADVANCED_FACE('',(#2106),#2124,.F.);
#2106 = FACE_BOUND('',#2107,.F.);
#2107 = EDGE_LOOP('',(#2108,#2109,#2117,#2123));
#2108 = ORIENTED_EDGE('',*,*,#1530,.T.);
#2109 = ORIENTED_EDGE('',*,*,#2110,.T.);
#2110 = EDGE_CURVE('',#1522,#2111,#2113,.T.);
#2111 = VERTEX_POINT('',#2112);
#2112 = CARTESIAN_POINT('',(-0.843471632406,-0.75,0.206587955583));
#2113 = LINE('',#2114,#2115);
#2114 = CARTESIAN_POINT('',(-0.798480775301,-0.75,0.492364817767));
#2115 = VECTOR('',#2116,1.);
#2116 = DIRECTION('',(-0.155518033909,1.779496044609E-18,-0.987833053268
    ));
#2117 = ORIENTED_EDGE('',*,*,#2118,.F.);
#2118 = EDGE_CURVE('',#2037,#2111,#2119,.T.);
#2119 = LINE('',#2120,#2121);
#2120 = CARTESIAN_POINT('',(-0.843471632406,-1.15,0.206587955583));
#2121 = VECTOR('',#2122,1.);
#2122 = DIRECTION('',(1.144237745222E-17,1.,0.));
#2123 = ORIENTED_EDGE('',*,*,#2036,.F.);
#2124 = PLANE('',#2125);
#2125 = AXIS2_PLACEMENT_3D('',#2126,#2127,#2128);
#2126 = CARTESIAN_POINT('',(-0.798480775301,-1.15,0.492364817767));
#2127 = DIRECTION('',(-0.987833053268,1.130315865527E-17,0.155518033909)
  );
#2128 = DIRECTION('',(-0.155518033909,1.779496044609E-18,-0.987833053268
    ));
#2129 = ADVANCED_FACE('',(#2130),#2192,.T.);
#2130 = FACE_BOUND('',#2131,.T.);
#2131 = EDGE_LOOP('',(#2132,#2133,#2134,#2135,#2144,#2152,#2160,#2168,
    #2177,#2185));
#2132 = ORIENTED_EDGE('',*,*,#1553,.F.);
#2133 = ORIENTED_EDGE('',*,*,#1521,.T.);
#2134 = ORIENTED_EDGE('',*,*,#2110,.T.);
#2135 = ORIENTED_EDGE('',*,*,#2136,.T.);
#2136 = EDGE_CURVE('',#2111,#2137,#2139,.T.);
#2137 = VERTEX_POINT('',#2138);
#2138 = CARTESIAN_POINT('',(-1.089673570659,-0.75,5.551115123126E-17));
#2139 = CIRCLE('',#2140,0.25);
#2140 = AXIS2_PLACEMENT_3D('',#2141,#2142,#2143);
#2141 = CARTESIAN_POINT('',(-1.089673570659,-0.75,0.25));
#2142 = DIRECTION('',(1.144237745222E-17,1.,3.851859888774E-34));
#2143 = DIRECTION('',(0.984807753012,-1.126854202784E-17,-0.173648177667
    ));
#2144 = ORIENTED_EDGE('',*,*,#2145,.T.);
#2145 = EDGE_CURVE('',#2137,#2146,#2148,.T.);
#2146 = VERTEX_POINT('',#2147);
#2147 = CARTESIAN_POINT('',(-1.25,-0.75,5.551115123126E-17));
#2148 = LINE('',#2149,#2150);
#2149 = CARTESIAN_POINT('',(-1.089673570659,-0.75,5.551115123126E-17));
#2150 = VECTOR('',#2151,1.);
#2151 = DIRECTION('',(-1.,1.144237745222E-17,0.));
#2152 = ORIENTED_EDGE('',*,*,#2153,.T.);
#2153 = EDGE_CURVE('',#2146,#2154,#2156,.T.);
#2154 = VERTEX_POINT('',#2155);
#2155 = CARTESIAN_POINT('',(-1.25,-0.75,0.15));
#2156 = LINE('',#2157,#2158);
#2157 = CARTESIAN_POINT('',(-1.25,-0.75,5.551115123126E-17));
#2158 = VECTOR('',#2159,1.);
#2159 = DIRECTION('',(0.,0.,1.));
#2160 = ORIENTED_EDGE('',*,*,#2161,.T.);
#2161 = EDGE_CURVE('',#2154,#2162,#2164,.T.);
#2162 = VERTEX_POINT('',#2163);
#2163 = CARTESIAN_POINT('',(-1.089673570659,-0.75,0.15));
#2164 = LINE('',#2165,#2166);
#2165 = CARTESIAN_POINT('',(-1.25,-0.75,0.15));
#2166 = VECTOR('',#2167,1.);
#2167 = DIRECTION('',(1.,-1.144237745222E-17,0.));
#2168 = ORIENTED_EDGE('',*,*,#2169,.T.);
#2169 = EDGE_CURVE('',#2162,#2170,#2172,.T.);
#2170 = VERTEX_POINT('',#2171);
#2171 = CARTESIAN_POINT('',(-0.991192795358,-0.75,0.232635182233));
#2172 = CIRCLE('',#2173,0.1);
#2173 = AXIS2_PLACEMENT_3D('',#2174,#2175,#2176);
#2174 = CARTESIAN_POINT('',(-1.089673570659,-0.75,0.25));
#2175 = DIRECTION('',(-1.144237745222E-17,-1.,1.094764425254E-47));
#2176 = DIRECTION('',(-2.22044604925E-15,2.540718180781E-32,-1.));
#2177 = ORIENTED_EDGE('',*,*,#2178,.T.);
#2178 = EDGE_CURVE('',#2170,#2179,#2181,.T.);
#2179 = VERTEX_POINT('',#2180);
#2180 = CARTESIAN_POINT('',(-0.946201938253,-0.75,0.518412044417));
#2181 = LINE('',#2182,#2183);
#2182 = CARTESIAN_POINT('',(-0.991192795358,-0.75,0.232635182233));
#2183 = VECTOR('',#2184,1.);
#2184 = DIRECTION('',(0.155518033909,-1.779496044609E-18,0.987833053268)
  );
#2185 = ORIENTED_EDGE('',*,*,#2186,.T.);
#2186 = EDGE_CURVE('',#2179,#1554,#2187,.T.);
#2187 = CIRCLE('',#2188,0.25);
#2188 = AXIS2_PLACEMENT_3D('',#2189,#2190,#2191);
#2189 = CARTESIAN_POINT('',(-0.7,-0.75,0.475));
#2190 = DIRECTION('',(1.144237745222E-17,1.,0.));
#2191 = DIRECTION('',(-0.984807753012,1.126854202784E-17,0.173648177667)
  );
#2192 = PLANE('',#2193);
#2193 = AXIS2_PLACEMENT_3D('',#2194,#2195,#2196);
#2194 = CARTESIAN_POINT('',(-0.931323080229,-0.75,0.33452717391));
#2195 = DIRECTION('',(1.144237745222E-17,1.,0.));
#2196 = DIRECTION('',(0.,-0.,1.));
#2197 = ADVANCED_FACE('',(#2198),#2209,.F.);
#2198 = FACE_BOUND('',#2199,.F.);
#2199 = EDGE_LOOP('',(#2200,#2201,#2202,#2203));
#2200 = ORIENTED_EDGE('',*,*,#1570,.T.);
#2201 = ORIENTED_EDGE('',*,*,#1777,.T.);
#2202 = ORIENTED_EDGE('',*,*,#1824,.F.);
#2203 = ORIENTED_EDGE('',*,*,#2204,.F.);
#2204 = EDGE_CURVE('',#1554,#1817,#2205,.T.);
#2205 = LINE('',#2206,#2207);
#2206 = CARTESIAN_POINT('',(-0.7,-0.75,0.725));
#2207 = VECTOR('',#2208,1.);
#2208 = DIRECTION('',(1.,-1.144237745222E-17,0.));
#2209 = PLANE('',#2210);
#2210 = AXIS2_PLACEMENT_3D('',#2211,#2212,#2213);
#2211 = CARTESIAN_POINT('',(-1.486299604971E-16,1.4875,0.725));
#2212 = DIRECTION('',(1.022886882533E-31,-6.310887241768E-27,-1.));
#2213 = DIRECTION('',(1.,1.217738924546E-16,1.022886882525E-31));
#2214 = ADVANCED_FACE('',(#2215),#2284,.F.);
#2215 = FACE_BOUND('',#2216,.F.);
#2216 = EDGE_LOOP('',(#2217,#2218,#2219,#2227,#2236,#2244,#2252,#2260,
    #2269,#2277));
#2217 = ORIENTED_EDGE('',*,*,#1562,.F.);
#2218 = ORIENTED_EDGE('',*,*,#1602,.T.);
#2219 = ORIENTED_EDGE('',*,*,#2220,.T.);
#2220 = EDGE_CURVE('',#1595,#2221,#2223,.T.);
#2221 = VERTEX_POINT('',#2222);
#2222 = CARTESIAN_POINT('',(-0.843471632406,0.75,0.206587955583));
#2223 = LINE('',#2224,#2225);
#2224 = CARTESIAN_POINT('',(-0.798480775301,0.75,0.492364817767));
#2225 = VECTOR('',#2226,1.);
#2226 = DIRECTION('',(-0.155518033909,1.779496044609E-18,-0.987833053268
    ));
#2227 = ORIENTED_EDGE('',*,*,#2228,.T.);
#2228 = EDGE_CURVE('',#2221,#2229,#2231,.T.);
#2229 = VERTEX_POINT('',#2230);
#2230 = CARTESIAN_POINT('',(-1.089673570659,0.75,5.551115123126E-17));
#2231 = CIRCLE('',#2232,0.25);
#2232 = AXIS2_PLACEMENT_3D('',#2233,#2234,#2235);
#2233 = CARTESIAN_POINT('',(-1.089673570659,0.75,0.25));
#2234 = DIRECTION('',(1.144237745222E-17,1.,3.851859888774E-34));
#2235 = DIRECTION('',(0.984807753012,-1.126854202784E-17,-0.173648177667
    ));
#2236 = ORIENTED_EDGE('',*,*,#2237,.T.);
#2237 = EDGE_CURVE('',#2229,#2238,#2240,.T.);
#2238 = VERTEX_POINT('',#2239);
#2239 = CARTESIAN_POINT('',(-1.25,0.75,5.551115123126E-17));
#2240 = LINE('',#2241,#2242);
#2241 = CARTESIAN_POINT('',(-1.089673570659,0.75,5.551115123126E-17));
#2242 = VECTOR('',#2243,1.);
#2243 = DIRECTION('',(-1.,1.144237745222E-17,0.));
#2244 = ORIENTED_EDGE('',*,*,#2245,.T.);
#2245 = EDGE_CURVE('',#2238,#2246,#2248,.T.);
#2246 = VERTEX_POINT('',#2247);
#2247 = CARTESIAN_POINT('',(-1.25,0.75,0.15));
#2248 = LINE('',#2249,#2250);
#2249 = CARTESIAN_POINT('',(-1.25,0.75,5.551115123126E-17));
#2250 = VECTOR('',#2251,1.);
#2251 = DIRECTION('',(0.,0.,1.));
#2252 = ORIENTED_EDGE('',*,*,#2253,.T.);
#2253 = EDGE_CURVE('',#2246,#2254,#2256,.T.);
#2254 = VERTEX_POINT('',#2255);
#2255 = CARTESIAN_POINT('',(-1.089673570659,0.75,0.15));
#2256 = LINE('',#2257,#2258);
#2257 = CARTESIAN_POINT('',(-1.25,0.75,0.15));
#2258 = VECTOR('',#2259,1.);
#2259 = DIRECTION('',(1.,-1.144237745222E-17,0.));
#2260 = ORIENTED_EDGE('',*,*,#2261,.T.);
#2261 = EDGE_CURVE('',#2254,#2262,#2264,.T.);
#2262 = VERTEX_POINT('',#2263);
#2263 = CARTESIAN_POINT('',(-0.991192795358,0.75,0.232635182233));
#2264 = CIRCLE('',#2265,0.1);
#2265 = AXIS2_PLACEMENT_3D('',#2266,#2267,#2268);
#2266 = CARTESIAN_POINT('',(-1.089673570659,0.75,0.25));
#2267 = DIRECTION('',(-1.144237745222E-17,-1.,1.094764425254E-47));
#2268 = DIRECTION('',(-2.22044604925E-15,2.540718180781E-32,-1.));
#2269 = ORIENTED_EDGE('',*,*,#2270,.T.);
#2270 = EDGE_CURVE('',#2262,#2271,#2273,.T.);
#2271 = VERTEX_POINT('',#2272);
#2272 = CARTESIAN_POINT('',(-0.946201938253,0.75,0.518412044417));
#2273 = LINE('',#2274,#2275);
#2274 = CARTESIAN_POINT('',(-0.991192795358,0.75,0.232635182233));
#2275 = VECTOR('',#2276,1.);
#2276 = DIRECTION('',(0.155518033909,-1.779496044609E-18,0.987833053268)
  );
#2277 = ORIENTED_EDGE('',*,*,#2278,.T.);
#2278 = EDGE_CURVE('',#2271,#1563,#2279,.T.);
#2279 = CIRCLE('',#2280,0.25);
#2280 = AXIS2_PLACEMENT_3D('',#2281,#2282,#2283);
#2281 = CARTESIAN_POINT('',(-0.7,0.75,0.475));
#2282 = DIRECTION('',(1.144237745222E-17,1.,0.));
#2283 = DIRECTION('',(-0.984807753012,1.126854202784E-17,0.173648177667)
  );
#2284 = PLANE('',#2285);
#2285 = AXIS2_PLACEMENT_3D('',#2286,#2287,#2288);
#2286 = CARTESIAN_POINT('',(-0.931323080229,0.75,0.33452717391));
#2287 = DIRECTION('',(1.144237745222E-17,1.,0.));
#2288 = DIRECTION('',(0.,-0.,1.));
#2289 = ADVANCED_FACE('',(#2290),#2308,.F.);
#2290 = FACE_BOUND('',#2291,.F.);
#2291 = EDGE_LOOP('',(#2292,#2293,#2301,#2307));
#2292 = ORIENTED_EDGE('',*,*,#1594,.T.);
#2293 = ORIENTED_EDGE('',*,*,#2294,.T.);
#2294 = EDGE_CURVE('',#1586,#2295,#2297,.T.);
#2295 = VERTEX_POINT('',#2296);
#2296 = CARTESIAN_POINT('',(-0.843471632406,1.15,0.206587955583));
#2297 = LINE('',#2298,#2299);
#2298 = CARTESIAN_POINT('',(-0.798480775301,1.15,0.492364817767));
#2299 = VECTOR('',#2300,1.);
#2300 = DIRECTION('',(-0.155518033909,1.779496044609E-18,-0.987833053268
    ));
#2301 = ORIENTED_EDGE('',*,*,#2302,.F.);
#2302 = EDGE_CURVE('',#2221,#2295,#2303,.T.);
#2303 = LINE('',#2304,#2305);
#2304 = CARTESIAN_POINT('',(-0.843471632406,0.75,0.206587955583));
#2305 = VECTOR('',#2306,1.);
#2306 = DIRECTION('',(1.144237745222E-17,1.,0.));
#2307 = ORIENTED_EDGE('',*,*,#2220,.F.);
#2308 = PLANE('',#2309);
#2309 = AXIS2_PLACEMENT_3D('',#2310,#2311,#2312);
#2310 = CARTESIAN_POINT('',(-0.798480775301,0.75,0.492364817767));
#2311 = DIRECTION('',(-0.987833053268,1.130315865527E-17,0.155518033909)
  );
#2312 = DIRECTION('',(-0.155518033909,1.779496044609E-18,-0.987833053268
    ));
#2313 = ADVANCED_FACE('',(#2314),#2376,.T.);
#2314 = FACE_BOUND('',#2315,.T.);
#2315 = EDGE_LOOP('',(#2316,#2317,#2318,#2319,#2328,#2336,#2344,#2352,
    #2361,#2369));
#2316 = ORIENTED_EDGE('',*,*,#1617,.F.);
#2317 = ORIENTED_EDGE('',*,*,#1585,.T.);
#2318 = ORIENTED_EDGE('',*,*,#2294,.T.);
#2319 = ORIENTED_EDGE('',*,*,#2320,.T.);
#2320 = EDGE_CURVE('',#2295,#2321,#2323,.T.);
#2321 = VERTEX_POINT('',#2322);
#2322 = CARTESIAN_POINT('',(-1.089673570659,1.15,5.551115123126E-17));
#2323 = CIRCLE('',#2324,0.25);
#2324 = AXIS2_PLACEMENT_3D('',#2325,#2326,#2327);
#2325 = CARTESIAN_POINT('',(-1.089673570659,1.15,0.25));
#2326 = DIRECTION('',(1.144237745222E-17,1.,3.851859888774E-34));
#2327 = DIRECTION('',(0.984807753012,-1.126854202784E-17,-0.173648177667
    ));
#2328 = ORIENTED_EDGE('',*,*,#2329,.T.);
#2329 = EDGE_CURVE('',#2321,#2330,#2332,.T.);
#2330 = VERTEX_POINT('',#2331);
#2331 = CARTESIAN_POINT('',(-1.25,1.15,5.551115123126E-17));
#2332 = LINE('',#2333,#2334);
#2333 = CARTESIAN_POINT('',(-1.089673570659,1.15,5.551115123126E-17));
#2334 = VECTOR('',#2335,1.);
#2335 = DIRECTION('',(-1.,1.144237745222E-17,0.));
#2336 = ORIENTED_EDGE('',*,*,#2337,.T.);
#2337 = EDGE_CURVE('',#2330,#2338,#2340,.T.);
#2338 = VERTEX_POINT('',#2339);
#2339 = CARTESIAN_POINT('',(-1.25,1.15,0.15));
#2340 = LINE('',#2341,#2342);
#2341 = CARTESIAN_POINT('',(-1.25,1.15,5.551115123126E-17));
#2342 = VECTOR('',#2343,1.);
#2343 = DIRECTION('',(0.,0.,1.));
#2344 = ORIENTED_EDGE('',*,*,#2345,.T.);
#2345 = EDGE_CURVE('',#2338,#2346,#2348,.T.);
#2346 = VERTEX_POINT('',#2347);
#2347 = CARTESIAN_POINT('',(-1.089673570659,1.15,0.15));
#2348 = LINE('',#2349,#2350);
#2349 = CARTESIAN_POINT('',(-1.25,1.15,0.15));
#2350 = VECTOR('',#2351,1.);
#2351 = DIRECTION('',(1.,-1.144237745222E-17,0.));
#2352 = ORIENTED_EDGE('',*,*,#2353,.T.);
#2353 = EDGE_CURVE('',#2346,#2354,#2356,.T.);
#2354 = VERTEX_POINT('',#2355);
#2355 = CARTESIAN_POINT('',(-0.991192795358,1.15,0.232635182233));
#2356 = CIRCLE('',#2357,0.1);
#2357 = AXIS2_PLACEMENT_3D('',#2358,#2359,#2360);
#2358 = CARTESIAN_POINT('',(-1.089673570659,1.15,0.25));
#2359 = DIRECTION('',(-1.144237745222E-17,-1.,1.094764425254E-47));
#2360 = DIRECTION('',(-2.22044604925E-15,2.540718180781E-32,-1.));
#2361 = ORIENTED_EDGE('',*,*,#2362,.T.);
#2362 = EDGE_CURVE('',#2354,#2363,#2365,.T.);
#2363 = VERTEX_POINT('',#2364);
#2364 = CARTESIAN_POINT('',(-0.946201938253,1.15,0.518412044417));
#2365 = LINE('',#2366,#2367);
#2366 = CARTESIAN_POINT('',(-0.991192795358,1.15,0.232635182233));
#2367 = VECTOR('',#2368,1.);
#2368 = DIRECTION('',(0.155518033909,-1.779496044609E-18,0.987833053268)
  );
#2369 = ORIENTED_EDGE('',*,*,#2370,.T.);
#2370 = EDGE_CURVE('',#2363,#1453,#2371,.T.);
#2371 = CIRCLE('',#2372,0.25);
#2372 = AXIS2_PLACEMENT_3D('',#2373,#2374,#2375);
#2373 = CARTESIAN_POINT('',(-0.7,1.15,0.475));
#2374 = DIRECTION('',(1.144237745222E-17,1.,0.));
#2375 = DIRECTION('',(-0.984807753012,1.126854202784E-17,0.173648177667)
  );
#2376 = PLANE('',#2377);
#2377 = AXIS2_PLACEMENT_3D('',#2378,#2379,#2380);
#2378 = CARTESIAN_POINT('',(-0.931323080229,1.15,0.33452717391));
#2379 = DIRECTION('',(1.144237745222E-17,1.,0.));
#2380 = DIRECTION('',(0.,-0.,1.));
#2381 = ADVANCED_FACE('',(#2382),#2451,.F.);
#2382 = FACE_BOUND('',#2383,.F.);
#2383 = EDGE_LOOP('',(#2384,#2385,#2386,#2394,#2403,#2411,#2419,#2427,
    #2436,#2444));
#2384 = ORIENTED_EDGE('',*,*,#1636,.F.);
#2385 = ORIENTED_EDGE('',*,*,#1669,.T.);
#2386 = ORIENTED_EDGE('',*,*,#2387,.T.);
#2387 = EDGE_CURVE('',#1662,#2388,#2390,.T.);
#2388 = VERTEX_POINT('',#2389);
#2389 = CARTESIAN_POINT('',(0.843471632406,0.2,0.206587955583));
#2390 = LINE('',#2391,#2392);
#2391 = CARTESIAN_POINT('',(0.798480775301,0.2,0.492364817767));
#2392 = VECTOR('',#2393,1.);
#2393 = DIRECTION('',(0.155518033909,1.726597019897E-17,-0.987833053268)
  );
#2394 = ORIENTED_EDGE('',*,*,#2395,.T.);
#2395 = EDGE_CURVE('',#2388,#2396,#2398,.T.);
#2396 = VERTEX_POINT('',#2397);
#2397 = CARTESIAN_POINT('',(1.089673570659,0.2,5.551115123126E-17));
#2398 = CIRCLE('',#2399,0.25);
#2399 = AXIS2_PLACEMENT_3D('',#2400,#2401,#2402);
#2400 = CARTESIAN_POINT('',(1.089673570659,0.2,0.25));
#2401 = DIRECTION('',(1.110223024625E-16,-1.,0.));
#2402 = DIRECTION('',(-0.984807753012,-1.093356242223E-16,
    -0.173648177667));
#2403 = ORIENTED_EDGE('',*,*,#2404,.T.);
#2404 = EDGE_CURVE('',#2396,#2405,#2407,.T.);
#2405 = VERTEX_POINT('',#2406);
#2406 = CARTESIAN_POINT('',(1.25,0.2,5.551115123126E-17));
#2407 = LINE('',#2408,#2409);
#2408 = CARTESIAN_POINT('',(1.089673570659,0.2,5.551115123126E-17));
#2409 = VECTOR('',#2410,1.);
#2410 = DIRECTION('',(1.,1.110223024625E-16,0.));
#2411 = ORIENTED_EDGE('',*,*,#2412,.T.);
#2412 = EDGE_CURVE('',#2405,#2413,#2415,.T.);
#2413 = VERTEX_POINT('',#2414);
#2414 = CARTESIAN_POINT('',(1.25,0.2,0.15));
#2415 = LINE('',#2416,#2417);
#2416 = CARTESIAN_POINT('',(1.25,0.2,5.551115123126E-17));
#2417 = VECTOR('',#2418,1.);
#2418 = DIRECTION('',(0.,0.,1.));
#2419 = ORIENTED_EDGE('',*,*,#2420,.T.);
#2420 = EDGE_CURVE('',#2413,#2421,#2423,.T.);
#2421 = VERTEX_POINT('',#2422);
#2422 = CARTESIAN_POINT('',(1.089673570659,0.2,0.15));
#2423 = LINE('',#2424,#2425);
#2424 = CARTESIAN_POINT('',(1.25,0.2,0.15));
#2425 = VECTOR('',#2426,1.);
#2426 = DIRECTION('',(-1.,-1.110223024625E-16,0.));
#2427 = ORIENTED_EDGE('',*,*,#2428,.T.);
#2428 = EDGE_CURVE('',#2421,#2429,#2431,.T.);
#2429 = VERTEX_POINT('',#2430);
#2430 = CARTESIAN_POINT('',(0.991192795358,0.2,0.232635182233));
#2431 = CIRCLE('',#2432,0.1);
#2432 = AXIS2_PLACEMENT_3D('',#2433,#2434,#2435);
#2433 = CARTESIAN_POINT('',(1.089673570659,0.2,0.25));
#2434 = DIRECTION('',(-1.110223024625E-16,1.,0.));
#2435 = DIRECTION('',(2.22044604925E-15,2.465190328815E-31,-1.));
#2436 = ORIENTED_EDGE('',*,*,#2437,.T.);
#2437 = EDGE_CURVE('',#2429,#2438,#2440,.T.);
#2438 = VERTEX_POINT('',#2439);
#2439 = CARTESIAN_POINT('',(0.946201938253,0.2,0.518412044417));
#2440 = LINE('',#2441,#2442);
#2441 = CARTESIAN_POINT('',(0.991192795358,0.2,0.232635182233));
#2442 = VECTOR('',#2443,1.);
#2443 = DIRECTION('',(-0.155518033909,-1.726597019897E-17,0.987833053268
    ));
#2444 = ORIENTED_EDGE('',*,*,#2445,.T.);
#2445 = EDGE_CURVE('',#2438,#1397,#2446,.T.);
#2446 = CIRCLE('',#2447,0.25);
#2447 = AXIS2_PLACEMENT_3D('',#2448,#2449,#2450);
#2448 = CARTESIAN_POINT('',(0.7,0.2,0.475));
#2449 = DIRECTION('',(1.110223024625E-16,-1.,0.));
#2450 = DIRECTION('',(0.984807753012,1.093356242223E-16,0.173648177667)
  );
#2451 = PLANE('',#2452);
#2452 = AXIS2_PLACEMENT_3D('',#2453,#2454,#2455);
#2453 = CARTESIAN_POINT('',(0.931323080229,0.2,0.33452717391));
#2454 = DIRECTION('',(1.110223024625E-16,-1.,0.));
#2455 = DIRECTION('',(0.,0.,1.));
#2456 = ADVANCED_FACE('',(#2457),#2475,.F.);
#2457 = FACE_BOUND('',#2458,.F.);
#2458 = EDGE_LOOP('',(#2459,#2460,#2468,#2474));
#2459 = ORIENTED_EDGE('',*,*,#1661,.T.);
#2460 = ORIENTED_EDGE('',*,*,#2461,.T.);
#2461 = EDGE_CURVE('',#1653,#2462,#2464,.T.);
#2462 = VERTEX_POINT('',#2463);
#2463 = CARTESIAN_POINT('',(0.843471632406,-0.2,0.206587955583));
#2464 = LINE('',#2465,#2466);
#2465 = CARTESIAN_POINT('',(0.798480775301,-0.2,0.492364817767));
#2466 = VECTOR('',#2467,1.);
#2467 = DIRECTION('',(0.155518033909,1.726597019897E-17,-0.987833053268)
  );
#2468 = ORIENTED_EDGE('',*,*,#2469,.F.);
#2469 = EDGE_CURVE('',#2388,#2462,#2470,.T.);
#2470 = LINE('',#2471,#2472);
#2471 = CARTESIAN_POINT('',(0.843471632406,0.2,0.206587955583));
#2472 = VECTOR('',#2473,1.);
#2473 = DIRECTION('',(1.110223024625E-16,-1.,0.));
#2474 = ORIENTED_EDGE('',*,*,#2387,.F.);
#2475 = PLANE('',#2476);
#2476 = AXIS2_PLACEMENT_3D('',#2477,#2478,#2479);
#2477 = CARTESIAN_POINT('',(0.798480775301,0.2,0.492364817767));
#2478 = DIRECTION('',(0.987833053268,1.096715000224E-16,0.155518033909)
  );
#2479 = DIRECTION('',(0.155518033909,1.726597019897E-17,-0.987833053268)
  );
#2480 = ADVANCED_FACE('',(#2481),#2543,.T.);
#2481 = FACE_BOUND('',#2482,.T.);
#2482 = EDGE_LOOP('',(#2483,#2484,#2485,#2486,#2495,#2503,#2511,#2519,
    #2528,#2536));
#2483 = ORIENTED_EDGE('',*,*,#1684,.F.);
#2484 = ORIENTED_EDGE('',*,*,#1652,.T.);
#2485 = ORIENTED_EDGE('',*,*,#2461,.T.);
#2486 = ORIENTED_EDGE('',*,*,#2487,.T.);
#2487 = EDGE_CURVE('',#2462,#2488,#2490,.T.);
#2488 = VERTEX_POINT('',#2489);
#2489 = CARTESIAN_POINT('',(1.089673570659,-0.2,5.551115123126E-17));
#2490 = CIRCLE('',#2491,0.25);
#2491 = AXIS2_PLACEMENT_3D('',#2492,#2493,#2494);
#2492 = CARTESIAN_POINT('',(1.089673570659,-0.2,0.25));
#2493 = DIRECTION('',(1.110223024625E-16,-1.,0.));
#2494 = DIRECTION('',(-0.984807753012,-1.093356242223E-16,
    -0.173648177667));
#2495 = ORIENTED_EDGE('',*,*,#2496,.T.);
#2496 = EDGE_CURVE('',#2488,#2497,#2499,.T.);
#2497 = VERTEX_POINT('',#2498);
#2498 = CARTESIAN_POINT('',(1.25,-0.2,5.551115123126E-17));
#2499 = LINE('',#2500,#2501);
#2500 = CARTESIAN_POINT('',(1.089673570659,-0.2,5.551115123126E-17));
#2501 = VECTOR('',#2502,1.);
#2502 = DIRECTION('',(1.,1.110223024625E-16,0.));
#2503 = ORIENTED_EDGE('',*,*,#2504,.T.);
#2504 = EDGE_CURVE('',#2497,#2505,#2507,.T.);
#2505 = VERTEX_POINT('',#2506);
#2506 = CARTESIAN_POINT('',(1.25,-0.2,0.15));
#2507 = LINE('',#2508,#2509);
#2508 = CARTESIAN_POINT('',(1.25,-0.2,5.551115123126E-17));
#2509 = VECTOR('',#2510,1.);
#2510 = DIRECTION('',(0.,0.,1.));
#2511 = ORIENTED_EDGE('',*,*,#2512,.T.);
#2512 = EDGE_CURVE('',#2505,#2513,#2515,.T.);
#2513 = VERTEX_POINT('',#2514);
#2514 = CARTESIAN_POINT('',(1.089673570659,-0.2,0.15));
#2515 = LINE('',#2516,#2517);
#2516 = CARTESIAN_POINT('',(1.25,-0.2,0.15));
#2517 = VECTOR('',#2518,1.);
#2518 = DIRECTION('',(-1.,-1.110223024625E-16,0.));
#2519 = ORIENTED_EDGE('',*,*,#2520,.T.);
#2520 = EDGE_CURVE('',#2513,#2521,#2523,.T.);
#2521 = VERTEX_POINT('',#2522);
#2522 = CARTESIAN_POINT('',(0.991192795358,-0.2,0.232635182233));
#2523 = CIRCLE('',#2524,0.1);
#2524 = AXIS2_PLACEMENT_3D('',#2525,#2526,#2527);
#2525 = CARTESIAN_POINT('',(1.089673570659,-0.2,0.25));
#2526 = DIRECTION('',(-1.110223024625E-16,1.,0.));
#2527 = DIRECTION('',(2.22044604925E-15,2.465190328815E-31,-1.));
#2528 = ORIENTED_EDGE('',*,*,#2529,.T.);
#2529 = EDGE_CURVE('',#2521,#2530,#2532,.T.);
#2530 = VERTEX_POINT('',#2531);
#2531 = CARTESIAN_POINT('',(0.946201938253,-0.2,0.518412044417));
#2532 = LINE('',#2533,#2534);
#2533 = CARTESIAN_POINT('',(0.991192795358,-0.2,0.232635182233));
#2534 = VECTOR('',#2535,1.);
#2535 = DIRECTION('',(-0.155518033909,-1.726597019897E-17,0.987833053268
    ));
#2536 = ORIENTED_EDGE('',*,*,#2537,.T.);
#2537 = EDGE_CURVE('',#2530,#1685,#2538,.T.);
#2538 = CIRCLE('',#2539,0.25);
#2539 = AXIS2_PLACEMENT_3D('',#2540,#2541,#2542);
#2540 = CARTESIAN_POINT('',(0.7,-0.2,0.475));
#2541 = DIRECTION('',(1.110223024625E-16,-1.,0.));
#2542 = DIRECTION('',(0.984807753012,1.093356242223E-16,0.173648177667)
  );
#2543 = PLANE('',#2544);
#2544 = AXIS2_PLACEMENT_3D('',#2545,#2546,#2547);
#2545 = CARTESIAN_POINT('',(0.931323080229,-0.2,0.33452717391));
#2546 = DIRECTION('',(1.110223024625E-16,-1.,0.));
#2547 = DIRECTION('',(0.,0.,1.));
#2548 = ADVANCED_FACE('',(#2549),#2560,.T.);
#2549 = FACE_BOUND('',#2550,.T.);
#2550 = EDGE_LOOP('',(#2551,#2552,#2553,#2554));
#2551 = ORIENTED_EDGE('',*,*,#2278,.T.);
#2552 = ORIENTED_EDGE('',*,*,#1785,.T.);
#2553 = ORIENTED_EDGE('',*,*,#2370,.F.);
#2554 = ORIENTED_EDGE('',*,*,#2555,.F.);
#2555 = EDGE_CURVE('',#2271,#2363,#2556,.T.);
#2556 = LINE('',#2557,#2558);
#2557 = CARTESIAN_POINT('',(-0.946201938253,0.75,0.518412044417));
#2558 = VECTOR('',#2559,1.);
#2559 = DIRECTION('',(1.144237745222E-17,1.,0.));
#2560 = CYLINDRICAL_SURFACE('',#2561,0.25);
#2561 = AXIS2_PLACEMENT_3D('',#2562,#2563,#2564);
#2562 = CARTESIAN_POINT('',(-0.7,0.75,0.475));
#2563 = DIRECTION('',(-1.144237745222E-17,-1.,0.));
#2564 = DIRECTION('',(-0.984807753012,1.126854202784E-17,0.173648177667)
  );
#2565 = ADVANCED_FACE('',(#2566),#2577,.F.);
#2566 = FACE_BOUND('',#2567,.F.);
#2567 = EDGE_LOOP('',(#2568,#2569,#2575,#2576));
#2568 = ORIENTED_EDGE('',*,*,#1996,.F.);
#2569 = ORIENTED_EDGE('',*,*,#2570,.T.);
#2570 = EDGE_CURVE('',#1499,#1554,#2571,.T.);
#2571 = LINE('',#2572,#2573);
#2572 = CARTESIAN_POINT('',(-0.7,-1.15,0.725));
#2573 = VECTOR('',#2574,1.);
#2574 = DIRECTION('',(1.144237745222E-17,1.,0.));
#2575 = ORIENTED_EDGE('',*,*,#2204,.T.);
#2576 = ORIENTED_EDGE('',*,*,#1816,.F.);
#2577 = PLANE('',#2578);
#2578 = AXIS2_PLACEMENT_3D('',#2579,#2580,#2581);
#2579 = CARTESIAN_POINT('',(-0.7,-1.15,0.725));
#2580 = DIRECTION('',(0.,0.,-1.));
#2581 = DIRECTION('',(1.,-1.144237745222E-17,0.));
#2582 = ADVANCED_FACE('',(#2583,#2612),#2623,.T.);
#2583 = FACE_BOUND('',#2584,.T.);
#2584 = EDGE_LOOP('',(#2585,#2586,#2587,#2588,#2596,#2604,#2610,#2611));
#2585 = ORIENTED_EDGE('',*,*,#1891,.F.);
#2586 = ORIENTED_EDGE('',*,*,#1868,.F.);
#2587 = ORIENTED_EDGE('',*,*,#1839,.F.);
#2588 = ORIENTED_EDGE('',*,*,#2589,.F.);
#2589 = EDGE_CURVE('',#2590,#1840,#2592,.T.);
#2590 = VERTEX_POINT('',#2591);
#2591 = CARTESIAN_POINT('',(-0.559121551758,-1.408243103516,1.2));
#2592 = LINE('',#2593,#2594);
#2593 = CARTESIAN_POINT('',(-0.559121551758,-1.408243103516,1.2));
#2594 = VECTOR('',#2595,1.);
#2595 = DIRECTION('',(-0.707106781187,0.707106781187,0.));
#2596 = ORIENTED_EDGE('',*,*,#2597,.F.);
#2597 = EDGE_CURVE('',#2598,#2590,#2600,.T.);
#2598 = VERTEX_POINT('',#2599);
#2599 = CARTESIAN_POINT('',(0.559121551758,-1.408243103516,1.2));
#2600 = LINE('',#2601,#2602);
#2601 = CARTESIAN_POINT('',(0.559121551758,-1.408243103516,1.2));
#2602 = VECTOR('',#2603,1.);
#2603 = DIRECTION('',(-1.,-1.110223024625E-16,0.));
#2604 = ORIENTED_EDGE('',*,*,#2605,.F.);
#2605 = EDGE_CURVE('',#1947,#2598,#2606,.T.);
#2606 = LINE('',#2607,#2608);
#2607 = CARTESIAN_POINT('',(0.608243103516,-1.359121551758,1.2));
#2608 = VECTOR('',#2609,1.);
#2609 = DIRECTION('',(-0.707106781187,-0.707106781187,0.));
#2610 = ORIENTED_EDGE('',*,*,#1953,.F.);
#2611 = ORIENTED_EDGE('',*,*,#1914,.F.);
#2612 = FACE_BOUND('',#2613,.T.);
#2613 = EDGE_LOOP('',(#2614));
#2614 = ORIENTED_EDGE('',*,*,#2615,.T.);
#2615 = EDGE_CURVE('',#2616,#2616,#2618,.T.);
#2616 = VERTEX_POINT('',#2617);
#2617 = CARTESIAN_POINT('',(-0.428243103516,1.178243103516,1.2));
#2618 = CIRCLE('',#2619,5.E-02);
#2619 = AXIS2_PLACEMENT_3D('',#2620,#2621,#2622);
#2620 = CARTESIAN_POINT('',(-0.428243103516,1.228243103516,1.2));
#2621 = DIRECTION('',(0.,-0.,-1.));
#2622 = DIRECTION('',(1.110223024625E-16,-1.,0.));
#2623 = PLANE('',#2624);
#2624 = AXIS2_PLACEMENT_3D('',#2625,#2626,#2627);
#2625 = CARTESIAN_POINT('',(-0.559121551758,1.408243103516,1.2));
#2626 = DIRECTION('',(0.,0.,1.));
#2627 = DIRECTION('',(0.369013679242,-0.929423963825,0.));
#2628 = ADVANCED_FACE('',(#2629),#2639,.F.);
#2629 = FACE_BOUND('',#2630,.F.);
#2630 = EDGE_LOOP('',(#2631,#2632,#2633,#2634));
#2631 = ORIENTED_EDGE('',*,*,#2003,.T.);
#2632 = ORIENTED_EDGE('',*,*,#1847,.T.);
#2633 = ORIENTED_EDGE('',*,*,#2589,.F.);
#2634 = ORIENTED_EDGE('',*,*,#2635,.F.);
#2635 = EDGE_CURVE('',#2004,#2590,#2636,.T.);
#2636 = B_SPLINE_CURVE_WITH_KNOTS('',1,(#2637,#2638),.UNSPECIFIED.,.F.,
  .F.,(2,2),(0.,1.),.PIECEWISE_BEZIER_KNOTS.);
#2637 = CARTESIAN_POINT('',(-0.5925,-1.475,0.725));
#2638 = CARTESIAN_POINT('',(-0.559121551758,-1.408243103516,1.2));
#2639 = B_SPLINE_SURFACE_WITH_KNOTS('',1,1,(
    (#2640,#2641)
    ,(#2642,#2643
    )),.UNSPECIFIED.,.F.,.F.,.F.,(2,2),(2,2),(0.,0.116672618896),(0.,1.)
  ,.PIECEWISE_BEZIER_KNOTS.);
#2640 = CARTESIAN_POINT('',(-0.5925,-1.475,0.725));
#2641 = CARTESIAN_POINT('',(-0.559121551758,-1.408243103516,1.2));
#2642 = CARTESIAN_POINT('',(-0.675,-1.3925,0.725));
#2643 = CARTESIAN_POINT('',(-0.608243103516,-1.359121551758,1.2));
#2644 = ADVANCED_FACE('',(#2645),#2655,.F.);
#2645 = FACE_BOUND('',#2646,.F.);
#2646 = EDGE_LOOP('',(#2647,#2648,#2653,#2654));
#2647 = ORIENTED_EDGE('',*,*,#2019,.T.);
#2648 = ORIENTED_EDGE('',*,*,#2649,.T.);
#2649 = EDGE_CURVE('',#2012,#2598,#2650,.T.);
#2650 = B_SPLINE_CURVE_WITH_KNOTS('',1,(#2651,#2652),.UNSPECIFIED.,.F.,
  .F.,(2,2),(0.,1.),.PIECEWISE_BEZIER_KNOTS.);
#2651 = CARTESIAN_POINT('',(0.5925,-1.475,0.725));
#2652 = CARTESIAN_POINT('',(0.559121551758,-1.408243103516,1.2));
#2653 = ORIENTED_EDGE('',*,*,#2605,.F.);
#2654 = ORIENTED_EDGE('',*,*,#1946,.F.);
#2655 = B_SPLINE_SURFACE_WITH_KNOTS('',1,1,(
    (#2656,#2657)
    ,(#2658,#2659
    )),.UNSPECIFIED.,.F.,.F.,.F.,(2,2),(2,2),(0.,0.116672618896),(0.,1.)
  ,.PIECEWISE_BEZIER_KNOTS.);
#2656 = CARTESIAN_POINT('',(0.675,-1.3925,0.725));
#2657 = CARTESIAN_POINT('',(0.608243103516,-1.359121551758,1.2));
#2658 = CARTESIAN_POINT('',(0.5925,-1.475,0.725));
#2659 = CARTESIAN_POINT('',(0.559121551758,-1.408243103516,1.2));
#2660 = ADVANCED_FACE('',(#2661),#2672,.T.);
#2661 = FACE_BOUND('',#2662,.T.);
#2662 = EDGE_LOOP('',(#2663,#2664,#2665,#2666));
#2663 = ORIENTED_EDGE('',*,*,#2445,.T.);
#2664 = ORIENTED_EDGE('',*,*,#1969,.T.);
#2665 = ORIENTED_EDGE('',*,*,#2537,.F.);
#2666 = ORIENTED_EDGE('',*,*,#2667,.F.);
#2667 = EDGE_CURVE('',#2438,#2530,#2668,.T.);
#2668 = LINE('',#2669,#2670);
#2669 = CARTESIAN_POINT('',(0.946201938253,0.2,0.518412044417));
#2670 = VECTOR('',#2671,1.);
#2671 = DIRECTION('',(1.110223024625E-16,-1.,0.));
#2672 = CYLINDRICAL_SURFACE('',#2673,0.25);
#2673 = AXIS2_PLACEMENT_3D('',#2674,#2675,#2676);
#2674 = CARTESIAN_POINT('',(0.7,0.2,0.475));
#2675 = DIRECTION('',(-1.110223024625E-16,1.,0.));
#2676 = DIRECTION('',(0.984807753012,1.093356242223E-16,0.173648177667)
  );
#2677 = ADVANCED_FACE('',(#2678),#2684,.F.);
#2678 = FACE_BOUND('',#2679,.F.);
#2679 = EDGE_LOOP('',(#2680,#2681,#2682,#2683));
#2680 = ORIENTED_EDGE('',*,*,#2011,.T.);
#2681 = ORIENTED_EDGE('',*,*,#2635,.T.);
#2682 = ORIENTED_EDGE('',*,*,#2597,.F.);
#2683 = ORIENTED_EDGE('',*,*,#2649,.F.);
#2684 = B_SPLINE_SURFACE_WITH_KNOTS('',1,1,(
    (#2685,#2686)
    ,(#2687,#2688
    )),.UNSPECIFIED.,.F.,.F.,.F.,(2,2),(2,2),(0.,1.185),(0.,1.),
  .PIECEWISE_BEZIER_KNOTS.);
#2685 = CARTESIAN_POINT('',(0.5925,-1.475,0.725));
#2686 = CARTESIAN_POINT('',(0.559121551758,-1.408243103516,1.2));
#2687 = CARTESIAN_POINT('',(-0.5925,-1.475,0.725));
#2688 = CARTESIAN_POINT('',(-0.559121551758,-1.408243103516,1.2));
#2689 = ADVANCED_FACE('',(#2690),#2701,.T.);
#2690 = FACE_BOUND('',#2691,.T.);
#2691 = EDGE_LOOP('',(#2692,#2693,#2694,#2695));
#2692 = ORIENTED_EDGE('',*,*,#2094,.T.);
#2693 = ORIENTED_EDGE('',*,*,#2570,.T.);
#2694 = ORIENTED_EDGE('',*,*,#2186,.F.);
#2695 = ORIENTED_EDGE('',*,*,#2696,.F.);
#2696 = EDGE_CURVE('',#2087,#2179,#2697,.T.);
#2697 = LINE('',#2698,#2699);
#2698 = CARTESIAN_POINT('',(-0.946201938253,-1.15,0.518412044417));
#2699 = VECTOR('',#2700,1.);
#2700 = DIRECTION('',(1.144237745222E-17,1.,0.));
#2701 = CYLINDRICAL_SURFACE('',#2702,0.25);
#2702 = AXIS2_PLACEMENT_3D('',#2703,#2704,#2705);
#2703 = CARTESIAN_POINT('',(-0.7,-1.15,0.475));
#2704 = DIRECTION('',(-1.144237745222E-17,-1.,0.));
#2705 = DIRECTION('',(-0.984807753012,1.126854202784E-17,0.173648177667)
  );
#2706 = ADVANCED_FACE('',(#2707),#2718,.F.);
#2707 = FACE_BOUND('',#2708,.F.);
#2708 = EDGE_LOOP('',(#2709,#2715,#2716,#2717));
#2709 = ORIENTED_EDGE('',*,*,#2710,.T.);
#2710 = EDGE_CURVE('',#2078,#2170,#2711,.T.);
#2711 = LINE('',#2712,#2713);
#2712 = CARTESIAN_POINT('',(-0.991192795358,-1.15,0.232635182233));
#2713 = VECTOR('',#2714,1.);
#2714 = DIRECTION('',(1.144237745222E-17,1.,0.));
#2715 = ORIENTED_EDGE('',*,*,#2178,.T.);
#2716 = ORIENTED_EDGE('',*,*,#2696,.F.);
#2717 = ORIENTED_EDGE('',*,*,#2086,.F.);
#2718 = PLANE('',#2719);
#2719 = AXIS2_PLACEMENT_3D('',#2720,#2721,#2722);
#2720 = CARTESIAN_POINT('',(-0.991192795358,-1.15,0.232635182233));
#2721 = DIRECTION('',(0.987833053268,-1.130315865527E-17,-0.155518033909
    ));
#2722 = DIRECTION('',(0.155518033909,-1.779496044609E-18,0.987833053268)
  );
#2723 = ADVANCED_FACE('',(#2724),#2735,.F.);
#2724 = FACE_BOUND('',#2725,.F.);
#2725 = EDGE_LOOP('',(#2726,#2732,#2733,#2734));
#2726 = ORIENTED_EDGE('',*,*,#2727,.T.);
#2727 = EDGE_CURVE('',#2070,#2162,#2728,.T.);
#2728 = LINE('',#2729,#2730);
#2729 = CARTESIAN_POINT('',(-1.089673570659,-1.15,0.15));
#2730 = VECTOR('',#2731,1.);
#2731 = DIRECTION('',(1.144237745222E-17,1.,0.));
#2732 = ORIENTED_EDGE('',*,*,#2169,.T.);
#2733 = ORIENTED_EDGE('',*,*,#2710,.F.);
#2734 = ORIENTED_EDGE('',*,*,#2077,.F.);
#2735 = CYLINDRICAL_SURFACE('',#2736,0.1);
#2736 = AXIS2_PLACEMENT_3D('',#2737,#2738,#2739);
#2737 = CARTESIAN_POINT('',(-1.089673570659,-1.15,0.25));
#2738 = DIRECTION('',(-1.144237745222E-17,-1.,0.));
#2739 = DIRECTION('',(-2.22044604925E-15,2.540718180781E-32,-1.));
#2740 = ADVANCED_FACE('',(#2741),#2752,.F.);
#2741 = FACE_BOUND('',#2742,.F.);
#2742 = EDGE_LOOP('',(#2743,#2749,#2750,#2751));
#2743 = ORIENTED_EDGE('',*,*,#2744,.T.);
#2744 = EDGE_CURVE('',#2062,#2154,#2745,.T.);
#2745 = LINE('',#2746,#2747);
#2746 = CARTESIAN_POINT('',(-1.25,-1.15,0.15));
#2747 = VECTOR('',#2748,1.);
#2748 = DIRECTION('',(1.144237745222E-17,1.,0.));
#2749 = ORIENTED_EDGE('',*,*,#2161,.T.);
#2750 = ORIENTED_EDGE('',*,*,#2727,.F.);
#2751 = ORIENTED_EDGE('',*,*,#2069,.F.);
#2752 = PLANE('',#2753);
#2753 = AXIS2_PLACEMENT_3D('',#2754,#2755,#2756);
#2754 = CARTESIAN_POINT('',(-1.25,-1.15,0.15));
#2755 = DIRECTION('',(0.,0.,-1.));
#2756 = DIRECTION('',(1.,-1.144237745222E-17,0.));
#2757 = ADVANCED_FACE('',(#2758),#2769,.F.);
#2758 = FACE_BOUND('',#2759,.F.);
#2759 = EDGE_LOOP('',(#2760,#2766,#2767,#2768));
#2760 = ORIENTED_EDGE('',*,*,#2761,.T.);
#2761 = EDGE_CURVE('',#2054,#2146,#2762,.T.);
#2762 = LINE('',#2763,#2764);
#2763 = CARTESIAN_POINT('',(-1.25,-1.15,5.551115123126E-17));
#2764 = VECTOR('',#2765,1.);
#2765 = DIRECTION('',(1.144237745222E-17,1.,0.));
#2766 = ORIENTED_EDGE('',*,*,#2153,.T.);
#2767 = ORIENTED_EDGE('',*,*,#2744,.F.);
#2768 = ORIENTED_EDGE('',*,*,#2061,.F.);
#2769 = PLANE('',#2770);
#2770 = AXIS2_PLACEMENT_3D('',#2771,#2772,#2773);
#2771 = CARTESIAN_POINT('',(-1.25,-1.15,5.551115123126E-17));
#2772 = DIRECTION('',(1.,-1.144237745222E-17,0.));
#2773 = DIRECTION('',(0.,0.,1.));
#2774 = ADVANCED_FACE('',(#2775),#2786,.F.);
#2775 = FACE_BOUND('',#2776,.F.);
#2776 = EDGE_LOOP('',(#2777,#2783,#2784,#2785));
#2777 = ORIENTED_EDGE('',*,*,#2778,.T.);
#2778 = EDGE_CURVE('',#2045,#2137,#2779,.T.);
#2779 = LINE('',#2780,#2781);
#2780 = CARTESIAN_POINT('',(-1.089673570659,-1.15,5.551115123126E-17));
#2781 = VECTOR('',#2782,1.);
#2782 = DIRECTION('',(1.144237745222E-17,1.,0.));
#2783 = ORIENTED_EDGE('',*,*,#2145,.T.);
#2784 = ORIENTED_EDGE('',*,*,#2761,.F.);
#2785 = ORIENTED_EDGE('',*,*,#2053,.F.);
#2786 = PLANE('',#2787);
#2787 = AXIS2_PLACEMENT_3D('',#2788,#2789,#2790);
#2788 = CARTESIAN_POINT('',(-1.089673570659,-1.15,5.551115123126E-17));
#2789 = DIRECTION('',(0.,0.,1.));
#2790 = DIRECTION('',(-1.,1.144237745222E-17,0.));
#2791 = ADVANCED_FACE('',(#2792),#2798,.T.);
#2792 = FACE_BOUND('',#2793,.T.);
#2793 = EDGE_LOOP('',(#2794,#2795,#2796,#2797));
#2794 = ORIENTED_EDGE('',*,*,#2044,.T.);
#2795 = ORIENTED_EDGE('',*,*,#2778,.T.);
#2796 = ORIENTED_EDGE('',*,*,#2136,.F.);
#2797 = ORIENTED_EDGE('',*,*,#2118,.F.);
#2798 = CYLINDRICAL_SURFACE('',#2799,0.25);
#2799 = AXIS2_PLACEMENT_3D('',#2800,#2801,#2802);
#2800 = CARTESIAN_POINT('',(-1.089673570659,-1.15,0.25));
#2801 = DIRECTION('',(-1.144237745222E-17,-1.,0.));
#2802 = DIRECTION('',(0.984807753012,-1.126854202784E-17,-0.173648177667
    ));
#2803 = ADVANCED_FACE('',(#2804),#2815,.F.);
#2804 = FACE_BOUND('',#2805,.F.);
#2805 = EDGE_LOOP('',(#2806,#2812,#2813,#2814));
#2806 = ORIENTED_EDGE('',*,*,#2807,.T.);
#2807 = EDGE_CURVE('',#2262,#2354,#2808,.T.);
#2808 = LINE('',#2809,#2810);
#2809 = CARTESIAN_POINT('',(-0.991192795358,0.75,0.232635182233));
#2810 = VECTOR('',#2811,1.);
#2811 = DIRECTION('',(1.144237745222E-17,1.,0.));
#2812 = ORIENTED_EDGE('',*,*,#2362,.T.);
#2813 = ORIENTED_EDGE('',*,*,#2555,.F.);
#2814 = ORIENTED_EDGE('',*,*,#2270,.F.);
#2815 = PLANE('',#2816);
#2816 = AXIS2_PLACEMENT_3D('',#2817,#2818,#2819);
#2817 = CARTESIAN_POINT('',(-0.991192795358,0.75,0.232635182233));
#2818 = DIRECTION('',(0.987833053268,-1.130315865527E-17,-0.155518033909
    ));
#2819 = DIRECTION('',(0.155518033909,-1.779496044609E-18,0.987833053268)
  );
#2820 = ADVANCED_FACE('',(#2821),#2832,.F.);
#2821 = FACE_BOUND('',#2822,.F.);
#2822 = EDGE_LOOP('',(#2823,#2829,#2830,#2831));
#2823 = ORIENTED_EDGE('',*,*,#2824,.T.);
#2824 = EDGE_CURVE('',#2254,#2346,#2825,.T.);
#2825 = LINE('',#2826,#2827);
#2826 = CARTESIAN_POINT('',(-1.089673570659,0.75,0.15));
#2827 = VECTOR('',#2828,1.);
#2828 = DIRECTION('',(1.144237745222E-17,1.,0.));
#2829 = ORIENTED_EDGE('',*,*,#2353,.T.);
#2830 = ORIENTED_EDGE('',*,*,#2807,.F.);
#2831 = ORIENTED_EDGE('',*,*,#2261,.F.);
#2832 = CYLINDRICAL_SURFACE('',#2833,0.1);
#2833 = AXIS2_PLACEMENT_3D('',#2834,#2835,#2836);
#2834 = CARTESIAN_POINT('',(-1.089673570659,0.75,0.25));
#2835 = DIRECTION('',(-1.144237745222E-17,-1.,0.));
#2836 = DIRECTION('',(-2.22044604925E-15,2.540718180781E-32,-1.));
#2837 = ADVANCED_FACE('',(#2838),#2849,.F.);
#2838 = FACE_BOUND('',#2839,.F.);
#2839 = EDGE_LOOP('',(#2840,#2846,#2847,#2848));
#2840 = ORIENTED_EDGE('',*,*,#2841,.T.);
#2841 = EDGE_CURVE('',#2246,#2338,#2842,.T.);
#2842 = LINE('',#2843,#2844);
#2843 = CARTESIAN_POINT('',(-1.25,0.75,0.15));
#2844 = VECTOR('',#2845,1.);
#2845 = DIRECTION('',(1.144237745222E-17,1.,0.));
#2846 = ORIENTED_EDGE('',*,*,#2345,.T.);
#2847 = ORIENTED_EDGE('',*,*,#2824,.F.);
#2848 = ORIENTED_EDGE('',*,*,#2253,.F.);
#2849 = PLANE('',#2850);
#2850 = AXIS2_PLACEMENT_3D('',#2851,#2852,#2853);
#2851 = CARTESIAN_POINT('',(-1.25,0.75,0.15));
#2852 = DIRECTION('',(0.,0.,-1.));
#2853 = DIRECTION('',(1.,-1.144237745222E-17,0.));
#2854 = ADVANCED_FACE('',(#2855),#2866,.F.);
#2855 = FACE_BOUND('',#2856,.F.);
#2856 = EDGE_LOOP('',(#2857,#2863,#2864,#2865));
#2857 = ORIENTED_EDGE('',*,*,#2858,.T.);
#2858 = EDGE_CURVE('',#2238,#2330,#2859,.T.);
#2859 = LINE('',#2860,#2861);
#2860 = CARTESIAN_POINT('',(-1.25,0.75,5.551115123126E-17));
#2861 = VECTOR('',#2862,1.);
#2862 = DIRECTION('',(1.144237745222E-17,1.,0.));
#2863 = ORIENTED_EDGE('',*,*,#2337,.T.);
#2864 = ORIENTED_EDGE('',*,*,#2841,.F.);
#2865 = ORIENTED_EDGE('',*,*,#2245,.F.);
#2866 = PLANE('',#2867);
#2867 = AXIS2_PLACEMENT_3D('',#2868,#2869,#2870);
#2868 = CARTESIAN_POINT('',(-1.25,0.75,5.551115123126E-17));
#2869 = DIRECTION('',(1.,-1.144237745222E-17,0.));
#2870 = DIRECTION('',(0.,0.,1.));
#2871 = ADVANCED_FACE('',(#2872),#2883,.F.);
#2872 = FACE_BOUND('',#2873,.F.);
#2873 = EDGE_LOOP('',(#2874,#2880,#2881,#2882));
#2874 = ORIENTED_EDGE('',*,*,#2875,.T.);
#2875 = EDGE_CURVE('',#2229,#2321,#2876,.T.);
#2876 = LINE('',#2877,#2878);
#2877 = CARTESIAN_POINT('',(-1.089673570659,0.75,5.551115123126E-17));
#2878 = VECTOR('',#2879,1.);
#2879 = DIRECTION('',(1.144237745222E-17,1.,0.));
#2880 = ORIENTED_EDGE('',*,*,#2329,.T.);
#2881 = ORIENTED_EDGE('',*,*,#2858,.F.);
#2882 = ORIENTED_EDGE('',*,*,#2237,.F.);
#2883 = PLANE('',#2884);
#2884 = AXIS2_PLACEMENT_3D('',#2885,#2886,#2887);
#2885 = CARTESIAN_POINT('',(-1.089673570659,0.75,5.551115123126E-17));
#2886 = DIRECTION('',(0.,0.,1.));
#2887 = DIRECTION('',(-1.,1.144237745222E-17,0.));
#2888 = ADVANCED_FACE('',(#2889),#2895,.T.);
#2889 = FACE_BOUND('',#2890,.T.);
#2890 = EDGE_LOOP('',(#2891,#2892,#2893,#2894));
#2891 = ORIENTED_EDGE('',*,*,#2228,.T.);
#2892 = ORIENTED_EDGE('',*,*,#2875,.T.);
#2893 = ORIENTED_EDGE('',*,*,#2320,.F.);
#2894 = ORIENTED_EDGE('',*,*,#2302,.F.);
#2895 = CYLINDRICAL_SURFACE('',#2896,0.25);
#2896 = AXIS2_PLACEMENT_3D('',#2897,#2898,#2899);
#2897 = CARTESIAN_POINT('',(-1.089673570659,0.75,0.25));
#2898 = DIRECTION('',(-1.144237745222E-17,-1.,0.));
#2899 = DIRECTION('',(0.984807753012,-1.126854202784E-17,-0.173648177667
    ));
#2900 = ADVANCED_FACE('',(#2901),#2912,.F.);
#2901 = FACE_BOUND('',#2902,.F.);
#2902 = EDGE_LOOP('',(#2903,#2909,#2910,#2911));
#2903 = ORIENTED_EDGE('',*,*,#2904,.T.);
#2904 = EDGE_CURVE('',#2429,#2521,#2905,.T.);
#2905 = LINE('',#2906,#2907);
#2906 = CARTESIAN_POINT('',(0.991192795358,0.2,0.232635182233));
#2907 = VECTOR('',#2908,1.);
#2908 = DIRECTION('',(1.110223024625E-16,-1.,0.));
#2909 = ORIENTED_EDGE('',*,*,#2529,.T.);
#2910 = ORIENTED_EDGE('',*,*,#2667,.F.);
#2911 = ORIENTED_EDGE('',*,*,#2437,.F.);
#2912 = PLANE('',#2913);
#2913 = AXIS2_PLACEMENT_3D('',#2914,#2915,#2916);
#2914 = CARTESIAN_POINT('',(0.991192795358,0.2,0.232635182233));
#2915 = DIRECTION('',(-0.987833053268,-1.096715000224E-16,
    -0.155518033909));
#2916 = DIRECTION('',(-0.155518033909,-1.726597019897E-17,0.987833053268
    ));
#2917 = ADVANCED_FACE('',(#2918),#2929,.F.);
#2918 = FACE_BOUND('',#2919,.F.);
#2919 = EDGE_LOOP('',(#2920,#2926,#2927,#2928));
#2920 = ORIENTED_EDGE('',*,*,#2921,.T.);
#2921 = EDGE_CURVE('',#2421,#2513,#2922,.T.);
#2922 = LINE('',#2923,#2924);
#2923 = CARTESIAN_POINT('',(1.089673570659,0.2,0.15));
#2924 = VECTOR('',#2925,1.);
#2925 = DIRECTION('',(1.110223024625E-16,-1.,0.));
#2926 = ORIENTED_EDGE('',*,*,#2520,.T.);
#2927 = ORIENTED_EDGE('',*,*,#2904,.F.);
#2928 = ORIENTED_EDGE('',*,*,#2428,.F.);
#2929 = CYLINDRICAL_SURFACE('',#2930,0.1);
#2930 = AXIS2_PLACEMENT_3D('',#2931,#2932,#2933);
#2931 = CARTESIAN_POINT('',(1.089673570659,0.2,0.25));
#2932 = DIRECTION('',(-1.110223024625E-16,1.,0.));
#2933 = DIRECTION('',(2.22044604925E-15,2.465190328815E-31,-1.));
#2934 = ADVANCED_FACE('',(#2935),#2946,.F.);
#2935 = FACE_BOUND('',#2936,.F.);
#2936 = EDGE_LOOP('',(#2937,#2943,#2944,#2945));
#2937 = ORIENTED_EDGE('',*,*,#2938,.T.);
#2938 = EDGE_CURVE('',#2413,#2505,#2939,.T.);
#2939 = LINE('',#2940,#2941);
#2940 = CARTESIAN_POINT('',(1.25,0.2,0.15));
#2941 = VECTOR('',#2942,1.);
#2942 = DIRECTION('',(1.110223024625E-16,-1.,0.));
#2943 = ORIENTED_EDGE('',*,*,#2512,.T.);
#2944 = ORIENTED_EDGE('',*,*,#2921,.F.);
#2945 = ORIENTED_EDGE('',*,*,#2420,.F.);
#2946 = PLANE('',#2947);
#2947 = AXIS2_PLACEMENT_3D('',#2948,#2949,#2950);
#2948 = CARTESIAN_POINT('',(1.25,0.2,0.15));
#2949 = DIRECTION('',(0.,0.,-1.));
#2950 = DIRECTION('',(-1.,-1.110223024625E-16,-0.));
#2951 = ADVANCED_FACE('',(#2952),#2963,.F.);
#2952 = FACE_BOUND('',#2953,.F.);
#2953 = EDGE_LOOP('',(#2954,#2960,#2961,#2962));
#2954 = ORIENTED_EDGE('',*,*,#2955,.T.);
#2955 = EDGE_CURVE('',#2405,#2497,#2956,.T.);
#2956 = LINE('',#2957,#2958);
#2957 = CARTESIAN_POINT('',(1.25,0.2,5.551115123126E-17));
#2958 = VECTOR('',#2959,1.);
#2959 = DIRECTION('',(1.110223024625E-16,-1.,0.));
#2960 = ORIENTED_EDGE('',*,*,#2504,.T.);
#2961 = ORIENTED_EDGE('',*,*,#2938,.F.);
#2962 = ORIENTED_EDGE('',*,*,#2412,.F.);
#2963 = PLANE('',#2964);
#2964 = AXIS2_PLACEMENT_3D('',#2965,#2966,#2967);
#2965 = CARTESIAN_POINT('',(1.25,0.2,5.551115123126E-17));
#2966 = DIRECTION('',(-1.,-1.110223024625E-16,0.));
#2967 = DIRECTION('',(0.,0.,1.));
#2968 = ADVANCED_FACE('',(#2969),#2980,.F.);
#2969 = FACE_BOUND('',#2970,.F.);
#2970 = EDGE_LOOP('',(#2971,#2977,#2978,#2979));
#2971 = ORIENTED_EDGE('',*,*,#2972,.T.);
#2972 = EDGE_CURVE('',#2396,#2488,#2973,.T.);
#2973 = LINE('',#2974,#2975);
#2974 = CARTESIAN_POINT('',(1.089673570659,0.2,5.551115123126E-17));
#2975 = VECTOR('',#2976,1.);
#2976 = DIRECTION('',(1.110223024625E-16,-1.,0.));
#2977 = ORIENTED_EDGE('',*,*,#2496,.T.);
#2978 = ORIENTED_EDGE('',*,*,#2955,.F.);
#2979 = ORIENTED_EDGE('',*,*,#2404,.F.);
#2980 = PLANE('',#2981);
#2981 = AXIS2_PLACEMENT_3D('',#2982,#2983,#2984);
#2982 = CARTESIAN_POINT('',(1.089673570659,0.2,5.551115123126E-17));
#2983 = DIRECTION('',(0.,0.,1.));
#2984 = DIRECTION('',(1.,1.110223024625E-16,-0.));
#2985 = ADVANCED_FACE('',(#2986),#2992,.T.);
#2986 = FACE_BOUND('',#2987,.T.);
#2987 = EDGE_LOOP('',(#2988,#2989,#2990,#2991));
#2988 = ORIENTED_EDGE('',*,*,#2395,.T.);
#2989 = ORIENTED_EDGE('',*,*,#2972,.T.);
#2990 = ORIENTED_EDGE('',*,*,#2487,.F.);
#2991 = ORIENTED_EDGE('',*,*,#2469,.F.);
#2992 = CYLINDRICAL_SURFACE('',#2993,0.25);
#2993 = AXIS2_PLACEMENT_3D('',#2994,#2995,#2996);
#2994 = CARTESIAN_POINT('',(1.089673570659,0.2,0.25));
#2995 = DIRECTION('',(-1.110223024625E-16,1.,0.));
#2996 = DIRECTION('',(-0.984807753012,-1.093356242223E-16,
    -0.173648177667));
#2997 = ADVANCED_FACE('',(#2998),#3001,.F.);
#2998 = FACE_BOUND('',#2999,.T.);
#2999 = EDGE_LOOP('',(#3000));
#3000 = ORIENTED_EDGE('',*,*,#2615,.F.);
#3001 = PLANE('',#3002);
#3002 = AXIS2_PLACEMENT_3D('',#3003,#3004,#3005);
#3003 = CARTESIAN_POINT('',(-0.428243103516,1.228243103516,1.2));
#3004 = DIRECTION('',(0.,0.,-1.));
#3005 = DIRECTION('',(1.110223024625E-16,-1.,0.));
#3006 = ( GEOMETRIC_REPRESENTATION_CONTEXT(3) 
GLOBAL_UNCERTAINTY_ASSIGNED_CONTEXT((#3010)) 
GLOBAL_UNIT_ASSIGNED_CONTEXT((#3007,#3008,#3009)) REPRESENTATION_CONTEXT
('Context #1','3D Context with UNIT and UNCERTAINTY') );
#3007 = ( LENGTH_UNIT() NAMED_UNIT(*) SI_UNIT(.MILLI.,.METRE.) );
#3008 = ( NAMED_UNIT(*) PLANE_ANGLE_UNIT() SI_UNIT($,.RADIAN.) );
#3009 = ( NAMED_UNIT(*) SI_UNIT($,.STERADIAN.) SOLID_ANGLE_UNIT() );
#3010 = UNCERTAINTY_MEASURE_WITH_UNIT(LENGTH_MEASURE(1.E-07),#3007,
  'distance_accuracy_value','confusion accuracy');
#3011 = CONTEXT_DEPENDENT_SHAPE_REPRESENTATION(#3012,#3014);
#3012 = ( REPRESENTATION_RELATIONSHIP('','',#1023,#1000) 
REPRESENTATION_RELATIONSHIP_WITH_TRANSFORMATION(#3013) 
SHAPE_REPRESENTATION_RELATIONSHIP() );
#3013 = ITEM_DEFINED_TRANSFORMATION('','',#11,#1001);
#3014 = PRODUCT_DEFINITION_SHAPE('Placement','Placement of an item',
  #3015);
#3015 = NEXT_ASSEMBLY_USAGE_OCCURRENCE('7','=>[0:1:1:5]','',#995,#1018,$
  );
#3016 = PRODUCT_RELATED_PRODUCT_CATEGORY('part',$,(#1020));
#3017 = CONTEXT_DEPENDENT_SHAPE_REPRESENTATION(#3018,#3020);
#3018 = ( REPRESENTATION_RELATIONSHIP('','',#84,#10) 
REPRESENTATION_RELATIONSHIP_WITH_TRANSFORMATION(#3019) 
SHAPE_REPRESENTATION_RELATIONSHIP() );
#3019 = ITEM_DEFINED_TRANSFORMATION('','',#11,#39);
#3020 = PRODUCT_DEFINITION_SHAPE('Placement','Placement of an item',
  #3021);
#3021 = NEXT_ASSEMBLY_USAGE_OCCURRENCE('9','C6','',#5,#79,$);
#3022 = CONTEXT_DEPENDENT_SHAPE_REPRESENTATION(#3023,#3025);
#3023 = ( REPRESENTATION_RELATIONSHIP('','',#84,#10) 
REPRESENTATION_RELATIONSHIP_WITH_TRANSFORMATION(#3024) 
SHAPE_REPRESENTATION_RELATIONSHIP() );
#3024 = ITEM_DEFINED_TRANSFORMATION('','',#11,#43);
#3025 = PRODUCT_DEFINITION_SHAPE('Placement','Placement of an item',
  #3026);
#3026 = NEXT_ASSEMBLY_USAGE_OCCURRENCE('10','C9','',#5,#79,$);
#3027 = CONTEXT_DEPENDENT_SHAPE_REPRESENTATION(#3028,#3030);
#3028 = ( REPRESENTATION_RELATIONSHIP('','',#84,#10) 
REPRESENTATION_RELATIONSHIP_WITH_TRANSFORMATION(#3029) 
SHAPE_REPRESENTATION_RELATIONSHIP() );
#3029 = ITEM_DEFINED_TRANSFORMATION('','',#11,#47);
#3030 = PRODUCT_DEFINITION_SHAPE('Placement','Placement of an item',
  #3031);
#3031 = NEXT_ASSEMBLY_USAGE_OCCURRENCE('11','C5','',#5,#79,$);
#3032 = CONTEXT_DEPENDENT_SHAPE_REPRESENTATION(#3033,#3035);
#3033 = ( REPRESENTATION_RELATIONSHIP('','',#84,#10) 
REPRESENTATION_RELATIONSHIP_WITH_TRANSFORMATION(#3034) 
SHAPE_REPRESENTATION_RELATIONSHIP() );
#3034 = ITEM_DEFINED_TRANSFORMATION('','',#11,#51);
#3035 = PRODUCT_DEFINITION_SHAPE('Placement','Placement of an item',
  #3036);
#3036 = NEXT_ASSEMBLY_USAGE_OCCURRENCE('12','C4','',#5,#79,$);
#3037 = SHAPE_DEFINITION_REPRESENTATION(#3038,#3044);
#3038 = PRODUCT_DEFINITION_SHAPE('','',#3039);
#3039 = PRODUCT_DEFINITION('design','',#3040,#3043);
#3040 = PRODUCT_DEFINITION_FORMATION('','',#3041);
#3041 = PRODUCT('R_0805_2012Metric','R_0805_2012Metric','',(#3042));
#3042 = PRODUCT_CONTEXT('',#2,'mechanical');
#3043 = PRODUCT_DEFINITION_CONTEXT('part definition',#2,'design');
#3044 = SHAPE_REPRESENTATION('',(#11,#3045),#3049);
#3045 = AXIS2_PLACEMENT_3D('',#3046,#3047,#3048);
#3046 = CARTESIAN_POINT('',(0.,0.,0.));
#3047 = DIRECTION('',(0.,0.,1.));
#3048 = DIRECTION('',(1.,0.,-0.));
#3049 = ( GEOMETRIC_REPRESENTATION_CONTEXT(3) 
GLOBAL_UNCERTAINTY_ASSIGNED_CONTEXT((#3053)) 
GLOBAL_UNIT_ASSIGNED_CONTEXT((#3050,#3051,#3052)) REPRESENTATION_CONTEXT
('Context #1','3D Context with UNIT and UNCERTAINTY') );
#3050 = ( LENGTH_UNIT() NAMED_UNIT(*) SI_UNIT(.MILLI.,.METRE.) );
#3051 = ( NAMED_UNIT(*) PLANE_ANGLE_UNIT() SI_UNIT($,.RADIAN.) );
#3052 = ( NAMED_UNIT(*) SI_UNIT($,.STERADIAN.) SOLID_ANGLE_UNIT() );
#3053 = UNCERTAINTY_MEASURE_WITH_UNIT(LENGTH_MEASURE(1.E-07),#3050,
  'distance_accuracy_value','confusion accuracy');
#3054 = CONTEXT_DEPENDENT_SHAPE_REPRESENTATION(#3055,#3057);
#3055 = ( REPRESENTATION_RELATIONSHIP('','',#3044,#10) 
REPRESENTATION_RELATIONSHIP_WITH_TRANSFORMATION(#3056) 
SHAPE_REPRESENTATION_RELATIONSHIP() );
#3056 = ITEM_DEFINED_TRANSFORMATION('','',#11,#55);
#3057 = PRODUCT_DEFINITION_SHAPE('Placement','Placement of an item',
  #3058);
#3058 = NEXT_ASSEMBLY_USAGE_OCCURRENCE('14','R2','',#5,#3039,$);
#3059 = PRODUCT_RELATED_PRODUCT_CATEGORY('part',$,(#3041));
#3060 = SHAPE_DEFINITION_REPRESENTATION(#3061,#3067);
#3061 = PRODUCT_DEFINITION_SHAPE('','',#3062);
#3062 = PRODUCT_DEFINITION('design','',#3063,#3066);
#3063 = PRODUCT_DEFINITION_FORMATION('','',#3064);
#3064 = PRODUCT('R_0805_2012Metric','R_0805_2012Metric','',(#3065));
#3065 = PRODUCT_CONTEXT('',#2,'mechanical');
#3066 = PRODUCT_DEFINITION_CONTEXT('part definition',#2,'design');
#3067 = ADVANCED_BREP_SHAPE_REPRESENTATION('',(#11,#3068),#3858);
#3068 = MANIFOLD_SOLID_BREP('',#3069);
#3069 = CLOSED_SHELL('',(#3070,#3110,#3193,#3218,#3243,#3310,#3327,#3344
    ,#3393,#3410,#3427,#3476,#3493,#3562,#3593,#3617,#3686,#3710,#3727,
    #3744,#3761,#3778,#3795,#3812,#3829,#3846));
#3070 = ADVANCED_FACE('',(#3071),#3105,.F.);
#3071 = FACE_BOUND('',#3072,.F.);
#3072 = EDGE_LOOP('',(#3073,#3083,#3091,#3099));
#3073 = ORIENTED_EDGE('',*,*,#3074,.F.);
#3074 = EDGE_CURVE('',#3075,#3077,#3079,.T.);
#3075 = VERTEX_POINT('',#3076);
#3076 = CARTESIAN_POINT('',(-1.,-0.6,4.5E-02));
#3077 = VERTEX_POINT('',#3078);
#3078 = CARTESIAN_POINT('',(-1.,-0.6,0.405));
#3079 = LINE('',#3080,#3081);
#3080 = CARTESIAN_POINT('',(-1.,-0.6,0.));
#3081 = VECTOR('',#3082,1.);
#3082 = DIRECTION('',(0.,0.,1.));
#3083 = ORIENTED_EDGE('',*,*,#3084,.T.);
#3084 = EDGE_CURVE('',#3075,#3085,#3087,.T.);
#3085 = VERTEX_POINT('',#3086);
#3086 = CARTESIAN_POINT('',(-1.,0.6,4.5E-02));
#3087 = LINE('',#3088,#3089);
#3088 = CARTESIAN_POINT('',(-1.,-0.6,4.5E-02));
#3089 = VECTOR('',#3090,1.);
#3090 = DIRECTION('',(0.,1.,0.));
#3091 = ORIENTED_EDGE('',*,*,#3092,.T.);
#3092 = EDGE_CURVE('',#3085,#3093,#3095,.T.);
#3093 = VERTEX_POINT('',#3094);
#3094 = CARTESIAN_POINT('',(-1.,0.6,0.405));
#3095 = LINE('',#3096,#3097);
#3096 = CARTESIAN_POINT('',(-1.,0.6,0.));
#3097 = VECTOR('',#3098,1.);
#3098 = DIRECTION('',(0.,0.,1.));
#3099 = ORIENTED_EDGE('',*,*,#3100,.F.);
#3100 = EDGE_CURVE('',#3077,#3093,#3101,.T.);
#3101 = LINE('',#3102,#3103);
#3102 = CARTESIAN_POINT('',(-1.,-0.6,0.405));
#3103 = VECTOR('',#3104,1.);
#3104 = DIRECTION('',(0.,1.,0.));
#3105 = PLANE('',#3106);
#3106 = AXIS2_PLACEMENT_3D('',#3107,#3108,#3109);
#3107 = CARTESIAN_POINT('',(-1.,-0.6,0.));
#3108 = DIRECTION('',(1.,0.,0.));
#3109 = DIRECTION('',(0.,0.,1.));
#3110 = ADVANCED_FACE('',(#3111),#3188,.F.);
#3111 = FACE_BOUND('',#3112,.F.);
#3112 = EDGE_LOOP('',(#3113,#3123,#3130,#3131,#3140,#3148,#3157,#3165,
    #3173,#3181));
#3113 = ORIENTED_EDGE('',*,*,#3114,.F.);
#3114 = EDGE_CURVE('',#3115,#3117,#3119,.T.);
#3115 = VERTEX_POINT('',#3116);
#3116 = CARTESIAN_POINT('',(-0.955,-0.6,-2.775557561563E-17));
#3117 = VERTEX_POINT('',#3118);
#3118 = CARTESIAN_POINT('',(-0.745,-0.6,-2.775557561563E-17));
#3119 = LINE('',#3120,#3121);
#3120 = CARTESIAN_POINT('',(-1.,-0.6,0.));
#3121 = VECTOR('',#3122,1.);
#3122 = DIRECTION('',(1.,0.,0.));
#3123 = ORIENTED_EDGE('',*,*,#3124,.F.);
#3124 = EDGE_CURVE('',#3075,#3115,#3125,.T.);
#3125 = CIRCLE('',#3126,4.5E-02);
#3126 = AXIS2_PLACEMENT_3D('',#3127,#3128,#3129);
#3127 = CARTESIAN_POINT('',(-0.955,-0.6,4.5E-02));
#3128 = DIRECTION('',(0.,-1.,0.));
#3129 = DIRECTION('',(0.,0.,1.));
#3130 = ORIENTED_EDGE('',*,*,#3074,.T.);
#3131 = ORIENTED_EDGE('',*,*,#3132,.T.);
#3132 = EDGE_CURVE('',#3077,#3133,#3135,.T.);
#3133 = VERTEX_POINT('',#3134);
#3134 = CARTESIAN_POINT('',(-0.955,-0.6,0.45));
#3135 = CIRCLE('',#3136,4.5E-02);
#3136 = AXIS2_PLACEMENT_3D('',#3137,#3138,#3139);
#3137 = CARTESIAN_POINT('',(-0.955,-0.6,0.405));
#3138 = DIRECTION('',(0.,1.,0.));
#3139 = DIRECTION('',(0.,-0.,1.));
#3140 = ORIENTED_EDGE('',*,*,#3141,.T.);
#3141 = EDGE_CURVE('',#3133,#3142,#3144,.T.);
#3142 = VERTEX_POINT('',#3143);
#3143 = CARTESIAN_POINT('',(-0.745,-0.6,0.45));
#3144 = LINE('',#3145,#3146);
#3145 = CARTESIAN_POINT('',(-1.,-0.6,0.45));
#3146 = VECTOR('',#3147,1.);
#3147 = DIRECTION('',(1.,0.,0.));
#3148 = ORIENTED_EDGE('',*,*,#3149,.F.);
#3149 = EDGE_CURVE('',#3150,#3142,#3152,.T.);
#3150 = VERTEX_POINT('',#3151);
#3151 = CARTESIAN_POINT('',(-0.7,-0.6,0.405));
#3152 = CIRCLE('',#3153,4.5E-02);
#3153 = AXIS2_PLACEMENT_3D('',#3154,#3155,#3156);
#3154 = CARTESIAN_POINT('',(-0.745,-0.6,0.405));
#3155 = DIRECTION('',(0.,-1.,0.));
#3156 = DIRECTION('',(0.,0.,1.));
#3157 = ORIENTED_EDGE('',*,*,#3158,.F.);
#3158 = EDGE_CURVE('',#3159,#3150,#3161,.T.);
#3159 = VERTEX_POINT('',#3160);
#3160 = CARTESIAN_POINT('',(-0.955,-0.6,0.405));
#3161 = LINE('',#3162,#3163);
#3162 = CARTESIAN_POINT('',(-0.955,-0.6,0.405));
#3163 = VECTOR('',#3164,1.);
#3164 = DIRECTION('',(1.,0.,0.));
#3165 = ORIENTED_EDGE('',*,*,#3166,.F.);
#3166 = EDGE_CURVE('',#3167,#3159,#3169,.T.);
#3167 = VERTEX_POINT('',#3168);
#3168 = CARTESIAN_POINT('',(-0.955,-0.6,4.5E-02));
#3169 = LINE('',#3170,#3171);
#3170 = CARTESIAN_POINT('',(-0.955,-0.6,4.5E-02));
#3171 = VECTOR('',#3172,1.);
#3172 = DIRECTION('',(0.,0.,1.));
#3173 = ORIENTED_EDGE('',*,*,#3174,.T.);
#3174 = EDGE_CURVE('',#3167,#3175,#3177,.T.);
#3175 = VERTEX_POINT('',#3176);
#3176 = CARTESIAN_POINT('',(-0.7,-0.6,4.5E-02));
#3177 = LINE('',#3178,#3179);
#3178 = CARTESIAN_POINT('',(-0.955,-0.6,4.5E-02));
#3179 = VECTOR('',#3180,1.);
#3180 = DIRECTION('',(1.,0.,0.));
#3181 = ORIENTED_EDGE('',*,*,#3182,.T.);
#3182 = EDGE_CURVE('',#3175,#3117,#3183,.T.);
#3183 = CIRCLE('',#3184,4.5E-02);
#3184 = AXIS2_PLACEMENT_3D('',#3185,#3186,#3187);
#3185 = CARTESIAN_POINT('',(-0.745,-0.6,4.5E-02));
#3186 = DIRECTION('',(0.,1.,0.));
#3187 = DIRECTION('',(0.,-0.,1.));
#3188 = PLANE('',#3189);
#3189 = AXIS2_PLACEMENT_3D('',#3190,#3191,#3192);
#3190 = CARTESIAN_POINT('',(-1.,-0.6,0.));
#3191 = DIRECTION('',(0.,1.,0.));
#3192 = DIRECTION('',(0.,-0.,1.));
#3193 = ADVANCED_FACE('',(#3194),#3213,.T.);
#3194 = FACE_BOUND('',#3195,.T.);
#3195 = EDGE_LOOP('',(#3196,#3197,#3206,#3212));
#3196 = ORIENTED_EDGE('',*,*,#3084,.T.);
#3197 = ORIENTED_EDGE('',*,*,#3198,.T.);
#3198 = EDGE_CURVE('',#3085,#3199,#3201,.T.);
#3199 = VERTEX_POINT('',#3200);
#3200 = CARTESIAN_POINT('',(-0.955,0.6,-2.775557561563E-17));
#3201 = CIRCLE('',#3202,4.5E-02);
#3202 = AXIS2_PLACEMENT_3D('',#3203,#3204,#3205);
#3203 = CARTESIAN_POINT('',(-0.955,0.6,4.5E-02));
#3204 = DIRECTION('',(0.,-1.,0.));
#3205 = DIRECTION('',(0.,0.,1.));
#3206 = ORIENTED_EDGE('',*,*,#3207,.F.);
#3207 = EDGE_CURVE('',#3115,#3199,#3208,.T.);
#3208 = LINE('',#3209,#3210);
#3209 = CARTESIAN_POINT('',(-0.955,-0.6,-2.775557561563E-17));
#3210 = VECTOR('',#3211,1.);
#3211 = DIRECTION('',(0.,1.,0.));
#3212 = ORIENTED_EDGE('',*,*,#3124,.F.);
#3213 = CYLINDRICAL_SURFACE('',#3214,4.5E-02);
#3214 = AXIS2_PLACEMENT_3D('',#3215,#3216,#3217);
#3215 = CARTESIAN_POINT('',(-0.955,-0.6,4.5E-02));
#3216 = DIRECTION('',(0.,1.,0.));
#3217 = DIRECTION('',(-1.,0.,0.));
#3218 = ADVANCED_FACE('',(#3219),#3238,.T.);
#3219 = FACE_BOUND('',#3220,.T.);
#3220 = EDGE_LOOP('',(#3221,#3222,#3230,#3237));
#3221 = ORIENTED_EDGE('',*,*,#3132,.T.);
#3222 = ORIENTED_EDGE('',*,*,#3223,.T.);
#3223 = EDGE_CURVE('',#3133,#3224,#3226,.T.);
#3224 = VERTEX_POINT('',#3225);
#3225 = CARTESIAN_POINT('',(-0.955,0.6,0.45));
#3226 = LINE('',#3227,#3228);
#3227 = CARTESIAN_POINT('',(-0.955,-0.6,0.45));
#3228 = VECTOR('',#3229,1.);
#3229 = DIRECTION('',(0.,1.,0.));
#3230 = ORIENTED_EDGE('',*,*,#3231,.F.);
#3231 = EDGE_CURVE('',#3093,#3224,#3232,.T.);
#3232 = CIRCLE('',#3233,4.5E-02);
#3233 = AXIS2_PLACEMENT_3D('',#3234,#3235,#3236);
#3234 = CARTESIAN_POINT('',(-0.955,0.6,0.405));
#3235 = DIRECTION('',(0.,1.,0.));
#3236 = DIRECTION('',(0.,-0.,1.));
#3237 = ORIENTED_EDGE('',*,*,#3100,.F.);
#3238 = CYLINDRICAL_SURFACE('',#3239,4.5E-02);
#3239 = AXIS2_PLACEMENT_3D('',#3240,#3241,#3242);
#3240 = CARTESIAN_POINT('',(-0.955,-0.6,0.405));
#3241 = DIRECTION('',(0.,1.,0.));
#3242 = DIRECTION('',(-1.,0.,0.));
#3243 = ADVANCED_FACE('',(#3244),#3305,.T.);
#3244 = FACE_BOUND('',#3245,.T.);
#3245 = EDGE_LOOP('',(#3246,#3254,#3255,#3256,#3257,#3265,#3274,#3282,
    #3290,#3298));
#3246 = ORIENTED_EDGE('',*,*,#3247,.F.);
#3247 = EDGE_CURVE('',#3199,#3248,#3250,.T.);
#3248 = VERTEX_POINT('',#3249);
#3249 = CARTESIAN_POINT('',(-0.745,0.6,-2.775557561563E-17));
#3250 = LINE('',#3251,#3252);
#3251 = CARTESIAN_POINT('',(-1.,0.6,0.));
#3252 = VECTOR('',#3253,1.);
#3253 = DIRECTION('',(1.,0.,0.));
#3254 = ORIENTED_EDGE('',*,*,#3198,.F.);
#3255 = ORIENTED_EDGE('',*,*,#3092,.T.);
#3256 = ORIENTED_EDGE('',*,*,#3231,.T.);
#3257 = ORIENTED_EDGE('',*,*,#3258,.T.);
#3258 = EDGE_CURVE('',#3224,#3259,#3261,.T.);
#3259 = VERTEX_POINT('',#3260);
#3260 = CARTESIAN_POINT('',(-0.745,0.6,0.45));
#3261 = LINE('',#3262,#3263);
#3262 = CARTESIAN_POINT('',(-1.,0.6,0.45));
#3263 = VECTOR('',#3264,1.);
#3264 = DIRECTION('',(1.,0.,0.));
#3265 = ORIENTED_EDGE('',*,*,#3266,.F.);
#3266 = EDGE_CURVE('',#3267,#3259,#3269,.T.);
#3267 = VERTEX_POINT('',#3268);
#3268 = CARTESIAN_POINT('',(-0.7,0.6,0.405));
#3269 = CIRCLE('',#3270,4.5E-02);
#3270 = AXIS2_PLACEMENT_3D('',#3271,#3272,#3273);
#3271 = CARTESIAN_POINT('',(-0.745,0.6,0.405));
#3272 = DIRECTION('',(0.,-1.,0.));
#3273 = DIRECTION('',(0.,0.,1.));
#3274 = ORIENTED_EDGE('',*,*,#3275,.F.);
#3275 = EDGE_CURVE('',#3276,#3267,#3278,.T.);
#3276 = VERTEX_POINT('',#3277);
#3277 = CARTESIAN_POINT('',(-0.955,0.6,0.405));
#3278 = LINE('',#3279,#3280);
#3279 = CARTESIAN_POINT('',(-0.955,0.6,0.405));
#3280 = VECTOR('',#3281,1.);
#3281 = DIRECTION('',(1.,0.,0.));
#3282 = ORIENTED_EDGE('',*,*,#3283,.F.);
#3283 = EDGE_CURVE('',#3284,#3276,#3286,.T.);
#3284 = VERTEX_POINT('',#3285);
#3285 = CARTESIAN_POINT('',(-0.955,0.6,4.5E-02));
#3286 = LINE('',#3287,#3288);
#3287 = CARTESIAN_POINT('',(-0.955,0.6,4.5E-02));
#3288 = VECTOR('',#3289,1.);
#3289 = DIRECTION('',(0.,0.,1.));
#3290 = ORIENTED_EDGE('',*,*,#3291,.T.);
#3291 = EDGE_CURVE('',#3284,#3292,#3294,.T.);
#3292 = VERTEX_POINT('',#3293);
#3293 = CARTESIAN_POINT('',(-0.7,0.6,4.5E-02));
#3294 = LINE('',#3295,#3296);
#3295 = CARTESIAN_POINT('',(-0.955,0.6,4.5E-02));
#3296 = VECTOR('',#3297,1.);
#3297 = DIRECTION('',(1.,0.,0.));
#3298 = ORIENTED_EDGE('',*,*,#3299,.T.);
#3299 = EDGE_CURVE('',#3292,#3248,#3300,.T.);
#3300 = CIRCLE('',#3301,4.5E-02);
#3301 = AXIS2_PLACEMENT_3D('',#3302,#3303,#3304);
#3302 = CARTESIAN_POINT('',(-0.745,0.6,4.5E-02));
#3303 = DIRECTION('',(0.,1.,0.));
#3304 = DIRECTION('',(0.,-0.,1.));
#3305 = PLANE('',#3306);
#3306 = AXIS2_PLACEMENT_3D('',#3307,#3308,#3309);
#3307 = CARTESIAN_POINT('',(-1.,0.6,0.));
#3308 = DIRECTION('',(0.,1.,0.));
#3309 = DIRECTION('',(0.,-0.,1.));
#3310 = ADVANCED_FACE('',(#3311),#3322,.F.);
#3311 = FACE_BOUND('',#3312,.F.);
#3312 = EDGE_LOOP('',(#3313,#3314,#3315,#3316));
#3313 = ORIENTED_EDGE('',*,*,#3247,.F.);
#3314 = ORIENTED_EDGE('',*,*,#3207,.F.);
#3315 = ORIENTED_EDGE('',*,*,#3114,.T.);
#3316 = ORIENTED_EDGE('',*,*,#3317,.T.);
#3317 = EDGE_CURVE('',#3117,#3248,#3318,.T.);
#3318 = LINE('',#3319,#3320);
#3319 = CARTESIAN_POINT('',(-0.745,-0.6,-2.775557561563E-17));
#3320 = VECTOR('',#3321,1.);
#3321 = DIRECTION('',(0.,1.,0.));
#3322 = PLANE('',#3323);
#3323 = AXIS2_PLACEMENT_3D('',#3324,#3325,#3326);
#3324 = CARTESIAN_POINT('',(-1.,-0.6,0.));
#3325 = DIRECTION('',(0.,0.,1.));
#3326 = DIRECTION('',(1.,0.,-0.));
#3327 = ADVANCED_FACE('',(#3328),#3339,.T.);
#3328 = FACE_BOUND('',#3329,.T.);
#3329 = EDGE_LOOP('',(#3330,#3331,#3332,#3333));
#3330 = ORIENTED_EDGE('',*,*,#3182,.T.);
#3331 = ORIENTED_EDGE('',*,*,#3317,.T.);
#3332 = ORIENTED_EDGE('',*,*,#3299,.F.);
#3333 = ORIENTED_EDGE('',*,*,#3334,.F.);
#3334 = EDGE_CURVE('',#3175,#3292,#3335,.T.);
#3335 = LINE('',#3336,#3337);
#3336 = CARTESIAN_POINT('',(-0.7,-0.6,4.5E-02));
#3337 = VECTOR('',#3338,1.);
#3338 = DIRECTION('',(0.,1.,0.));
#3339 = CYLINDRICAL_SURFACE('',#3340,4.5E-02);
#3340 = AXIS2_PLACEMENT_3D('',#3341,#3342,#3343);
#3341 = CARTESIAN_POINT('',(-0.745,-0.6,4.5E-02));
#3342 = DIRECTION('',(0.,1.,0.));
#3343 = DIRECTION('',(1.,0.,0.));
#3344 = ADVANCED_FACE('',(#3345),#3388,.F.);
#3345 = FACE_BOUND('',#3346,.F.);
#3346 = EDGE_LOOP('',(#3347,#3348,#3349,#3350,#3358,#3366,#3374,#3382));
#3347 = ORIENTED_EDGE('',*,*,#3174,.F.);
#3348 = ORIENTED_EDGE('',*,*,#3166,.T.);
#3349 = ORIENTED_EDGE('',*,*,#3158,.T.);
#3350 = ORIENTED_EDGE('',*,*,#3351,.T.);
#3351 = EDGE_CURVE('',#3150,#3352,#3354,.T.);
#3352 = VERTEX_POINT('',#3353);
#3353 = CARTESIAN_POINT('',(0.7,-0.6,0.405));
#3354 = LINE('',#3355,#3356);
#3355 = CARTESIAN_POINT('',(-0.7,-0.6,0.405));
#3356 = VECTOR('',#3357,1.);
#3357 = DIRECTION('',(1.,0.,0.));
#3358 = ORIENTED_EDGE('',*,*,#3359,.T.);
#3359 = EDGE_CURVE('',#3352,#3360,#3362,.T.);
#3360 = VERTEX_POINT('',#3361);
#3361 = CARTESIAN_POINT('',(0.955,-0.6,0.405));
#3362 = LINE('',#3363,#3364);
#3363 = CARTESIAN_POINT('',(-0.955,-0.6,0.405));
#3364 = VECTOR('',#3365,1.);
#3365 = DIRECTION('',(1.,0.,0.));
#3366 = ORIENTED_EDGE('',*,*,#3367,.F.);
#3367 = EDGE_CURVE('',#3368,#3360,#3370,.T.);
#3368 = VERTEX_POINT('',#3369);
#3369 = CARTESIAN_POINT('',(0.955,-0.6,4.5E-02));
#3370 = LINE('',#3371,#3372);
#3371 = CARTESIAN_POINT('',(0.955,-0.6,4.5E-02));
#3372 = VECTOR('',#3373,1.);
#3373 = DIRECTION('',(0.,0.,1.));
#3374 = ORIENTED_EDGE('',*,*,#3375,.F.);
#3375 = EDGE_CURVE('',#3376,#3368,#3378,.T.);
#3376 = VERTEX_POINT('',#3377);
#3377 = CARTESIAN_POINT('',(0.7,-0.6,4.5E-02));
#3378 = LINE('',#3379,#3380);
#3379 = CARTESIAN_POINT('',(-0.955,-0.6,4.5E-02));
#3380 = VECTOR('',#3381,1.);
#3381 = DIRECTION('',(1.,0.,0.));
#3382 = ORIENTED_EDGE('',*,*,#3383,.F.);
#3383 = EDGE_CURVE('',#3175,#3376,#3384,.T.);
#3384 = LINE('',#3385,#3386);
#3385 = CARTESIAN_POINT('',(-0.955,-0.6,4.5E-02));
#3386 = VECTOR('',#3387,1.);
#3387 = DIRECTION('',(1.,0.,0.));
#3388 = PLANE('',#3389);
#3389 = AXIS2_PLACEMENT_3D('',#3390,#3391,#3392);
#3390 = CARTESIAN_POINT('',(-0.955,-0.6,4.5E-02));
#3391 = DIRECTION('',(0.,1.,0.));
#3392 = DIRECTION('',(0.,-0.,1.));
#3393 = ADVANCED_FACE('',(#3394),#3405,.T.);
#3394 = FACE_BOUND('',#3395,.T.);
#3395 = EDGE_LOOP('',(#3396,#3397,#3398,#3399));
#3396 = ORIENTED_EDGE('',*,*,#3258,.F.);
#3397 = ORIENTED_EDGE('',*,*,#3223,.F.);
#3398 = ORIENTED_EDGE('',*,*,#3141,.T.);
#3399 = ORIENTED_EDGE('',*,*,#3400,.T.);
#3400 = EDGE_CURVE('',#3142,#3259,#3401,.T.);
#3401 = LINE('',#3402,#3403);
#3402 = CARTESIAN_POINT('',(-0.745,-0.6,0.45));
#3403 = VECTOR('',#3404,1.);
#3404 = DIRECTION('',(0.,1.,0.));
#3405 = PLANE('',#3406);
#3406 = AXIS2_PLACEMENT_3D('',#3407,#3408,#3409);
#3407 = CARTESIAN_POINT('',(-1.,-0.6,0.45));
#3408 = DIRECTION('',(0.,0.,1.));
#3409 = DIRECTION('',(1.,0.,-0.));
#3410 = ADVANCED_FACE('',(#3411),#3422,.T.);
#3411 = FACE_BOUND('',#3412,.T.);
#3412 = EDGE_LOOP('',(#3413,#3419,#3420,#3421));
#3413 = ORIENTED_EDGE('',*,*,#3414,.T.);
#3414 = EDGE_CURVE('',#3150,#3267,#3415,.T.);
#3415 = LINE('',#3416,#3417);
#3416 = CARTESIAN_POINT('',(-0.7,-0.6,0.405));
#3417 = VECTOR('',#3418,1.);
#3418 = DIRECTION('',(0.,1.,0.));
#3419 = ORIENTED_EDGE('',*,*,#3266,.T.);
#3420 = ORIENTED_EDGE('',*,*,#3400,.F.);
#3421 = ORIENTED_EDGE('',*,*,#3149,.F.);
#3422 = CYLINDRICAL_SURFACE('',#3423,4.5E-02);
#3423 = AXIS2_PLACEMENT_3D('',#3424,#3425,#3426);
#3424 = CARTESIAN_POINT('',(-0.745,-0.6,0.405));
#3425 = DIRECTION('',(0.,1.,0.));
#3426 = DIRECTION('',(1.,0.,0.));
#3427 = ADVANCED_FACE('',(#3428),#3471,.T.);
#3428 = FACE_BOUND('',#3429,.T.);
#3429 = EDGE_LOOP('',(#3430,#3431,#3432,#3433,#3441,#3449,#3457,#3465));
#3430 = ORIENTED_EDGE('',*,*,#3291,.F.);
#3431 = ORIENTED_EDGE('',*,*,#3283,.T.);
#3432 = ORIENTED_EDGE('',*,*,#3275,.T.);
#3433 = ORIENTED_EDGE('',*,*,#3434,.T.);
#3434 = EDGE_CURVE('',#3267,#3435,#3437,.T.);
#3435 = VERTEX_POINT('',#3436);
#3436 = CARTESIAN_POINT('',(0.7,0.6,0.405));
#3437 = LINE('',#3438,#3439);
#3438 = CARTESIAN_POINT('',(-0.7,0.6,0.405));
#3439 = VECTOR('',#3440,1.);
#3440 = DIRECTION('',(1.,0.,0.));
#3441 = ORIENTED_EDGE('',*,*,#3442,.T.);
#3442 = EDGE_CURVE('',#3435,#3443,#3445,.T.);
#3443 = VERTEX_POINT('',#3444);
#3444 = CARTESIAN_POINT('',(0.955,0.6,0.405));
#3445 = LINE('',#3446,#3447);
#3446 = CARTESIAN_POINT('',(-0.955,0.6,0.405));
#3447 = VECTOR('',#3448,1.);
#3448 = DIRECTION('',(1.,0.,0.));
#3449 = ORIENTED_EDGE('',*,*,#3450,.F.);
#3450 = EDGE_CURVE('',#3451,#3443,#3453,.T.);
#3451 = VERTEX_POINT('',#3452);
#3452 = CARTESIAN_POINT('',(0.955,0.6,4.5E-02));
#3453 = LINE('',#3454,#3455);
#3454 = CARTESIAN_POINT('',(0.955,0.6,4.5E-02));
#3455 = VECTOR('',#3456,1.);
#3456 = DIRECTION('',(0.,0.,1.));
#3457 = ORIENTED_EDGE('',*,*,#3458,.F.);
#3458 = EDGE_CURVE('',#3459,#3451,#3461,.T.);
#3459 = VERTEX_POINT('',#3460);
#3460 = CARTESIAN_POINT('',(0.7,0.6,4.5E-02));
#3461 = LINE('',#3462,#3463);
#3462 = CARTESIAN_POINT('',(-0.955,0.6,4.5E-02));
#3463 = VECTOR('',#3464,1.);
#3464 = DIRECTION('',(1.,0.,0.));
#3465 = ORIENTED_EDGE('',*,*,#3466,.F.);
#3466 = EDGE_CURVE('',#3292,#3459,#3467,.T.);
#3467 = LINE('',#3468,#3469);
#3468 = CARTESIAN_POINT('',(-0.955,0.6,4.5E-02));
#3469 = VECTOR('',#3470,1.);
#3470 = DIRECTION('',(1.,0.,0.));
#3471 = PLANE('',#3472);
#3472 = AXIS2_PLACEMENT_3D('',#3473,#3474,#3475);
#3473 = CARTESIAN_POINT('',(-0.955,0.6,4.5E-02));
#3474 = DIRECTION('',(0.,1.,0.));
#3475 = DIRECTION('',(0.,-0.,1.));
#3476 = ADVANCED_FACE('',(#3477),#3488,.F.);
#3477 = FACE_BOUND('',#3478,.F.);
#3478 = EDGE_LOOP('',(#3479,#3480,#3481,#3487));
#3479 = ORIENTED_EDGE('',*,*,#3334,.F.);
#3480 = ORIENTED_EDGE('',*,*,#3383,.T.);
#3481 = ORIENTED_EDGE('',*,*,#3482,.T.);
#3482 = EDGE_CURVE('',#3376,#3459,#3483,.T.);
#3483 = LINE('',#3484,#3485);
#3484 = CARTESIAN_POINT('',(0.7,-0.6,4.5E-02));
#3485 = VECTOR('',#3486,1.);
#3486 = DIRECTION('',(0.,1.,0.));
#3487 = ORIENTED_EDGE('',*,*,#3466,.F.);
#3488 = PLANE('',#3489);
#3489 = AXIS2_PLACEMENT_3D('',#3490,#3491,#3492);
#3490 = CARTESIAN_POINT('',(-0.955,-0.6,4.5E-02));
#3491 = DIRECTION('',(0.,0.,1.));
#3492 = DIRECTION('',(1.,0.,-0.));
#3493 = ADVANCED_FACE('',(#3494),#3557,.F.);
#3494 = FACE_BOUND('',#3495,.F.);
#3495 = EDGE_LOOP('',(#3496,#3506,#3513,#3514,#3515,#3516,#3525,#3533,
    #3542,#3550));
#3496 = ORIENTED_EDGE('',*,*,#3497,.F.);
#3497 = EDGE_CURVE('',#3498,#3500,#3502,.T.);
#3498 = VERTEX_POINT('',#3499);
#3499 = CARTESIAN_POINT('',(0.745,-0.6,-2.775557561563E-17));
#3500 = VERTEX_POINT('',#3501);
#3501 = CARTESIAN_POINT('',(0.955,-0.6,-2.775557561563E-17));
#3502 = LINE('',#3503,#3504);
#3503 = CARTESIAN_POINT('',(0.7,-0.6,0.));
#3504 = VECTOR('',#3505,1.);
#3505 = DIRECTION('',(1.,0.,0.));
#3506 = ORIENTED_EDGE('',*,*,#3507,.F.);
#3507 = EDGE_CURVE('',#3376,#3498,#3508,.T.);
#3508 = CIRCLE('',#3509,4.5E-02);
#3509 = AXIS2_PLACEMENT_3D('',#3510,#3511,#3512);
#3510 = CARTESIAN_POINT('',(0.745,-0.6,4.5E-02));
#3511 = DIRECTION('',(0.,-1.,0.));
#3512 = DIRECTION('',(0.,0.,1.));
#3513 = ORIENTED_EDGE('',*,*,#3375,.T.);
#3514 = ORIENTED_EDGE('',*,*,#3367,.T.);
#3515 = ORIENTED_EDGE('',*,*,#3359,.F.);
#3516 = ORIENTED_EDGE('',*,*,#3517,.T.);
#3517 = EDGE_CURVE('',#3352,#3518,#3520,.T.);
#3518 = VERTEX_POINT('',#3519);
#3519 = CARTESIAN_POINT('',(0.745,-0.6,0.45));
#3520 = CIRCLE('',#3521,4.5E-02);
#3521 = AXIS2_PLACEMENT_3D('',#3522,#3523,#3524);
#3522 = CARTESIAN_POINT('',(0.745,-0.6,0.405));
#3523 = DIRECTION('',(0.,1.,0.));
#3524 = DIRECTION('',(0.,-0.,1.));
#3525 = ORIENTED_EDGE('',*,*,#3526,.T.);
#3526 = EDGE_CURVE('',#3518,#3527,#3529,.T.);
#3527 = VERTEX_POINT('',#3528);
#3528 = CARTESIAN_POINT('',(0.955,-0.6,0.45));
#3529 = LINE('',#3530,#3531);
#3530 = CARTESIAN_POINT('',(0.7,-0.6,0.45));
#3531 = VECTOR('',#3532,1.);
#3532 = DIRECTION('',(1.,0.,0.));
#3533 = ORIENTED_EDGE('',*,*,#3534,.F.);
#3534 = EDGE_CURVE('',#3535,#3527,#3537,.T.);
#3535 = VERTEX_POINT('',#3536);
#3536 = CARTESIAN_POINT('',(1.,-0.6,0.405));
#3537 = CIRCLE('',#3538,4.5E-02);
#3538 = AXIS2_PLACEMENT_3D('',#3539,#3540,#3541);
#3539 = CARTESIAN_POINT('',(0.955,-0.6,0.405));
#3540 = DIRECTION('',(0.,-1.,0.));
#3541 = DIRECTION('',(0.,0.,1.));
#3542 = ORIENTED_EDGE('',*,*,#3543,.F.);
#3543 = EDGE_CURVE('',#3544,#3535,#3546,.T.);
#3544 = VERTEX_POINT('',#3545);
#3545 = CARTESIAN_POINT('',(1.,-0.6,4.5E-02));
#3546 = LINE('',#3547,#3548);
#3547 = CARTESIAN_POINT('',(1.,-0.6,0.));
#3548 = VECTOR('',#3549,1.);
#3549 = DIRECTION('',(0.,0.,1.));
#3550 = ORIENTED_EDGE('',*,*,#3551,.T.);
#3551 = EDGE_CURVE('',#3544,#3500,#3552,.T.);
#3552 = CIRCLE('',#3553,4.5E-02);
#3553 = AXIS2_PLACEMENT_3D('',#3554,#3555,#3556);
#3554 = CARTESIAN_POINT('',(0.955,-0.6,4.5E-02));
#3555 = DIRECTION('',(0.,1.,0.));
#3556 = DIRECTION('',(0.,-0.,1.));
#3557 = PLANE('',#3558);
#3558 = AXIS2_PLACEMENT_3D('',#3559,#3560,#3561);
#3559 = CARTESIAN_POINT('',(0.7,-0.6,0.));
#3560 = DIRECTION('',(0.,1.,0.));
#3561 = DIRECTION('',(0.,-0.,1.));
#3562 = ADVANCED_FACE('',(#3563),#3588,.F.);
#3563 = FACE_BOUND('',#3564,.F.);
#3564 = EDGE_LOOP('',(#3565,#3566,#3574,#3582));
#3565 = ORIENTED_EDGE('',*,*,#3351,.F.);
#3566 = ORIENTED_EDGE('',*,*,#3567,.T.);
#3567 = EDGE_CURVE('',#3150,#3568,#3570,.T.);
#3568 = VERTEX_POINT('',#3569);
#3569 = CARTESIAN_POINT('',(-0.7,-0.6,0.45));
#3570 = LINE('',#3571,#3572);
#3571 = CARTESIAN_POINT('',(-0.7,-0.6,0.405));
#3572 = VECTOR('',#3573,1.);
#3573 = DIRECTION('',(0.,0.,1.));
#3574 = ORIENTED_EDGE('',*,*,#3575,.T.);
#3575 = EDGE_CURVE('',#3568,#3576,#3578,.T.);
#3576 = VERTEX_POINT('',#3577);
#3577 = CARTESIAN_POINT('',(0.7,-0.6,0.45));
#3578 = LINE('',#3579,#3580);
#3579 = CARTESIAN_POINT('',(-0.7,-0.6,0.45));
#3580 = VECTOR('',#3581,1.);
#3581 = DIRECTION('',(1.,0.,0.));
#3582 = ORIENTED_EDGE('',*,*,#3583,.F.);
#3583 = EDGE_CURVE('',#3352,#3576,#3584,.T.);
#3584 = LINE('',#3585,#3586);
#3585 = CARTESIAN_POINT('',(0.7,-0.6,0.405));
#3586 = VECTOR('',#3587,1.);
#3587 = DIRECTION('',(0.,0.,1.));
#3588 = PLANE('',#3589);
#3589 = AXIS2_PLACEMENT_3D('',#3590,#3591,#3592);
#3590 = CARTESIAN_POINT('',(-0.7,-0.6,0.405));
#3591 = DIRECTION('',(0.,1.,0.));
#3592 = DIRECTION('',(0.,-0.,1.));
#3593 = ADVANCED_FACE('',(#3594),#3612,.F.);
#3594 = FACE_BOUND('',#3595,.F.);
#3595 = EDGE_LOOP('',(#3596,#3597,#3598,#3606));
#3596 = ORIENTED_EDGE('',*,*,#3567,.F.);
#3597 = ORIENTED_EDGE('',*,*,#3414,.T.);
#3598 = ORIENTED_EDGE('',*,*,#3599,.T.);
#3599 = EDGE_CURVE('',#3267,#3600,#3602,.T.);
#3600 = VERTEX_POINT('',#3601);
#3601 = CARTESIAN_POINT('',(-0.7,0.6,0.45));
#3602 = LINE('',#3603,#3604);
#3603 = CARTESIAN_POINT('',(-0.7,0.6,0.405));
#3604 = VECTOR('',#3605,1.);
#3605 = DIRECTION('',(0.,0.,1.));
#3606 = ORIENTED_EDGE('',*,*,#3607,.F.);
#3607 = EDGE_CURVE('',#3568,#3600,#3608,.T.);
#3608 = LINE('',#3609,#3610);
#3609 = CARTESIAN_POINT('',(-0.7,-0.6,0.45));
#3610 = VECTOR('',#3611,1.);
#3611 = DIRECTION('',(0.,1.,0.));
#3612 = PLANE('',#3613);
#3613 = AXIS2_PLACEMENT_3D('',#3614,#3615,#3616);
#3614 = CARTESIAN_POINT('',(-0.7,-0.6,0.405));
#3615 = DIRECTION('',(1.,0.,0.));
#3616 = DIRECTION('',(0.,0.,1.));
#3617 = ADVANCED_FACE('',(#3618),#3681,.T.);
#3618 = FACE_BOUND('',#3619,.T.);
#3619 = EDGE_LOOP('',(#3620,#3630,#3637,#3638,#3639,#3640,#3649,#3657,
    #3666,#3674));
#3620 = ORIENTED_EDGE('',*,*,#3621,.F.);
#3621 = EDGE_CURVE('',#3622,#3624,#3626,.T.);
#3622 = VERTEX_POINT('',#3623);
#3623 = CARTESIAN_POINT('',(0.745,0.6,-2.775557561563E-17));
#3624 = VERTEX_POINT('',#3625);
#3625 = CARTESIAN_POINT('',(0.955,0.6,-2.775557561563E-17));
#3626 = LINE('',#3627,#3628);
#3627 = CARTESIAN_POINT('',(0.7,0.6,0.));
#3628 = VECTOR('',#3629,1.);
#3629 = DIRECTION('',(1.,0.,0.));
#3630 = ORIENTED_EDGE('',*,*,#3631,.F.);
#3631 = EDGE_CURVE('',#3459,#3622,#3632,.T.);
#3632 = CIRCLE('',#3633,4.5E-02);
#3633 = AXIS2_PLACEMENT_3D('',#3634,#3635,#3636);
#3634 = CARTESIAN_POINT('',(0.745,0.6,4.5E-02));
#3635 = DIRECTION('',(0.,-1.,0.));
#3636 = DIRECTION('',(0.,0.,1.));
#3637 = ORIENTED_EDGE('',*,*,#3458,.T.);
#3638 = ORIENTED_EDGE('',*,*,#3450,.T.);
#3639 = ORIENTED_EDGE('',*,*,#3442,.F.);
#3640 = ORIENTED_EDGE('',*,*,#3641,.T.);
#3641 = EDGE_CURVE('',#3435,#3642,#3644,.T.);
#3642 = VERTEX_POINT('',#3643);
#3643 = CARTESIAN_POINT('',(0.745,0.6,0.45));
#3644 = CIRCLE('',#3645,4.5E-02);
#3645 = AXIS2_PLACEMENT_3D('',#3646,#3647,#3648);
#3646 = CARTESIAN_POINT('',(0.745,0.6,0.405));
#3647 = DIRECTION('',(0.,1.,0.));
#3648 = DIRECTION('',(0.,-0.,1.));
#3649 = ORIENTED_EDGE('',*,*,#3650,.T.);
#3650 = EDGE_CURVE('',#3642,#3651,#3653,.T.);
#3651 = VERTEX_POINT('',#3652);
#3652 = CARTESIAN_POINT('',(0.955,0.6,0.45));
#3653 = LINE('',#3654,#3655);
#3654 = CARTESIAN_POINT('',(0.7,0.6,0.45));
#3655 = VECTOR('',#3656,1.);
#3656 = DIRECTION('',(1.,0.,0.));
#3657 = ORIENTED_EDGE('',*,*,#3658,.F.);
#3658 = EDGE_CURVE('',#3659,#3651,#3661,.T.);
#3659 = VERTEX_POINT('',#3660);
#3660 = CARTESIAN_POINT('',(1.,0.6,0.405));
#3661 = CIRCLE('',#3662,4.5E-02);
#3662 = AXIS2_PLACEMENT_3D('',#3663,#3664,#3665);
#3663 = CARTESIAN_POINT('',(0.955,0.6,0.405));
#3664 = DIRECTION('',(0.,-1.,0.));
#3665 = DIRECTION('',(0.,0.,1.));
#3666 = ORIENTED_EDGE('',*,*,#3667,.F.);
#3667 = EDGE_CURVE('',#3668,#3659,#3670,.T.);
#3668 = VERTEX_POINT('',#3669);
#3669 = CARTESIAN_POINT('',(1.,0.6,4.5E-02));
#3670 = LINE('',#3671,#3672);
#3671 = CARTESIAN_POINT('',(1.,0.6,0.));
#3672 = VECTOR('',#3673,1.);
#3673 = DIRECTION('',(0.,0.,1.));
#3674 = ORIENTED_EDGE('',*,*,#3675,.T.);
#3675 = EDGE_CURVE('',#3668,#3624,#3676,.T.);
#3676 = CIRCLE('',#3677,4.5E-02);
#3677 = AXIS2_PLACEMENT_3D('',#3678,#3679,#3680);
#3678 = CARTESIAN_POINT('',(0.955,0.6,4.5E-02));
#3679 = DIRECTION('',(0.,1.,0.));
#3680 = DIRECTION('',(0.,-0.,1.));
#3681 = PLANE('',#3682);
#3682 = AXIS2_PLACEMENT_3D('',#3683,#3684,#3685);
#3683 = CARTESIAN_POINT('',(0.7,0.6,0.));
#3684 = DIRECTION('',(0.,1.,0.));
#3685 = DIRECTION('',(0.,-0.,1.));
#3686 = ADVANCED_FACE('',(#3687),#3705,.T.);
#3687 = FACE_BOUND('',#3688,.T.);
#3688 = EDGE_LOOP('',(#3689,#3690,#3691,#3699));
#3689 = ORIENTED_EDGE('',*,*,#3434,.F.);
#3690 = ORIENTED_EDGE('',*,*,#3599,.T.);
#3691 = ORIENTED_EDGE('',*,*,#3692,.T.);
#3692 = EDGE_CURVE('',#3600,#3693,#3695,.T.);
#3693 = VERTEX_POINT('',#3694);
#3694 = CARTESIAN_POINT('',(0.7,0.6,0.45));
#3695 = LINE('',#3696,#3697);
#3696 = CARTESIAN_POINT('',(-0.7,0.6,0.45));
#3697 = VECTOR('',#3698,1.);
#3698 = DIRECTION('',(1.,0.,0.));
#3699 = ORIENTED_EDGE('',*,*,#3700,.F.);
#3700 = EDGE_CURVE('',#3435,#3693,#3701,.T.);
#3701 = LINE('',#3702,#3703);
#3702 = CARTESIAN_POINT('',(0.7,0.6,0.405));
#3703 = VECTOR('',#3704,1.);
#3704 = DIRECTION('',(0.,0.,1.));
#3705 = PLANE('',#3706);
#3706 = AXIS2_PLACEMENT_3D('',#3707,#3708,#3709);
#3707 = CARTESIAN_POINT('',(-0.7,0.6,0.405));
#3708 = DIRECTION('',(0.,1.,0.));
#3709 = DIRECTION('',(0.,-0.,1.));
#3710 = ADVANCED_FACE('',(#3711),#3722,.T.);
#3711 = FACE_BOUND('',#3712,.T.);
#3712 = EDGE_LOOP('',(#3713,#3714,#3715,#3721));
#3713 = ORIENTED_EDGE('',*,*,#3482,.T.);
#3714 = ORIENTED_EDGE('',*,*,#3631,.T.);
#3715 = ORIENTED_EDGE('',*,*,#3716,.F.);
#3716 = EDGE_CURVE('',#3498,#3622,#3717,.T.);
#3717 = LINE('',#3718,#3719);
#3718 = CARTESIAN_POINT('',(0.745,-0.6,-2.775557561563E-17));
#3719 = VECTOR('',#3720,1.);
#3720 = DIRECTION('',(0.,1.,0.));
#3721 = ORIENTED_EDGE('',*,*,#3507,.F.);
#3722 = CYLINDRICAL_SURFACE('',#3723,4.5E-02);
#3723 = AXIS2_PLACEMENT_3D('',#3724,#3725,#3726);
#3724 = CARTESIAN_POINT('',(0.745,-0.6,4.5E-02));
#3725 = DIRECTION('',(0.,1.,0.));
#3726 = DIRECTION('',(-1.,0.,0.));
#3727 = ADVANCED_FACE('',(#3728),#3739,.F.);
#3728 = FACE_BOUND('',#3729,.F.);
#3729 = EDGE_LOOP('',(#3730,#3731,#3732,#3733));
#3730 = ORIENTED_EDGE('',*,*,#3621,.F.);
#3731 = ORIENTED_EDGE('',*,*,#3716,.F.);
#3732 = ORIENTED_EDGE('',*,*,#3497,.T.);
#3733 = ORIENTED_EDGE('',*,*,#3734,.T.);
#3734 = EDGE_CURVE('',#3500,#3624,#3735,.T.);
#3735 = LINE('',#3736,#3737);
#3736 = CARTESIAN_POINT('',(0.955,-0.6,-2.775557561563E-17));
#3737 = VECTOR('',#3738,1.);
#3738 = DIRECTION('',(0.,1.,0.));
#3739 = PLANE('',#3740);
#3740 = AXIS2_PLACEMENT_3D('',#3741,#3742,#3743);
#3741 = CARTESIAN_POINT('',(0.7,-0.6,0.));
#3742 = DIRECTION('',(0.,0.,1.));
#3743 = DIRECTION('',(1.,0.,-0.));
#3744 = ADVANCED_FACE('',(#3745),#3756,.T.);
#3745 = FACE_BOUND('',#3746,.T.);
#3746 = EDGE_LOOP('',(#3747,#3748,#3749,#3750));
#3747 = ORIENTED_EDGE('',*,*,#3551,.T.);
#3748 = ORIENTED_EDGE('',*,*,#3734,.T.);
#3749 = ORIENTED_EDGE('',*,*,#3675,.F.);
#3750 = ORIENTED_EDGE('',*,*,#3751,.F.);
#3751 = EDGE_CURVE('',#3544,#3668,#3752,.T.);
#3752 = LINE('',#3753,#3754);
#3753 = CARTESIAN_POINT('',(1.,-0.6,4.5E-02));
#3754 = VECTOR('',#3755,1.);
#3755 = DIRECTION('',(0.,1.,0.));
#3756 = CYLINDRICAL_SURFACE('',#3757,4.5E-02);
#3757 = AXIS2_PLACEMENT_3D('',#3758,#3759,#3760);
#3758 = CARTESIAN_POINT('',(0.955,-0.6,4.5E-02));
#3759 = DIRECTION('',(0.,1.,0.));
#3760 = DIRECTION('',(1.,0.,0.));
#3761 = ADVANCED_FACE('',(#3762),#3773,.T.);
#3762 = FACE_BOUND('',#3763,.T.);
#3763 = EDGE_LOOP('',(#3764,#3765,#3766,#3767));
#3764 = ORIENTED_EDGE('',*,*,#3543,.F.);
#3765 = ORIENTED_EDGE('',*,*,#3751,.T.);
#3766 = ORIENTED_EDGE('',*,*,#3667,.T.);
#3767 = ORIENTED_EDGE('',*,*,#3768,.F.);
#3768 = EDGE_CURVE('',#3535,#3659,#3769,.T.);
#3769 = LINE('',#3770,#3771);
#3770 = CARTESIAN_POINT('',(1.,-0.6,0.405));
#3771 = VECTOR('',#3772,1.);
#3772 = DIRECTION('',(0.,1.,0.));
#3773 = PLANE('',#3774);
#3774 = AXIS2_PLACEMENT_3D('',#3775,#3776,#3777);
#3775 = CARTESIAN_POINT('',(1.,-0.6,0.));
#3776 = DIRECTION('',(1.,0.,0.));
#3777 = DIRECTION('',(0.,0.,1.));
#3778 = ADVANCED_FACE('',(#3779),#3790,.T.);
#3779 = FACE_BOUND('',#3780,.T.);
#3780 = EDGE_LOOP('',(#3781,#3782,#3783,#3789));
#3781 = ORIENTED_EDGE('',*,*,#3768,.T.);
#3782 = ORIENTED_EDGE('',*,*,#3658,.T.);
#3783 = ORIENTED_EDGE('',*,*,#3784,.F.);
#3784 = EDGE_CURVE('',#3527,#3651,#3785,.T.);
#3785 = LINE('',#3786,#3787);
#3786 = CARTESIAN_POINT('',(0.955,-0.6,0.45));
#3787 = VECTOR('',#3788,1.);
#3788 = DIRECTION('',(0.,1.,0.));
#3789 = ORIENTED_EDGE('',*,*,#3534,.F.);
#3790 = CYLINDRICAL_SURFACE('',#3791,4.5E-02);
#3791 = AXIS2_PLACEMENT_3D('',#3792,#3793,#3794);
#3792 = CARTESIAN_POINT('',(0.955,-0.6,0.405));
#3793 = DIRECTION('',(0.,1.,0.));
#3794 = DIRECTION('',(1.,0.,0.));
#3795 = ADVANCED_FACE('',(#3796),#3807,.T.);
#3796 = FACE_BOUND('',#3797,.T.);
#3797 = EDGE_LOOP('',(#3798,#3799,#3805,#3806));
#3798 = ORIENTED_EDGE('',*,*,#3650,.F.);
#3799 = ORIENTED_EDGE('',*,*,#3800,.F.);
#3800 = EDGE_CURVE('',#3518,#3642,#3801,.T.);
#3801 = LINE('',#3802,#3803);
#3802 = CARTESIAN_POINT('',(0.745,-0.6,0.45));
#3803 = VECTOR('',#3804,1.);
#3804 = DIRECTION('',(0.,1.,0.));
#3805 = ORIENTED_EDGE('',*,*,#3526,.T.);
#3806 = ORIENTED_EDGE('',*,*,#3784,.T.);
#3807 = PLANE('',#3808);
#3808 = AXIS2_PLACEMENT_3D('',#3809,#3810,#3811);
#3809 = CARTESIAN_POINT('',(0.7,-0.6,0.45));
#3810 = DIRECTION('',(0.,0.,1.));
#3811 = DIRECTION('',(1.,0.,-0.));
#3812 = ADVANCED_FACE('',(#3813),#3824,.T.);
#3813 = FACE_BOUND('',#3814,.T.);
#3814 = EDGE_LOOP('',(#3815,#3816,#3817,#3818));
#3815 = ORIENTED_EDGE('',*,*,#3517,.T.);
#3816 = ORIENTED_EDGE('',*,*,#3800,.T.);
#3817 = ORIENTED_EDGE('',*,*,#3641,.F.);
#3818 = ORIENTED_EDGE('',*,*,#3819,.F.);
#3819 = EDGE_CURVE('',#3352,#3435,#3820,.T.);
#3820 = LINE('',#3821,#3822);
#3821 = CARTESIAN_POINT('',(0.7,-0.6,0.405));
#3822 = VECTOR('',#3823,1.);
#3823 = DIRECTION('',(0.,1.,0.));
#3824 = CYLINDRICAL_SURFACE('',#3825,4.5E-02);
#3825 = AXIS2_PLACEMENT_3D('',#3826,#3827,#3828);
#3826 = CARTESIAN_POINT('',(0.745,-0.6,0.405));
#3827 = DIRECTION('',(0.,1.,0.));
#3828 = DIRECTION('',(-1.,0.,0.));
#3829 = ADVANCED_FACE('',(#3830),#3841,.T.);
#3830 = FACE_BOUND('',#3831,.T.);
#3831 = EDGE_LOOP('',(#3832,#3833,#3834,#3835));
#3832 = ORIENTED_EDGE('',*,*,#3583,.F.);
#3833 = ORIENTED_EDGE('',*,*,#3819,.T.);
#3834 = ORIENTED_EDGE('',*,*,#3700,.T.);
#3835 = ORIENTED_EDGE('',*,*,#3836,.F.);
#3836 = EDGE_CURVE('',#3576,#3693,#3837,.T.);
#3837 = LINE('',#3838,#3839);
#3838 = CARTESIAN_POINT('',(0.7,-0.6,0.45));
#3839 = VECTOR('',#3840,1.);
#3840 = DIRECTION('',(0.,1.,0.));
#3841 = PLANE('',#3842);
#3842 = AXIS2_PLACEMENT_3D('',#3843,#3844,#3845);
#3843 = CARTESIAN_POINT('',(0.7,-0.6,0.405));
#3844 = DIRECTION('',(1.,0.,0.));
#3845 = DIRECTION('',(0.,0.,1.));
#3846 = ADVANCED_FACE('',(#3847),#3853,.T.);
#3847 = FACE_BOUND('',#3848,.T.);
#3848 = EDGE_LOOP('',(#3849,#3850,#3851,#3852));
#3849 = ORIENTED_EDGE('',*,*,#3607,.F.);
#3850 = ORIENTED_EDGE('',*,*,#3575,.T.);
#3851 = ORIENTED_EDGE('',*,*,#3836,.T.);
#3852 = ORIENTED_EDGE('',*,*,#3692,.F.);
#3853 = PLANE('',#3854);
#3854 = AXIS2_PLACEMENT_3D('',#3855,#3856,#3857);
#3855 = CARTESIAN_POINT('',(-0.7,-0.6,0.45));
#3856 = DIRECTION('',(0.,0.,1.));
#3857 = DIRECTION('',(1.,0.,-0.));
#3858 = ( GEOMETRIC_REPRESENTATION_CONTEXT(3) 
GLOBAL_UNCERTAINTY_ASSIGNED_CONTEXT((#3862)) 
GLOBAL_UNIT_ASSIGNED_CONTEXT((#3859,#3860,#3861)) REPRESENTATION_CONTEXT
('Context #1','3D Context with UNIT and UNCERTAINTY') );
#3859 = ( LENGTH_UNIT() NAMED_UNIT(*) SI_UNIT(.MILLI.,.METRE.) );
#3860 = ( NAMED_UNIT(*) PLANE_ANGLE_UNIT() SI_UNIT($,.RADIAN.) );
#3861 = ( NAMED_UNIT(*) SI_UNIT($,.STERADIAN.) SOLID_ANGLE_UNIT() );
#3862 = UNCERTAINTY_MEASURE_WITH_UNIT(LENGTH_MEASURE(1.E-07),#3859,
  'distance_accuracy_value','confusion accuracy');
#3863 = CONTEXT_DEPENDENT_SHAPE_REPRESENTATION(#3864,#3866);
#3864 = ( REPRESENTATION_RELATIONSHIP('','',#3067,#3044) 
REPRESENTATION_RELATIONSHIP_WITH_TRANSFORMATION(#3865) 
SHAPE_REPRESENTATION_RELATIONSHIP() );
#3865 = ITEM_DEFINED_TRANSFORMATION('','',#11,#3045);
#3866 = PRODUCT_DEFINITION_SHAPE('Placement','Placement of an item',
  #3867);
#3867 = NEXT_ASSEMBLY_USAGE_OCCURRENCE('13','=>[0:1:1:7]','',#3039,#3062
  ,$);
#3868 = PRODUCT_RELATED_PRODUCT_CATEGORY('part',$,(#3064));
#3869 = CONTEXT_DEPENDENT_SHAPE_REPRESENTATION(#3870,#3872);
#3870 = ( REPRESENTATION_RELATIONSHIP('','',#3044,#10) 
REPRESENTATION_RELATIONSHIP_WITH_TRANSFORMATION(#3871) 
SHAPE_REPRESENTATION_RELATIONSHIP() );
#3871 = ITEM_DEFINED_TRANSFORMATION('','',#11,#59);
#3872 = PRODUCT_DEFINITION_SHAPE('Placement','Placement of an item',
  #3873);
#3873 = NEXT_ASSEMBLY_USAGE_OCCURRENCE('15','R3','',#5,#3039,$);
#3874 = CONTEXT_DEPENDENT_SHAPE_REPRESENTATION(#3875,#3877);
#3875 = ( REPRESENTATION_RELATIONSHIP('','',#3044,#10) 
REPRESENTATION_RELATIONSHIP_WITH_TRANSFORMATION(#3876) 
SHAPE_REPRESENTATION_RELATIONSHIP() );
#3876 = ITEM_DEFINED_TRANSFORMATION('','',#11,#63);
#3877 = PRODUCT_DEFINITION_SHAPE('Placement','Placement of an item',
  #3878);
#3878 = NEXT_ASSEMBLY_USAGE_OCCURRENCE('16','R1','',#5,#3039,$);
#3879 = SHAPE_DEFINITION_REPRESENTATION(#3880,#3886);
#3880 = PRODUCT_DEFINITION_SHAPE('','',#3881);
#3881 = PRODUCT_DEFINITION('design','',#3882,#3885);
#3882 = PRODUCT_DEFINITION_FORMATION('','',#3883);
#3883 = PRODUCT('Mouse v3_PCB','Mouse v3_PCB','',(#3884));
#3884 = PRODUCT_CONTEXT('',#2,'mechanical');
#3885 = PRODUCT_DEFINITION_CONTEXT('part definition',#2,'design');
#3886 = ADVANCED_BREP_SHAPE_REPRESENTATION('',(#11,#3887),#6235);
#3887 = MANIFOLD_SOLID_BREP('',#3888);
#3888 = CLOSED_SHELL('',(#3889,#3929,#3960,#3991,#4614,#5237,#5254,#5271
    ,#5283,#5300,#5317,#5334,#5351,#5368,#5385,#5402,#5419,#5436,#5453,
    #5470,#5487,#5504,#5521,#5538,#5555,#5572,#5589,#5606,#5623,#5640,
    #5657,#5674,#5691,#5708,#5725,#5742,#5764,#5781,#5798,#5810,#5827,
    #5844,#5861,#5878,#5895,#5912,#5929,#5946,#5963,#5980,#5997,#6019,
    #6036,#6053,#6065,#6082,#6099,#6121,#6138,#6155,#6167,#6184,#6201,
    #6218));
#3889 = ADVANCED_FACE('',(#3890),#3924,.T.);
#3890 = FACE_BOUND('',#3891,.T.);
#3891 = EDGE_LOOP('',(#3892,#3902,#3910,#3918));
#3892 = ORIENTED_EDGE('',*,*,#3893,.T.);
#3893 = EDGE_CURVE('',#3894,#3896,#3898,.T.);
#3894 = VERTEX_POINT('',#3895);
#3895 = CARTESIAN_POINT('',(164.,-111.,0.));
#3896 = VERTEX_POINT('',#3897);
#3897 = CARTESIAN_POINT('',(164.,-111.,1.51));
#3898 = LINE('',#3899,#3900);
#3899 = CARTESIAN_POINT('',(164.,-111.,0.));
#3900 = VECTOR('',#3901,1.);
#3901 = DIRECTION('',(0.,0.,1.));
#3902 = ORIENTED_EDGE('',*,*,#3903,.T.);
#3903 = EDGE_CURVE('',#3896,#3904,#3906,.T.);
#3904 = VERTEX_POINT('',#3905);
#3905 = CARTESIAN_POINT('',(147.,-124.,1.51));
#3906 = LINE('',#3907,#3908);
#3907 = CARTESIAN_POINT('',(164.,-111.,1.51));
#3908 = VECTOR('',#3909,1.);
#3909 = DIRECTION('',(-0.794357832977,-0.607450107571,0.));
#3910 = ORIENTED_EDGE('',*,*,#3911,.F.);
#3911 = EDGE_CURVE('',#3912,#3904,#3914,.T.);
#3912 = VERTEX_POINT('',#3913);
#3913 = CARTESIAN_POINT('',(147.,-124.,0.));
#3914 = LINE('',#3915,#3916);
#3915 = CARTESIAN_POINT('',(147.,-124.,0.));
#3916 = VECTOR('',#3917,1.);
#3917 = DIRECTION('',(0.,0.,1.));
#3918 = ORIENTED_EDGE('',*,*,#3919,.F.);
#3919 = EDGE_CURVE('',#3894,#3912,#3920,.T.);
#3920 = LINE('',#3921,#3922);
#3921 = CARTESIAN_POINT('',(164.,-111.,0.));
#3922 = VECTOR('',#3923,1.);
#3923 = DIRECTION('',(-0.794357832977,-0.607450107571,0.));
#3924 = PLANE('',#3925);
#3925 = AXIS2_PLACEMENT_3D('',#3926,#3927,#3928);
#3926 = CARTESIAN_POINT('',(164.,-111.,0.));
#3927 = DIRECTION('',(0.607450107571,-0.794357832977,0.));
#3928 = DIRECTION('',(-0.794357832977,-0.607450107571,0.));
#3929 = ADVANCED_FACE('',(#3930),#3955,.T.);
#3930 = FACE_BOUND('',#3931,.T.);
#3931 = EDGE_LOOP('',(#3932,#3942,#3948,#3949));
#3932 = ORIENTED_EDGE('',*,*,#3933,.T.);
#3933 = EDGE_CURVE('',#3934,#3936,#3938,.T.);
#3934 = VERTEX_POINT('',#3935);
#3935 = CARTESIAN_POINT('',(164.,-41.,0.));
#3936 = VERTEX_POINT('',#3937);
#3937 = CARTESIAN_POINT('',(164.,-41.,1.51));
#3938 = LINE('',#3939,#3940);
#3939 = CARTESIAN_POINT('',(164.,-41.,0.));
#3940 = VECTOR('',#3941,1.);
#3941 = DIRECTION('',(0.,0.,1.));
#3942 = ORIENTED_EDGE('',*,*,#3943,.T.);
#3943 = EDGE_CURVE('',#3936,#3896,#3944,.T.);
#3944 = LINE('',#3945,#3946);
#3945 = CARTESIAN_POINT('',(164.,-41.,1.51));
#3946 = VECTOR('',#3947,1.);
#3947 = DIRECTION('',(0.,-1.,0.));
#3948 = ORIENTED_EDGE('',*,*,#3893,.F.);
#3949 = ORIENTED_EDGE('',*,*,#3950,.F.);
#3950 = EDGE_CURVE('',#3934,#3894,#3951,.T.);
#3951 = LINE('',#3952,#3953);
#3952 = CARTESIAN_POINT('',(164.,-41.,0.));
#3953 = VECTOR('',#3954,1.);
#3954 = DIRECTION('',(0.,-1.,0.));
#3955 = PLANE('',#3956);
#3956 = AXIS2_PLACEMENT_3D('',#3957,#3958,#3959);
#3957 = CARTESIAN_POINT('',(164.,-41.,0.));
#3958 = DIRECTION('',(1.,0.,-0.));
#3959 = DIRECTION('',(0.,-1.,0.));
#3960 = ADVANCED_FACE('',(#3961),#3986,.T.);
#3961 = FACE_BOUND('',#3962,.T.);
#3962 = EDGE_LOOP('',(#3963,#3964,#3972,#3980));
#3963 = ORIENTED_EDGE('',*,*,#3911,.T.);
#3964 = ORIENTED_EDGE('',*,*,#3965,.T.);
#3965 = EDGE_CURVE('',#3904,#3966,#3968,.T.);
#3966 = VERTEX_POINT('',#3967);
#3967 = CARTESIAN_POINT('',(133.,-124.,1.51));
#3968 = LINE('',#3969,#3970);
#3969 = CARTESIAN_POINT('',(147.,-124.,1.51));
#3970 = VECTOR('',#3971,1.);
#3971 = DIRECTION('',(-1.,0.,0.));
#3972 = ORIENTED_EDGE('',*,*,#3973,.F.);
#3973 = EDGE_CURVE('',#3974,#3966,#3976,.T.);
#3974 = VERTEX_POINT('',#3975);
#3975 = CARTESIAN_POINT('',(133.,-124.,0.));
#3976 = LINE('',#3977,#3978);
#3977 = CARTESIAN_POINT('',(133.,-124.,0.));
#3978 = VECTOR('',#3979,1.);
#3979 = DIRECTION('',(0.,0.,1.));
#3980 = ORIENTED_EDGE('',*,*,#3981,.F.);
#3981 = EDGE_CURVE('',#3912,#3974,#3982,.T.);
#3982 = LINE('',#3983,#3984);
#3983 = CARTESIAN_POINT('',(147.,-124.,0.));
#3984 = VECTOR('',#3985,1.);
#3985 = DIRECTION('',(-1.,0.,0.));
#3986 = PLANE('',#3987);
#3987 = AXIS2_PLACEMENT_3D('',#3988,#3989,#3990);
#3988 = CARTESIAN_POINT('',(147.,-124.,0.));
#3989 = DIRECTION('',(0.,-1.,0.));
#3990 = DIRECTION('',(-1.,0.,0.));
#3991 = ADVANCED_FACE('',(#3992,#4019,#4030,#4041,#4052,#4063,#4074,
    #4085,#4096,#4107,#4118,#4129,#4140,#4151,#4162,#4173,#4184,#4195,
    #4206,#4217,#4228,#4239,#4250,#4261,#4272,#4283,#4294,#4305,#4316,
    #4350,#4361,#4372,#4383,#4394,#4405,#4416,#4427,#4438,#4449,#4460,
    #4471,#4507,#4518,#4529,#4565,#4576,#4587,#4598),#4609,.F.);
#3992 = FACE_BOUND('',#3993,.F.);
#3993 = EDGE_LOOP('',(#3994,#3995,#3996,#4004,#4012,#4018));
#3994 = ORIENTED_EDGE('',*,*,#3919,.F.);
#3995 = ORIENTED_EDGE('',*,*,#3950,.F.);
#3996 = ORIENTED_EDGE('',*,*,#3997,.F.);
#3997 = EDGE_CURVE('',#3998,#3934,#4000,.T.);
#3998 = VERTEX_POINT('',#3999);
#3999 = CARTESIAN_POINT('',(116.,-41.,0.));
#4000 = LINE('',#4001,#4002);
#4001 = CARTESIAN_POINT('',(116.,-41.,0.));
#4002 = VECTOR('',#4003,1.);
#4003 = DIRECTION('',(1.,0.,0.));
#4004 = ORIENTED_EDGE('',*,*,#4005,.F.);
#4005 = EDGE_CURVE('',#4006,#3998,#4008,.T.);
#4006 = VERTEX_POINT('',#4007);
#4007 = CARTESIAN_POINT('',(116.,-111.,0.));
#4008 = LINE('',#4009,#4010);
#4009 = CARTESIAN_POINT('',(116.,-111.,0.));
#4010 = VECTOR('',#4011,1.);
#4011 = DIRECTION('',(0.,1.,0.));
#4012 = ORIENTED_EDGE('',*,*,#4013,.F.);
#4013 = EDGE_CURVE('',#3974,#4006,#4014,.T.);
#4014 = LINE('',#4015,#4016);
#4015 = CARTESIAN_POINT('',(133.,-124.,0.));
#4016 = VECTOR('',#4017,1.);
#4017 = DIRECTION('',(-0.794357832977,0.607450107571,0.));
#4018 = ORIENTED_EDGE('',*,*,#3981,.F.);
#4019 = FACE_BOUND('',#4020,.F.);
#4020 = EDGE_LOOP('',(#4021));
#4021 = ORIENTED_EDGE('',*,*,#4022,.T.);
#4022 = EDGE_CURVE('',#4023,#4023,#4025,.T.);
#4023 = VERTEX_POINT('',#4024);
#4024 = CARTESIAN_POINT('',(132.38,-119.1085,0.));
#4025 = CIRCLE('',#4026,0.425);
#4026 = AXIS2_PLACEMENT_3D('',#4027,#4028,#4029);
#4027 = CARTESIAN_POINT('',(132.38,-118.6835,0.));
#4028 = DIRECTION('',(-0.,0.,-1.));
#4029 = DIRECTION('',(-0.,-1.,0.));
#4030 = FACE_BOUND('',#4031,.F.);
#4031 = EDGE_LOOP('',(#4032));
#4032 = ORIENTED_EDGE('',*,*,#4033,.T.);
#4033 = EDGE_CURVE('',#4034,#4034,#4036,.T.);
#4034 = VERTEX_POINT('',#4035);
#4035 = CARTESIAN_POINT('',(132.38,-116.5685,0.));
#4036 = CIRCLE('',#4037,0.425);
#4037 = AXIS2_PLACEMENT_3D('',#4038,#4039,#4040);
#4038 = CARTESIAN_POINT('',(132.38,-116.1435,0.));
#4039 = DIRECTION('',(-0.,0.,-1.));
#4040 = DIRECTION('',(-0.,-1.,0.));
#4041 = FACE_BOUND('',#4042,.F.);
#4042 = EDGE_LOOP('',(#4043));
#4043 = ORIENTED_EDGE('',*,*,#4044,.T.);
#4044 = EDGE_CURVE('',#4045,#4045,#4047,.T.);
#4045 = VERTEX_POINT('',#4046);
#4046 = CARTESIAN_POINT('',(132.38,-114.0285,0.));
#4047 = CIRCLE('',#4048,0.425);
#4048 = AXIS2_PLACEMENT_3D('',#4049,#4050,#4051);
#4049 = CARTESIAN_POINT('',(132.38,-113.6035,0.));
#4050 = DIRECTION('',(-0.,0.,-1.));
#4051 = DIRECTION('',(-0.,-1.,0.));
#4052 = FACE_BOUND('',#4053,.F.);
#4053 = EDGE_LOOP('',(#4054));
#4054 = ORIENTED_EDGE('',*,*,#4055,.T.);
#4055 = EDGE_CURVE('',#4056,#4056,#4058,.T.);
#4056 = VERTEX_POINT('',#4057);
#4057 = CARTESIAN_POINT('',(132.38,-111.4885,0.));
#4058 = CIRCLE('',#4059,0.425);
#4059 = AXIS2_PLACEMENT_3D('',#4060,#4061,#4062);
#4060 = CARTESIAN_POINT('',(132.38,-111.0635,0.));
#4061 = DIRECTION('',(-0.,0.,-1.));
#4062 = DIRECTION('',(-0.,-1.,0.));
#4063 = FACE_BOUND('',#4064,.F.);
#4064 = EDGE_LOOP('',(#4065));
#4065 = ORIENTED_EDGE('',*,*,#4066,.T.);
#4066 = EDGE_CURVE('',#4067,#4067,#4069,.T.);
#4067 = VERTEX_POINT('',#4068);
#4068 = CARTESIAN_POINT('',(132.38,-108.9485,0.));
#4069 = CIRCLE('',#4070,0.425);
#4070 = AXIS2_PLACEMENT_3D('',#4071,#4072,#4073);
#4071 = CARTESIAN_POINT('',(132.38,-108.5235,0.));
#4072 = DIRECTION('',(-0.,0.,-1.));
#4073 = DIRECTION('',(-0.,-1.,0.));
#4074 = FACE_BOUND('',#4075,.F.);
#4075 = EDGE_LOOP('',(#4076));
#4076 = ORIENTED_EDGE('',*,*,#4077,.T.);
#4077 = EDGE_CURVE('',#4078,#4078,#4080,.T.);
#4078 = VERTEX_POINT('',#4079);
#4079 = CARTESIAN_POINT('',(132.38,-106.4085,0.));
#4080 = CIRCLE('',#4081,0.425);
#4081 = AXIS2_PLACEMENT_3D('',#4082,#4083,#4084);
#4082 = CARTESIAN_POINT('',(132.38,-105.9835,0.));
#4083 = DIRECTION('',(-0.,0.,-1.));
#4084 = DIRECTION('',(-0.,-1.,0.));
#4085 = FACE_BOUND('',#4086,.F.);
#4086 = EDGE_LOOP('',(#4087));
#4087 = ORIENTED_EDGE('',*,*,#4088,.T.);
#4088 = EDGE_CURVE('',#4089,#4089,#4091,.T.);
#4089 = VERTEX_POINT('',#4090);
#4090 = CARTESIAN_POINT('',(132.38,-103.8685,0.));
#4091 = CIRCLE('',#4092,0.425);
#4092 = AXIS2_PLACEMENT_3D('',#4093,#4094,#4095);
#4093 = CARTESIAN_POINT('',(132.38,-103.4435,0.));
#4094 = DIRECTION('',(-0.,0.,-1.));
#4095 = DIRECTION('',(-0.,-1.,0.));
#4096 = FACE_BOUND('',#4097,.F.);
#4097 = EDGE_LOOP('',(#4098));
#4098 = ORIENTED_EDGE('',*,*,#4099,.T.);
#4099 = EDGE_CURVE('',#4100,#4100,#4102,.T.);
#4100 = VERTEX_POINT('',#4101);
#4101 = CARTESIAN_POINT('',(134.65,-96.135,0.));
#4102 = CIRCLE('',#4103,0.35);
#4103 = AXIS2_PLACEMENT_3D('',#4104,#4105,#4106);
#4104 = CARTESIAN_POINT('',(134.65,-95.785,0.));
#4105 = DIRECTION('',(-0.,0.,-1.));
#4106 = DIRECTION('',(-0.,-1.,0.));
#4107 = FACE_BOUND('',#4108,.F.);
#4108 = EDGE_LOOP('',(#4109));
#4109 = ORIENTED_EDGE('',*,*,#4110,.T.);
#4110 = EDGE_CURVE('',#4111,#4111,#4113,.T.);
#4111 = VERTEX_POINT('',#4112);
#4112 = CARTESIAN_POINT('',(134.65,-94.355,0.));
#4113 = CIRCLE('',#4114,0.35);
#4114 = AXIS2_PLACEMENT_3D('',#4115,#4116,#4117);
#4115 = CARTESIAN_POINT('',(134.65,-94.005,0.));
#4116 = DIRECTION('',(-0.,0.,-1.));
#4117 = DIRECTION('',(-0.,-1.,0.));
#4118 = FACE_BOUND('',#4119,.F.);
#4119 = EDGE_LOOP('',(#4120));
#4120 = ORIENTED_EDGE('',*,*,#4121,.T.);
#4121 = EDGE_CURVE('',#4122,#4122,#4124,.T.);
#4122 = VERTEX_POINT('',#4123);
#4123 = CARTESIAN_POINT('',(134.65,-92.575,0.));
#4124 = CIRCLE('',#4125,0.35);
#4125 = AXIS2_PLACEMENT_3D('',#4126,#4127,#4128);
#4126 = CARTESIAN_POINT('',(134.65,-92.225,0.));
#4127 = DIRECTION('',(-0.,0.,-1.));
#4128 = DIRECTION('',(-0.,-1.,0.));
#4129 = FACE_BOUND('',#4130,.F.);
#4130 = EDGE_LOOP('',(#4131));
#4131 = ORIENTED_EDGE('',*,*,#4132,.T.);
#4132 = EDGE_CURVE('',#4133,#4133,#4135,.T.);
#4133 = VERTEX_POINT('',#4134);
#4134 = CARTESIAN_POINT('',(134.65,-90.795,0.));
#4135 = CIRCLE('',#4136,0.35);
#4136 = AXIS2_PLACEMENT_3D('',#4137,#4138,#4139);
#4137 = CARTESIAN_POINT('',(134.65,-90.445,0.));
#4138 = DIRECTION('',(-0.,0.,-1.));
#4139 = DIRECTION('',(-0.,-1.,0.));
#4140 = FACE_BOUND('',#4141,.F.);
#4141 = EDGE_LOOP('',(#4142));
#4142 = ORIENTED_EDGE('',*,*,#4143,.T.);
#4143 = EDGE_CURVE('',#4144,#4144,#4146,.T.);
#4144 = VERTEX_POINT('',#4145);
#4145 = CARTESIAN_POINT('',(134.65,-89.015,0.));
#4146 = CIRCLE('',#4147,0.35);
#4147 = AXIS2_PLACEMENT_3D('',#4148,#4149,#4150);
#4148 = CARTESIAN_POINT('',(134.65,-88.665,0.));
#4149 = DIRECTION('',(-0.,0.,-1.));
#4150 = DIRECTION('',(-0.,-1.,0.));
#4151 = FACE_BOUND('',#4152,.F.);
#4152 = EDGE_LOOP('',(#4153));
#4153 = ORIENTED_EDGE('',*,*,#4154,.T.);
#4154 = EDGE_CURVE('',#4155,#4155,#4157,.T.);
#4155 = VERTEX_POINT('',#4156);
#4156 = CARTESIAN_POINT('',(134.65,-87.235,0.));
#4157 = CIRCLE('',#4158,0.35);
#4158 = AXIS2_PLACEMENT_3D('',#4159,#4160,#4161);
#4159 = CARTESIAN_POINT('',(134.65,-86.885,0.));
#4160 = DIRECTION('',(-0.,0.,-1.));
#4161 = DIRECTION('',(-0.,-1.,0.));
#4162 = FACE_BOUND('',#4163,.F.);
#4163 = EDGE_LOOP('',(#4164));
#4164 = ORIENTED_EDGE('',*,*,#4165,.T.);
#4165 = EDGE_CURVE('',#4166,#4166,#4168,.T.);
#4166 = VERTEX_POINT('',#4167);
#4167 = CARTESIAN_POINT('',(134.65,-85.455,0.));
#4168 = CIRCLE('',#4169,0.35);
#4169 = AXIS2_PLACEMENT_3D('',#4170,#4171,#4172);
#4170 = CARTESIAN_POINT('',(134.65,-85.105,0.));
#4171 = DIRECTION('',(-0.,0.,-1.));
#4172 = DIRECTION('',(-0.,-1.,0.));
#4173 = FACE_BOUND('',#4174,.F.);
#4174 = EDGE_LOOP('',(#4175));
#4175 = ORIENTED_EDGE('',*,*,#4176,.T.);
#4176 = EDGE_CURVE('',#4177,#4177,#4179,.T.);
#4177 = VERTEX_POINT('',#4178);
#4178 = CARTESIAN_POINT('',(134.65,-83.675,0.));
#4179 = CIRCLE('',#4180,0.35);
#4180 = AXIS2_PLACEMENT_3D('',#4181,#4182,#4183);
#4181 = CARTESIAN_POINT('',(134.65,-83.325,0.));
#4182 = DIRECTION('',(-0.,0.,-1.));
#4183 = DIRECTION('',(-0.,-1.,0.));
#4184 = FACE_BOUND('',#4185,.F.);
#4185 = EDGE_LOOP('',(#4186));
#4186 = ORIENTED_EDGE('',*,*,#4187,.T.);
#4187 = EDGE_CURVE('',#4188,#4188,#4190,.T.);
#4188 = VERTEX_POINT('',#4189);
#4189 = CARTESIAN_POINT('',(140.,-119.1,0.));
#4190 = CIRCLE('',#4191,1.1);
#4191 = AXIS2_PLACEMENT_3D('',#4192,#4193,#4194);
#4192 = CARTESIAN_POINT('',(140.,-118.,0.));
#4193 = DIRECTION('',(-0.,0.,-1.));
#4194 = DIRECTION('',(-0.,-1.,0.));
#4195 = FACE_BOUND('',#4196,.F.);
#4196 = EDGE_LOOP('',(#4197));
#4197 = ORIENTED_EDGE('',*,*,#4198,.T.);
#4198 = EDGE_CURVE('',#4199,#4199,#4201,.T.);
#4199 = VERTEX_POINT('',#4200);
#4200 = CARTESIAN_POINT('',(147.62,-119.1085,0.));
#4201 = CIRCLE('',#4202,0.425);
#4202 = AXIS2_PLACEMENT_3D('',#4203,#4204,#4205);
#4203 = CARTESIAN_POINT('',(147.62,-118.6835,0.));
#4204 = DIRECTION('',(-0.,0.,-1.));
#4205 = DIRECTION('',(-0.,-1.,0.));
#4206 = FACE_BOUND('',#4207,.F.);
#4207 = EDGE_LOOP('',(#4208));
#4208 = ORIENTED_EDGE('',*,*,#4209,.T.);
#4209 = EDGE_CURVE('',#4210,#4210,#4212,.T.);
#4210 = VERTEX_POINT('',#4211);
#4211 = CARTESIAN_POINT('',(147.62,-116.5685,0.));
#4212 = CIRCLE('',#4213,0.425);
#4213 = AXIS2_PLACEMENT_3D('',#4214,#4215,#4216);
#4214 = CARTESIAN_POINT('',(147.62,-116.1435,0.));
#4215 = DIRECTION('',(-0.,0.,-1.));
#4216 = DIRECTION('',(-0.,-1.,0.));
#4217 = FACE_BOUND('',#4218,.F.);
#4218 = EDGE_LOOP('',(#4219));
#4219 = ORIENTED_EDGE('',*,*,#4220,.T.);
#4220 = EDGE_CURVE('',#4221,#4221,#4223,.T.);
#4221 = VERTEX_POINT('',#4222);
#4222 = CARTESIAN_POINT('',(147.62,-114.0285,0.));
#4223 = CIRCLE('',#4224,0.425);
#4224 = AXIS2_PLACEMENT_3D('',#4225,#4226,#4227);
#4225 = CARTESIAN_POINT('',(147.62,-113.6035,0.));
#4226 = DIRECTION('',(-0.,0.,-1.));
#4227 = DIRECTION('',(-0.,-1.,0.));
#4228 = FACE_BOUND('',#4229,.F.);
#4229 = EDGE_LOOP('',(#4230));
#4230 = ORIENTED_EDGE('',*,*,#4231,.T.);
#4231 = EDGE_CURVE('',#4232,#4232,#4234,.T.);
#4232 = VERTEX_POINT('',#4233);
#4233 = CARTESIAN_POINT('',(147.62,-111.4885,0.));
#4234 = CIRCLE('',#4235,0.425);
#4235 = AXIS2_PLACEMENT_3D('',#4236,#4237,#4238);
#4236 = CARTESIAN_POINT('',(147.62,-111.0635,0.));
#4237 = DIRECTION('',(-0.,0.,-1.));
#4238 = DIRECTION('',(-0.,-1.,0.));
#4239 = FACE_BOUND('',#4240,.F.);
#4240 = EDGE_LOOP('',(#4241));
#4241 = ORIENTED_EDGE('',*,*,#4242,.T.);
#4242 = EDGE_CURVE('',#4243,#4243,#4245,.T.);
#4243 = VERTEX_POINT('',#4244);
#4244 = CARTESIAN_POINT('',(147.62,-108.9485,0.));
#4245 = CIRCLE('',#4246,0.425);
#4246 = AXIS2_PLACEMENT_3D('',#4247,#4248,#4249);
#4247 = CARTESIAN_POINT('',(147.62,-108.5235,0.));
#4248 = DIRECTION('',(-0.,0.,-1.));
#4249 = DIRECTION('',(-0.,-1.,0.));
#4250 = FACE_BOUND('',#4251,.F.);
#4251 = EDGE_LOOP('',(#4252));
#4252 = ORIENTED_EDGE('',*,*,#4253,.T.);
#4253 = EDGE_CURVE('',#4254,#4254,#4256,.T.);
#4254 = VERTEX_POINT('',#4255);
#4255 = CARTESIAN_POINT('',(147.62,-106.4085,0.));
#4256 = CIRCLE('',#4257,0.425);
#4257 = AXIS2_PLACEMENT_3D('',#4258,#4259,#4260);
#4258 = CARTESIAN_POINT('',(147.62,-105.9835,0.));
#4259 = DIRECTION('',(-0.,0.,-1.));
#4260 = DIRECTION('',(-0.,-1.,0.));
#4261 = FACE_BOUND('',#4262,.F.);
#4262 = EDGE_LOOP('',(#4263));
#4263 = ORIENTED_EDGE('',*,*,#4264,.T.);
#4264 = EDGE_CURVE('',#4265,#4265,#4267,.T.);
#4265 = VERTEX_POINT('',#4266);
#4266 = CARTESIAN_POINT('',(147.62,-103.8685,0.));
#4267 = CIRCLE('',#4268,0.425);
#4268 = AXIS2_PLACEMENT_3D('',#4269,#4270,#4271);
#4269 = CARTESIAN_POINT('',(147.62,-103.4435,0.));
#4270 = DIRECTION('',(-0.,0.,-1.));
#4271 = DIRECTION('',(-0.,-1.,0.));
#4272 = FACE_BOUND('',#4273,.F.);
#4273 = EDGE_LOOP('',(#4274));
#4274 = ORIENTED_EDGE('',*,*,#4275,.T.);
#4275 = EDGE_CURVE('',#4276,#4276,#4278,.T.);
#4276 = VERTEX_POINT('',#4277);
#4277 = CARTESIAN_POINT('',(145.35,-97.025,0.));
#4278 = CIRCLE('',#4279,0.35);
#4279 = AXIS2_PLACEMENT_3D('',#4280,#4281,#4282);
#4280 = CARTESIAN_POINT('',(145.35,-96.675,0.));
#4281 = DIRECTION('',(-0.,0.,-1.));
#4282 = DIRECTION('',(-0.,-1.,0.));
#4283 = FACE_BOUND('',#4284,.F.);
#4284 = EDGE_LOOP('',(#4285));
#4285 = ORIENTED_EDGE('',*,*,#4286,.T.);
#4286 = EDGE_CURVE('',#4287,#4287,#4289,.T.);
#4287 = VERTEX_POINT('',#4288);
#4288 = CARTESIAN_POINT('',(145.35,-95.245,0.));
#4289 = CIRCLE('',#4290,0.35);
#4290 = AXIS2_PLACEMENT_3D('',#4291,#4292,#4293);
#4291 = CARTESIAN_POINT('',(145.35,-94.895,0.));
#4292 = DIRECTION('',(-0.,0.,-1.));
#4293 = DIRECTION('',(-0.,-1.,0.));
#4294 = FACE_BOUND('',#4295,.F.);
#4295 = EDGE_LOOP('',(#4296));
#4296 = ORIENTED_EDGE('',*,*,#4297,.T.);
#4297 = EDGE_CURVE('',#4298,#4298,#4300,.T.);
#4298 = VERTEX_POINT('',#4299);
#4299 = CARTESIAN_POINT('',(145.35,-93.465,0.));
#4300 = CIRCLE('',#4301,0.35);
#4301 = AXIS2_PLACEMENT_3D('',#4302,#4303,#4304);
#4302 = CARTESIAN_POINT('',(145.35,-93.115,0.));
#4303 = DIRECTION('',(-0.,0.,-1.));
#4304 = DIRECTION('',(-0.,-1.,0.));
#4305 = FACE_BOUND('',#4306,.F.);
#4306 = EDGE_LOOP('',(#4307));
#4307 = ORIENTED_EDGE('',*,*,#4308,.T.);
#4308 = EDGE_CURVE('',#4309,#4309,#4311,.T.);
#4309 = VERTEX_POINT('',#4310);
#4310 = CARTESIAN_POINT('',(145.35,-91.685,0.));
#4311 = CIRCLE('',#4312,0.35);
#4312 = AXIS2_PLACEMENT_3D('',#4313,#4314,#4315);
#4313 = CARTESIAN_POINT('',(145.35,-91.335,0.));
#4314 = DIRECTION('',(-0.,0.,-1.));
#4315 = DIRECTION('',(-0.,-1.,0.));
#4316 = FACE_BOUND('',#4317,.F.);
#4317 = EDGE_LOOP('',(#4318,#4328,#4336,#4344));
#4318 = ORIENTED_EDGE('',*,*,#4319,.F.);
#4319 = EDGE_CURVE('',#4320,#4322,#4324,.T.);
#4320 = VERTEX_POINT('',#4321);
#4321 = CARTESIAN_POINT('',(135.555,-98.74,0.));
#4322 = VERTEX_POINT('',#4323);
#4323 = CARTESIAN_POINT('',(144.445,-98.74,0.));
#4324 = LINE('',#4325,#4326);
#4325 = CARTESIAN_POINT('',(135.555,-98.74,0.));
#4326 = VECTOR('',#4327,1.);
#4327 = DIRECTION('',(1.,0.,0.));
#4328 = ORIENTED_EDGE('',*,*,#4329,.F.);
#4329 = EDGE_CURVE('',#4330,#4320,#4332,.T.);
#4330 = VERTEX_POINT('',#4331);
#4331 = CARTESIAN_POINT('',(135.555,-80.84,0.));
#4332 = LINE('',#4333,#4334);
#4333 = CARTESIAN_POINT('',(135.555,-80.84,0.));
#4334 = VECTOR('',#4335,1.);
#4335 = DIRECTION('',(0.,-1.,0.));
#4336 = ORIENTED_EDGE('',*,*,#4337,.F.);
#4337 = EDGE_CURVE('',#4338,#4330,#4340,.T.);
#4338 = VERTEX_POINT('',#4339);
#4339 = CARTESIAN_POINT('',(144.445,-80.84,0.));
#4340 = LINE('',#4341,#4342);
#4341 = CARTESIAN_POINT('',(144.445,-80.84,0.));
#4342 = VECTOR('',#4343,1.);
#4343 = DIRECTION('',(-1.,0.,0.));
#4344 = ORIENTED_EDGE('',*,*,#4345,.F.);
#4345 = EDGE_CURVE('',#4322,#4338,#4346,.T.);
#4346 = LINE('',#4347,#4348);
#4347 = CARTESIAN_POINT('',(144.445,-98.74,0.));
#4348 = VECTOR('',#4349,1.);
#4349 = DIRECTION('',(0.,1.,0.));
#4350 = FACE_BOUND('',#4351,.F.);
#4351 = EDGE_LOOP('',(#4352));
#4352 = ORIENTED_EDGE('',*,*,#4353,.T.);
#4353 = EDGE_CURVE('',#4354,#4354,#4356,.T.);
#4354 = VERTEX_POINT('',#4355);
#4355 = CARTESIAN_POINT('',(145.35,-89.905,0.));
#4356 = CIRCLE('',#4357,0.35);
#4357 = AXIS2_PLACEMENT_3D('',#4358,#4359,#4360);
#4358 = CARTESIAN_POINT('',(145.35,-89.555,0.));
#4359 = DIRECTION('',(-0.,0.,-1.));
#4360 = DIRECTION('',(-0.,-1.,0.));
#4361 = FACE_BOUND('',#4362,.F.);
#4362 = EDGE_LOOP('',(#4363));
#4363 = ORIENTED_EDGE('',*,*,#4364,.T.);
#4364 = EDGE_CURVE('',#4365,#4365,#4367,.T.);
#4365 = VERTEX_POINT('',#4366);
#4366 = CARTESIAN_POINT('',(145.35,-88.125,0.));
#4367 = CIRCLE('',#4368,0.35);
#4368 = AXIS2_PLACEMENT_3D('',#4369,#4370,#4371);
#4369 = CARTESIAN_POINT('',(145.35,-87.775,0.));
#4370 = DIRECTION('',(-0.,0.,-1.));
#4371 = DIRECTION('',(-0.,-1.,0.));
#4372 = FACE_BOUND('',#4373,.F.);
#4373 = EDGE_LOOP('',(#4374));
#4374 = ORIENTED_EDGE('',*,*,#4375,.T.);
#4375 = EDGE_CURVE('',#4376,#4376,#4378,.T.);
#4376 = VERTEX_POINT('',#4377);
#4377 = CARTESIAN_POINT('',(145.35,-86.345,0.));
#4378 = CIRCLE('',#4379,0.35);
#4379 = AXIS2_PLACEMENT_3D('',#4380,#4381,#4382);
#4380 = CARTESIAN_POINT('',(145.35,-85.995,0.));
#4381 = DIRECTION('',(-0.,0.,-1.));
#4382 = DIRECTION('',(-0.,-1.,0.));
#4383 = FACE_BOUND('',#4384,.F.);
#4384 = EDGE_LOOP('',(#4385));
#4385 = ORIENTED_EDGE('',*,*,#4386,.T.);
#4386 = EDGE_CURVE('',#4387,#4387,#4389,.T.);
#4387 = VERTEX_POINT('',#4388);
#4388 = CARTESIAN_POINT('',(145.35,-84.565,0.));
#4389 = CIRCLE('',#4390,0.35);
#4390 = AXIS2_PLACEMENT_3D('',#4391,#4392,#4393);
#4391 = CARTESIAN_POINT('',(145.35,-84.215,0.));
#4392 = DIRECTION('',(-0.,0.,-1.));
#4393 = DIRECTION('',(-0.,-1.,0.));
#4394 = FACE_BOUND('',#4395,.F.);
#4395 = EDGE_LOOP('',(#4396));
#4396 = ORIENTED_EDGE('',*,*,#4397,.T.);
#4397 = EDGE_CURVE('',#4398,#4398,#4400,.T.);
#4398 = VERTEX_POINT('',#4399);
#4399 = CARTESIAN_POINT('',(124.,-60.75,0.));
#4400 = CIRCLE('',#4401,0.75);
#4401 = AXIS2_PLACEMENT_3D('',#4402,#4403,#4404);
#4402 = CARTESIAN_POINT('',(124.,-60.,0.));
#4403 = DIRECTION('',(-0.,0.,-1.));
#4404 = DIRECTION('',(-0.,-1.,0.));
#4405 = FACE_BOUND('',#4406,.F.);
#4406 = EDGE_LOOP('',(#4407));
#4407 = ORIENTED_EDGE('',*,*,#4408,.T.);
#4408 = EDGE_CURVE('',#4409,#4409,#4411,.T.);
#4409 = VERTEX_POINT('',#4410);
#4410 = CARTESIAN_POINT('',(124.,-55.67,0.));
#4411 = CIRCLE('',#4412,0.75);
#4412 = AXIS2_PLACEMENT_3D('',#4413,#4414,#4415);
#4413 = CARTESIAN_POINT('',(124.,-54.92,0.));
#4414 = DIRECTION('',(-0.,0.,-1.));
#4415 = DIRECTION('',(-0.,-1.,0.));
#4416 = FACE_BOUND('',#4417,.F.);
#4417 = EDGE_LOOP('',(#4418));
#4418 = ORIENTED_EDGE('',*,*,#4419,.T.);
#4419 = EDGE_CURVE('',#4420,#4420,#4422,.T.);
#4420 = VERTEX_POINT('',#4421);
#4421 = CARTESIAN_POINT('',(124.,-50.59,0.));
#4422 = CIRCLE('',#4423,0.75);
#4423 = AXIS2_PLACEMENT_3D('',#4424,#4425,#4426);
#4424 = CARTESIAN_POINT('',(124.,-49.84,0.));
#4425 = DIRECTION('',(-0.,0.,-1.));
#4426 = DIRECTION('',(-0.,-1.,0.));
#4427 = FACE_BOUND('',#4428,.F.);
#4428 = EDGE_LOOP('',(#4429));
#4429 = ORIENTED_EDGE('',*,*,#4430,.T.);
#4430 = EDGE_CURVE('',#4431,#4431,#4433,.T.);
#4431 = VERTEX_POINT('',#4432);
#4432 = CARTESIAN_POINT('',(120.,-46.02,0.));
#4433 = CIRCLE('',#4434,1.1);
#4434 = AXIS2_PLACEMENT_3D('',#4435,#4436,#4437);
#4435 = CARTESIAN_POINT('',(120.,-44.92,0.));
#4436 = DIRECTION('',(-0.,0.,-1.));
#4437 = DIRECTION('',(-0.,-1.,0.));
#4438 = FACE_BOUND('',#4439,.F.);
#4439 = EDGE_LOOP('',(#4440));
#4440 = ORIENTED_EDGE('',*,*,#4441,.T.);
#4441 = EDGE_CURVE('',#4442,#4442,#4444,.T.);
#4442 = VERTEX_POINT('',#4443);
#4443 = CARTESIAN_POINT('',(132.5,-60.,0.));
#4444 = CIRCLE('',#4445,0.5);
#4445 = AXIS2_PLACEMENT_3D('',#4446,#4447,#4448);
#4446 = CARTESIAN_POINT('',(132.5,-59.5,0.));
#4447 = DIRECTION('',(-0.,0.,-1.));
#4448 = DIRECTION('',(-0.,-1.,0.));
#4449 = FACE_BOUND('',#4450,.F.);
#4450 = EDGE_LOOP('',(#4451));
#4451 = ORIENTED_EDGE('',*,*,#4452,.T.);
#4452 = EDGE_CURVE('',#4453,#4453,#4455,.T.);
#4453 = VERTEX_POINT('',#4454);
#4454 = CARTESIAN_POINT('',(132.5,-57.5,0.));
#4455 = CIRCLE('',#4456,0.5);
#4456 = AXIS2_PLACEMENT_3D('',#4457,#4458,#4459);
#4457 = CARTESIAN_POINT('',(132.5,-57.,0.));
#4458 = DIRECTION('',(-0.,0.,-1.));
#4459 = DIRECTION('',(-0.,-1.,0.));
#4460 = FACE_BOUND('',#4461,.F.);
#4461 = EDGE_LOOP('',(#4462));
#4462 = ORIENTED_EDGE('',*,*,#4463,.T.);
#4463 = EDGE_CURVE('',#4464,#4464,#4466,.T.);
#4464 = VERTEX_POINT('',#4465);
#4465 = CARTESIAN_POINT('',(132.5,-55.,0.));
#4466 = CIRCLE('',#4467,0.5);
#4467 = AXIS2_PLACEMENT_3D('',#4468,#4469,#4470);
#4468 = CARTESIAN_POINT('',(132.5,-54.5,0.));
#4469 = DIRECTION('',(-0.,0.,-1.));
#4470 = DIRECTION('',(-0.,-1.,0.));
#4471 = FACE_BOUND('',#4472,.F.);
#4472 = EDGE_LOOP('',(#4473,#4484,#4492,#4501));
#4473 = ORIENTED_EDGE('',*,*,#4474,.T.);
#4474 = EDGE_CURVE('',#4475,#4477,#4479,.T.);
#4475 = VERTEX_POINT('',#4476);
#4476 = CARTESIAN_POINT('',(140.65,-61.85,0.));
#4477 = VERTEX_POINT('',#4478);
#4478 = CARTESIAN_POINT('',(140.65,-63.35,0.));
#4479 = CIRCLE('',#4480,0.75);
#4480 = AXIS2_PLACEMENT_3D('',#4481,#4482,#4483);
#4481 = CARTESIAN_POINT('',(140.65,-62.6,0.));
#4482 = DIRECTION('',(-0.,0.,-1.));
#4483 = DIRECTION('',(-0.,-1.,0.));
#4484 = ORIENTED_EDGE('',*,*,#4485,.T.);
#4485 = EDGE_CURVE('',#4477,#4486,#4488,.T.);
#4486 = VERTEX_POINT('',#4487);
#4487 = CARTESIAN_POINT('',(139.35,-63.35,0.));
#4488 = LINE('',#4489,#4490);
#4489 = CARTESIAN_POINT('',(69.675,-63.35,0.));
#4490 = VECTOR('',#4491,1.);
#4491 = DIRECTION('',(-1.,0.,0.));
#4492 = ORIENTED_EDGE('',*,*,#4493,.T.);
#4493 = EDGE_CURVE('',#4486,#4494,#4496,.T.);
#4494 = VERTEX_POINT('',#4495);
#4495 = CARTESIAN_POINT('',(139.35,-61.85,0.));
#4496 = CIRCLE('',#4497,0.75);
#4497 = AXIS2_PLACEMENT_3D('',#4498,#4499,#4500);
#4498 = CARTESIAN_POINT('',(139.35,-62.6,0.));
#4499 = DIRECTION('',(-0.,0.,-1.));
#4500 = DIRECTION('',(0.,1.,0.));
#4501 = ORIENTED_EDGE('',*,*,#4502,.T.);
#4502 = EDGE_CURVE('',#4494,#4475,#4503,.T.);
#4503 = LINE('',#4504,#4505);
#4504 = CARTESIAN_POINT('',(70.325,-61.85,0.));
#4505 = VECTOR('',#4506,1.);
#4506 = DIRECTION('',(1.,0.,-0.));
#4507 = FACE_BOUND('',#4508,.F.);
#4508 = EDGE_LOOP('',(#4509));
#4509 = ORIENTED_EDGE('',*,*,#4510,.T.);
#4510 = EDGE_CURVE('',#4511,#4511,#4513,.T.);
#4511 = VERTEX_POINT('',#4512);
#4512 = CARTESIAN_POINT('',(147.,-60.,0.));
#4513 = CIRCLE('',#4514,0.5);
#4514 = AXIS2_PLACEMENT_3D('',#4515,#4516,#4517);
#4515 = CARTESIAN_POINT('',(147.,-59.5,0.));
#4516 = DIRECTION('',(-0.,0.,-1.));
#4517 = DIRECTION('',(-0.,-1.,0.));
#4518 = FACE_BOUND('',#4519,.F.);
#4519 = EDGE_LOOP('',(#4520));
#4520 = ORIENTED_EDGE('',*,*,#4521,.T.);
#4521 = EDGE_CURVE('',#4522,#4522,#4524,.T.);
#4522 = VERTEX_POINT('',#4523);
#4523 = CARTESIAN_POINT('',(147.,-55.,0.));
#4524 = CIRCLE('',#4525,0.5);
#4525 = AXIS2_PLACEMENT_3D('',#4526,#4527,#4528);
#4526 = CARTESIAN_POINT('',(147.,-54.5,0.));
#4527 = DIRECTION('',(-0.,0.,-1.));
#4528 = DIRECTION('',(-0.,-1.,0.));
#4529 = FACE_BOUND('',#4530,.F.);
#4530 = EDGE_LOOP('',(#4531,#4542,#4550,#4559));
#4531 = ORIENTED_EDGE('',*,*,#4532,.T.);
#4532 = EDGE_CURVE('',#4533,#4535,#4537,.T.);
#4533 = VERTEX_POINT('',#4534);
#4534 = CARTESIAN_POINT('',(140.65,-50.65,0.));
#4535 = VERTEX_POINT('',#4536);
#4536 = CARTESIAN_POINT('',(140.65,-52.15,0.));
#4537 = CIRCLE('',#4538,0.75);
#4538 = AXIS2_PLACEMENT_3D('',#4539,#4540,#4541);
#4539 = CARTESIAN_POINT('',(140.65,-51.4,0.));
#4540 = DIRECTION('',(-0.,0.,-1.));
#4541 = DIRECTION('',(-0.,-1.,0.));
#4542 = ORIENTED_EDGE('',*,*,#4543,.T.);
#4543 = EDGE_CURVE('',#4535,#4544,#4546,.T.);
#4544 = VERTEX_POINT('',#4545);
#4545 = CARTESIAN_POINT('',(139.35,-52.15,0.));
#4546 = LINE('',#4547,#4548);
#4547 = CARTESIAN_POINT('',(69.675,-52.15,0.));
#4548 = VECTOR('',#4549,1.);
#4549 = DIRECTION('',(-1.,0.,0.));
#4550 = ORIENTED_EDGE('',*,*,#4551,.T.);
#4551 = EDGE_CURVE('',#4544,#4552,#4554,.T.);
#4552 = VERTEX_POINT('',#4553);
#4553 = CARTESIAN_POINT('',(139.35,-50.65,0.));
#4554 = CIRCLE('',#4555,0.75);
#4555 = AXIS2_PLACEMENT_3D('',#4556,#4557,#4558);
#4556 = CARTESIAN_POINT('',(139.35,-51.4,0.));
#4557 = DIRECTION('',(-0.,0.,-1.));
#4558 = DIRECTION('',(0.,1.,0.));
#4559 = ORIENTED_EDGE('',*,*,#4560,.T.);
#4560 = EDGE_CURVE('',#4552,#4533,#4561,.T.);
#4561 = LINE('',#4562,#4563);
#4562 = CARTESIAN_POINT('',(70.325,-50.65,0.));
#4563 = VECTOR('',#4564,1.);
#4564 = DIRECTION('',(1.,0.,-0.));
#4565 = FACE_BOUND('',#4566,.F.);
#4566 = EDGE_LOOP('',(#4567));
#4567 = ORIENTED_EDGE('',*,*,#4568,.T.);
#4568 = EDGE_CURVE('',#4569,#4569,#4571,.T.);
#4569 = VERTEX_POINT('',#4570);
#4570 = CARTESIAN_POINT('',(156.,-60.75,0.));
#4571 = CIRCLE('',#4572,0.75);
#4572 = AXIS2_PLACEMENT_3D('',#4573,#4574,#4575);
#4573 = CARTESIAN_POINT('',(156.,-60.,0.));
#4574 = DIRECTION('',(-0.,0.,-1.));
#4575 = DIRECTION('',(-0.,-1.,0.));
#4576 = FACE_BOUND('',#4577,.F.);
#4577 = EDGE_LOOP('',(#4578));
#4578 = ORIENTED_EDGE('',*,*,#4579,.T.);
#4579 = EDGE_CURVE('',#4580,#4580,#4582,.T.);
#4580 = VERTEX_POINT('',#4581);
#4581 = CARTESIAN_POINT('',(156.,-55.67,0.));
#4582 = CIRCLE('',#4583,0.75);
#4583 = AXIS2_PLACEMENT_3D('',#4584,#4585,#4586);
#4584 = CARTESIAN_POINT('',(156.,-54.92,0.));
#4585 = DIRECTION('',(-0.,0.,-1.));
#4586 = DIRECTION('',(-0.,-1.,0.));
#4587 = FACE_BOUND('',#4588,.F.);
#4588 = EDGE_LOOP('',(#4589));
#4589 = ORIENTED_EDGE('',*,*,#4590,.T.);
#4590 = EDGE_CURVE('',#4591,#4591,#4593,.T.);
#4591 = VERTEX_POINT('',#4592);
#4592 = CARTESIAN_POINT('',(156.,-50.59,0.));
#4593 = CIRCLE('',#4594,0.75);
#4594 = AXIS2_PLACEMENT_3D('',#4595,#4596,#4597);
#4595 = CARTESIAN_POINT('',(156.,-49.84,0.));
#4596 = DIRECTION('',(-0.,0.,-1.));
#4597 = DIRECTION('',(-0.,-1.,0.));
#4598 = FACE_BOUND('',#4599,.F.);
#4599 = EDGE_LOOP('',(#4600));
#4600 = ORIENTED_EDGE('',*,*,#4601,.T.);
#4601 = EDGE_CURVE('',#4602,#4602,#4604,.T.);
#4602 = VERTEX_POINT('',#4603);
#4603 = CARTESIAN_POINT('',(160.,-46.02,0.));
#4604 = CIRCLE('',#4605,1.1);
#4605 = AXIS2_PLACEMENT_3D('',#4606,#4607,#4608);
#4606 = CARTESIAN_POINT('',(160.,-44.92,0.));
#4607 = DIRECTION('',(-0.,0.,-1.));
#4608 = DIRECTION('',(-0.,-1.,0.));
#4609 = PLANE('',#4610);
#4610 = AXIS2_PLACEMENT_3D('',#4611,#4612,#4613);
#4611 = CARTESIAN_POINT('',(0.,0.,0.));
#4612 = DIRECTION('',(0.,0.,1.));
#4613 = DIRECTION('',(1.,0.,-0.));
#4614 = ADVANCED_FACE('',(#4615,#4642,#4653,#4664,#4675,#4686,#4697,
    #4708,#4719,#4730,#4741,#4752,#4763,#4774,#4785,#4796,#4807,#4818,
    #4829,#4840,#4851,#4862,#4873,#4884,#4895,#4906,#4917,#4928,#4939,
    #4973,#4984,#4995,#5006,#5017,#5028,#5039,#5050,#5061,#5072,#5083,
    #5094,#5130,#5141,#5152,#5188,#5199,#5210,#5221),#5232,.T.);
#4615 = FACE_BOUND('',#4616,.T.);
#4616 = EDGE_LOOP('',(#4617,#4618,#4619,#4627,#4635,#4641));
#4617 = ORIENTED_EDGE('',*,*,#3903,.F.);
#4618 = ORIENTED_EDGE('',*,*,#3943,.F.);
#4619 = ORIENTED_EDGE('',*,*,#4620,.F.);
#4620 = EDGE_CURVE('',#4621,#3936,#4623,.T.);
#4621 = VERTEX_POINT('',#4622);
#4622 = CARTESIAN_POINT('',(116.,-41.,1.51));
#4623 = LINE('',#4624,#4625);
#4624 = CARTESIAN_POINT('',(116.,-41.,1.51));
#4625 = VECTOR('',#4626,1.);
#4626 = DIRECTION('',(1.,0.,0.));
#4627 = ORIENTED_EDGE('',*,*,#4628,.F.);
#4628 = EDGE_CURVE('',#4629,#4621,#4631,.T.);
#4629 = VERTEX_POINT('',#4630);
#4630 = CARTESIAN_POINT('',(116.,-111.,1.51));
#4631 = LINE('',#4632,#4633);
#4632 = CARTESIAN_POINT('',(116.,-111.,1.51));
#4633 = VECTOR('',#4634,1.);
#4634 = DIRECTION('',(0.,1.,0.));
#4635 = ORIENTED_EDGE('',*,*,#4636,.F.);
#4636 = EDGE_CURVE('',#3966,#4629,#4637,.T.);
#4637 = LINE('',#4638,#4639);
#4638 = CARTESIAN_POINT('',(133.,-124.,1.51));
#4639 = VECTOR('',#4640,1.);
#4640 = DIRECTION('',(-0.794357832977,0.607450107571,0.));
#4641 = ORIENTED_EDGE('',*,*,#3965,.F.);
#4642 = FACE_BOUND('',#4643,.T.);
#4643 = EDGE_LOOP('',(#4644));
#4644 = ORIENTED_EDGE('',*,*,#4645,.T.);
#4645 = EDGE_CURVE('',#4646,#4646,#4648,.T.);
#4646 = VERTEX_POINT('',#4647);
#4647 = CARTESIAN_POINT('',(132.38,-119.1085,1.51));
#4648 = CIRCLE('',#4649,0.425);
#4649 = AXIS2_PLACEMENT_3D('',#4650,#4651,#4652);
#4650 = CARTESIAN_POINT('',(132.38,-118.6835,1.51));
#4651 = DIRECTION('',(-0.,0.,-1.));
#4652 = DIRECTION('',(-0.,-1.,0.));
#4653 = FACE_BOUND('',#4654,.T.);
#4654 = EDGE_LOOP('',(#4655));
#4655 = ORIENTED_EDGE('',*,*,#4656,.T.);
#4656 = EDGE_CURVE('',#4657,#4657,#4659,.T.);
#4657 = VERTEX_POINT('',#4658);
#4658 = CARTESIAN_POINT('',(132.38,-116.5685,1.51));
#4659 = CIRCLE('',#4660,0.425);
#4660 = AXIS2_PLACEMENT_3D('',#4661,#4662,#4663);
#4661 = CARTESIAN_POINT('',(132.38,-116.1435,1.51));
#4662 = DIRECTION('',(-0.,0.,-1.));
#4663 = DIRECTION('',(-0.,-1.,0.));
#4664 = FACE_BOUND('',#4665,.T.);
#4665 = EDGE_LOOP('',(#4666));
#4666 = ORIENTED_EDGE('',*,*,#4667,.T.);
#4667 = EDGE_CURVE('',#4668,#4668,#4670,.T.);
#4668 = VERTEX_POINT('',#4669);
#4669 = CARTESIAN_POINT('',(132.38,-114.0285,1.51));
#4670 = CIRCLE('',#4671,0.425);
#4671 = AXIS2_PLACEMENT_3D('',#4672,#4673,#4674);
#4672 = CARTESIAN_POINT('',(132.38,-113.6035,1.51));
#4673 = DIRECTION('',(-0.,0.,-1.));
#4674 = DIRECTION('',(-0.,-1.,0.));
#4675 = FACE_BOUND('',#4676,.T.);
#4676 = EDGE_LOOP('',(#4677));
#4677 = ORIENTED_EDGE('',*,*,#4678,.T.);
#4678 = EDGE_CURVE('',#4679,#4679,#4681,.T.);
#4679 = VERTEX_POINT('',#4680);
#4680 = CARTESIAN_POINT('',(132.38,-111.4885,1.51));
#4681 = CIRCLE('',#4682,0.425);
#4682 = AXIS2_PLACEMENT_3D('',#4683,#4684,#4685);
#4683 = CARTESIAN_POINT('',(132.38,-111.0635,1.51));
#4684 = DIRECTION('',(-0.,0.,-1.));
#4685 = DIRECTION('',(-0.,-1.,0.));
#4686 = FACE_BOUND('',#4687,.T.);
#4687 = EDGE_LOOP('',(#4688));
#4688 = ORIENTED_EDGE('',*,*,#4689,.T.);
#4689 = EDGE_CURVE('',#4690,#4690,#4692,.T.);
#4690 = VERTEX_POINT('',#4691);
#4691 = CARTESIAN_POINT('',(132.38,-108.9485,1.51));
#4692 = CIRCLE('',#4693,0.425);
#4693 = AXIS2_PLACEMENT_3D('',#4694,#4695,#4696);
#4694 = CARTESIAN_POINT('',(132.38,-108.5235,1.51));
#4695 = DIRECTION('',(-0.,0.,-1.));
#4696 = DIRECTION('',(-0.,-1.,0.));
#4697 = FACE_BOUND('',#4698,.T.);
#4698 = EDGE_LOOP('',(#4699));
#4699 = ORIENTED_EDGE('',*,*,#4700,.T.);
#4700 = EDGE_CURVE('',#4701,#4701,#4703,.T.);
#4701 = VERTEX_POINT('',#4702);
#4702 = CARTESIAN_POINT('',(132.38,-106.4085,1.51));
#4703 = CIRCLE('',#4704,0.425);
#4704 = AXIS2_PLACEMENT_3D('',#4705,#4706,#4707);
#4705 = CARTESIAN_POINT('',(132.38,-105.9835,1.51));
#4706 = DIRECTION('',(-0.,0.,-1.));
#4707 = DIRECTION('',(-0.,-1.,0.));
#4708 = FACE_BOUND('',#4709,.T.);
#4709 = EDGE_LOOP('',(#4710));
#4710 = ORIENTED_EDGE('',*,*,#4711,.T.);
#4711 = EDGE_CURVE('',#4712,#4712,#4714,.T.);
#4712 = VERTEX_POINT('',#4713);
#4713 = CARTESIAN_POINT('',(132.38,-103.8685,1.51));
#4714 = CIRCLE('',#4715,0.425);
#4715 = AXIS2_PLACEMENT_3D('',#4716,#4717,#4718);
#4716 = CARTESIAN_POINT('',(132.38,-103.4435,1.51));
#4717 = DIRECTION('',(-0.,0.,-1.));
#4718 = DIRECTION('',(-0.,-1.,0.));
#4719 = FACE_BOUND('',#4720,.T.);
#4720 = EDGE_LOOP('',(#4721));
#4721 = ORIENTED_EDGE('',*,*,#4722,.T.);
#4722 = EDGE_CURVE('',#4723,#4723,#4725,.T.);
#4723 = VERTEX_POINT('',#4724);
#4724 = CARTESIAN_POINT('',(134.65,-96.135,1.51));
#4725 = CIRCLE('',#4726,0.35);
#4726 = AXIS2_PLACEMENT_3D('',#4727,#4728,#4729);
#4727 = CARTESIAN_POINT('',(134.65,-95.785,1.51));
#4728 = DIRECTION('',(-0.,0.,-1.));
#4729 = DIRECTION('',(-0.,-1.,0.));
#4730 = FACE_BOUND('',#4731,.T.);
#4731 = EDGE_LOOP('',(#4732));
#4732 = ORIENTED_EDGE('',*,*,#4733,.T.);
#4733 = EDGE_CURVE('',#4734,#4734,#4736,.T.);
#4734 = VERTEX_POINT('',#4735);
#4735 = CARTESIAN_POINT('',(134.65,-94.355,1.51));
#4736 = CIRCLE('',#4737,0.35);
#4737 = AXIS2_PLACEMENT_3D('',#4738,#4739,#4740);
#4738 = CARTESIAN_POINT('',(134.65,-94.005,1.51));
#4739 = DIRECTION('',(-0.,0.,-1.));
#4740 = DIRECTION('',(-0.,-1.,0.));
#4741 = FACE_BOUND('',#4742,.T.);
#4742 = EDGE_LOOP('',(#4743));
#4743 = ORIENTED_EDGE('',*,*,#4744,.T.);
#4744 = EDGE_CURVE('',#4745,#4745,#4747,.T.);
#4745 = VERTEX_POINT('',#4746);
#4746 = CARTESIAN_POINT('',(134.65,-92.575,1.51));
#4747 = CIRCLE('',#4748,0.35);
#4748 = AXIS2_PLACEMENT_3D('',#4749,#4750,#4751);
#4749 = CARTESIAN_POINT('',(134.65,-92.225,1.51));
#4750 = DIRECTION('',(-0.,0.,-1.));
#4751 = DIRECTION('',(-0.,-1.,0.));
#4752 = FACE_BOUND('',#4753,.T.);
#4753 = EDGE_LOOP('',(#4754));
#4754 = ORIENTED_EDGE('',*,*,#4755,.T.);
#4755 = EDGE_CURVE('',#4756,#4756,#4758,.T.);
#4756 = VERTEX_POINT('',#4757);
#4757 = CARTESIAN_POINT('',(134.65,-90.795,1.51));
#4758 = CIRCLE('',#4759,0.35);
#4759 = AXIS2_PLACEMENT_3D('',#4760,#4761,#4762);
#4760 = CARTESIAN_POINT('',(134.65,-90.445,1.51));
#4761 = DIRECTION('',(-0.,0.,-1.));
#4762 = DIRECTION('',(-0.,-1.,0.));
#4763 = FACE_BOUND('',#4764,.T.);
#4764 = EDGE_LOOP('',(#4765));
#4765 = ORIENTED_EDGE('',*,*,#4766,.T.);
#4766 = EDGE_CURVE('',#4767,#4767,#4769,.T.);
#4767 = VERTEX_POINT('',#4768);
#4768 = CARTESIAN_POINT('',(134.65,-89.015,1.51));
#4769 = CIRCLE('',#4770,0.35);
#4770 = AXIS2_PLACEMENT_3D('',#4771,#4772,#4773);
#4771 = CARTESIAN_POINT('',(134.65,-88.665,1.51));
#4772 = DIRECTION('',(-0.,0.,-1.));
#4773 = DIRECTION('',(-0.,-1.,0.));
#4774 = FACE_BOUND('',#4775,.T.);
#4775 = EDGE_LOOP('',(#4776));
#4776 = ORIENTED_EDGE('',*,*,#4777,.T.);
#4777 = EDGE_CURVE('',#4778,#4778,#4780,.T.);
#4778 = VERTEX_POINT('',#4779);
#4779 = CARTESIAN_POINT('',(134.65,-87.235,1.51));
#4780 = CIRCLE('',#4781,0.35);
#4781 = AXIS2_PLACEMENT_3D('',#4782,#4783,#4784);
#4782 = CARTESIAN_POINT('',(134.65,-86.885,1.51));
#4783 = DIRECTION('',(-0.,0.,-1.));
#4784 = DIRECTION('',(-0.,-1.,0.));
#4785 = FACE_BOUND('',#4786,.T.);
#4786 = EDGE_LOOP('',(#4787));
#4787 = ORIENTED_EDGE('',*,*,#4788,.T.);
#4788 = EDGE_CURVE('',#4789,#4789,#4791,.T.);
#4789 = VERTEX_POINT('',#4790);
#4790 = CARTESIAN_POINT('',(134.65,-85.455,1.51));
#4791 = CIRCLE('',#4792,0.35);
#4792 = AXIS2_PLACEMENT_3D('',#4793,#4794,#4795);
#4793 = CARTESIAN_POINT('',(134.65,-85.105,1.51));
#4794 = DIRECTION('',(-0.,0.,-1.));
#4795 = DIRECTION('',(-0.,-1.,0.));
#4796 = FACE_BOUND('',#4797,.T.);
#4797 = EDGE_LOOP('',(#4798));
#4798 = ORIENTED_EDGE('',*,*,#4799,.T.);
#4799 = EDGE_CURVE('',#4800,#4800,#4802,.T.);
#4800 = VERTEX_POINT('',#4801);
#4801 = CARTESIAN_POINT('',(134.65,-83.675,1.51));
#4802 = CIRCLE('',#4803,0.35);
#4803 = AXIS2_PLACEMENT_3D('',#4804,#4805,#4806);
#4804 = CARTESIAN_POINT('',(134.65,-83.325,1.51));
#4805 = DIRECTION('',(-0.,0.,-1.));
#4806 = DIRECTION('',(-0.,-1.,0.));
#4807 = FACE_BOUND('',#4808,.T.);
#4808 = EDGE_LOOP('',(#4809));
#4809 = ORIENTED_EDGE('',*,*,#4810,.T.);
#4810 = EDGE_CURVE('',#4811,#4811,#4813,.T.);
#4811 = VERTEX_POINT('',#4812);
#4812 = CARTESIAN_POINT('',(140.,-119.1,1.51));
#4813 = CIRCLE('',#4814,1.1);
#4814 = AXIS2_PLACEMENT_3D('',#4815,#4816,#4817);
#4815 = CARTESIAN_POINT('',(140.,-118.,1.51));
#4816 = DIRECTION('',(-0.,0.,-1.));
#4817 = DIRECTION('',(-0.,-1.,0.));
#4818 = FACE_BOUND('',#4819,.T.);
#4819 = EDGE_LOOP('',(#4820));
#4820 = ORIENTED_EDGE('',*,*,#4821,.T.);
#4821 = EDGE_CURVE('',#4822,#4822,#4824,.T.);
#4822 = VERTEX_POINT('',#4823);
#4823 = CARTESIAN_POINT('',(147.62,-119.1085,1.51));
#4824 = CIRCLE('',#4825,0.425);
#4825 = AXIS2_PLACEMENT_3D('',#4826,#4827,#4828);
#4826 = CARTESIAN_POINT('',(147.62,-118.6835,1.51));
#4827 = DIRECTION('',(-0.,0.,-1.));
#4828 = DIRECTION('',(-0.,-1.,0.));
#4829 = FACE_BOUND('',#4830,.T.);
#4830 = EDGE_LOOP('',(#4831));
#4831 = ORIENTED_EDGE('',*,*,#4832,.T.);
#4832 = EDGE_CURVE('',#4833,#4833,#4835,.T.);
#4833 = VERTEX_POINT('',#4834);
#4834 = CARTESIAN_POINT('',(147.62,-116.5685,1.51));
#4835 = CIRCLE('',#4836,0.425);
#4836 = AXIS2_PLACEMENT_3D('',#4837,#4838,#4839);
#4837 = CARTESIAN_POINT('',(147.62,-116.1435,1.51));
#4838 = DIRECTION('',(-0.,0.,-1.));
#4839 = DIRECTION('',(-0.,-1.,0.));
#4840 = FACE_BOUND('',#4841,.T.);
#4841 = EDGE_LOOP('',(#4842));
#4842 = ORIENTED_EDGE('',*,*,#4843,.T.);
#4843 = EDGE_CURVE('',#4844,#4844,#4846,.T.);
#4844 = VERTEX_POINT('',#4845);
#4845 = CARTESIAN_POINT('',(147.62,-114.0285,1.51));
#4846 = CIRCLE('',#4847,0.425);
#4847 = AXIS2_PLACEMENT_3D('',#4848,#4849,#4850);
#4848 = CARTESIAN_POINT('',(147.62,-113.6035,1.51));
#4849 = DIRECTION('',(-0.,0.,-1.));
#4850 = DIRECTION('',(-0.,-1.,0.));
#4851 = FACE_BOUND('',#4852,.T.);
#4852 = EDGE_LOOP('',(#4853));
#4853 = ORIENTED_EDGE('',*,*,#4854,.T.);
#4854 = EDGE_CURVE('',#4855,#4855,#4857,.T.);
#4855 = VERTEX_POINT('',#4856);
#4856 = CARTESIAN_POINT('',(147.62,-111.4885,1.51));
#4857 = CIRCLE('',#4858,0.425);
#4858 = AXIS2_PLACEMENT_3D('',#4859,#4860,#4861);
#4859 = CARTESIAN_POINT('',(147.62,-111.0635,1.51));
#4860 = DIRECTION('',(-0.,0.,-1.));
#4861 = DIRECTION('',(-0.,-1.,0.));
#4862 = FACE_BOUND('',#4863,.T.);
#4863 = EDGE_LOOP('',(#4864));
#4864 = ORIENTED_EDGE('',*,*,#4865,.T.);
#4865 = EDGE_CURVE('',#4866,#4866,#4868,.T.);
#4866 = VERTEX_POINT('',#4867);
#4867 = CARTESIAN_POINT('',(147.62,-108.9485,1.51));
#4868 = CIRCLE('',#4869,0.425);
#4869 = AXIS2_PLACEMENT_3D('',#4870,#4871,#4872);
#4870 = CARTESIAN_POINT('',(147.62,-108.5235,1.51));
#4871 = DIRECTION('',(-0.,0.,-1.));
#4872 = DIRECTION('',(-0.,-1.,0.));
#4873 = FACE_BOUND('',#4874,.T.);
#4874 = EDGE_LOOP('',(#4875));
#4875 = ORIENTED_EDGE('',*,*,#4876,.T.);
#4876 = EDGE_CURVE('',#4877,#4877,#4879,.T.);
#4877 = VERTEX_POINT('',#4878);
#4878 = CARTESIAN_POINT('',(147.62,-106.4085,1.51));
#4879 = CIRCLE('',#4880,0.425);
#4880 = AXIS2_PLACEMENT_3D('',#4881,#4882,#4883);
#4881 = CARTESIAN_POINT('',(147.62,-105.9835,1.51));
#4882 = DIRECTION('',(-0.,0.,-1.));
#4883 = DIRECTION('',(-0.,-1.,0.));
#4884 = FACE_BOUND('',#4885,.T.);
#4885 = EDGE_LOOP('',(#4886));
#4886 = ORIENTED_EDGE('',*,*,#4887,.T.);
#4887 = EDGE_CURVE('',#4888,#4888,#4890,.T.);
#4888 = VERTEX_POINT('',#4889);
#4889 = CARTESIAN_POINT('',(147.62,-103.8685,1.51));
#4890 = CIRCLE('',#4891,0.425);
#4891 = AXIS2_PLACEMENT_3D('',#4892,#4893,#4894);
#4892 = CARTESIAN_POINT('',(147.62,-103.4435,1.51));
#4893 = DIRECTION('',(-0.,0.,-1.));
#4894 = DIRECTION('',(-0.,-1.,0.));
#4895 = FACE_BOUND('',#4896,.T.);
#4896 = EDGE_LOOP('',(#4897));
#4897 = ORIENTED_EDGE('',*,*,#4898,.T.);
#4898 = EDGE_CURVE('',#4899,#4899,#4901,.T.);
#4899 = VERTEX_POINT('',#4900);
#4900 = CARTESIAN_POINT('',(145.35,-97.025,1.51));
#4901 = CIRCLE('',#4902,0.35);
#4902 = AXIS2_PLACEMENT_3D('',#4903,#4904,#4905);
#4903 = CARTESIAN_POINT('',(145.35,-96.675,1.51));
#4904 = DIRECTION('',(-0.,0.,-1.));
#4905 = DIRECTION('',(-0.,-1.,0.));
#4906 = FACE_BOUND('',#4907,.T.);
#4907 = EDGE_LOOP('',(#4908));
#4908 = ORIENTED_EDGE('',*,*,#4909,.T.);
#4909 = EDGE_CURVE('',#4910,#4910,#4912,.T.);
#4910 = VERTEX_POINT('',#4911);
#4911 = CARTESIAN_POINT('',(145.35,-95.245,1.51));
#4912 = CIRCLE('',#4913,0.35);
#4913 = AXIS2_PLACEMENT_3D('',#4914,#4915,#4916);
#4914 = CARTESIAN_POINT('',(145.35,-94.895,1.51));
#4915 = DIRECTION('',(-0.,0.,-1.));
#4916 = DIRECTION('',(-0.,-1.,0.));
#4917 = FACE_BOUND('',#4918,.T.);
#4918 = EDGE_LOOP('',(#4919));
#4919 = ORIENTED_EDGE('',*,*,#4920,.T.);
#4920 = EDGE_CURVE('',#4921,#4921,#4923,.T.);
#4921 = VERTEX_POINT('',#4922);
#4922 = CARTESIAN_POINT('',(145.35,-93.465,1.51));
#4923 = CIRCLE('',#4924,0.35);
#4924 = AXIS2_PLACEMENT_3D('',#4925,#4926,#4927);
#4925 = CARTESIAN_POINT('',(145.35,-93.115,1.51));
#4926 = DIRECTION('',(-0.,0.,-1.));
#4927 = DIRECTION('',(-0.,-1.,0.));
#4928 = FACE_BOUND('',#4929,.T.);
#4929 = EDGE_LOOP('',(#4930));
#4930 = ORIENTED_EDGE('',*,*,#4931,.T.);
#4931 = EDGE_CURVE('',#4932,#4932,#4934,.T.);
#4932 = VERTEX_POINT('',#4933);
#4933 = CARTESIAN_POINT('',(145.35,-91.685,1.51));
#4934 = CIRCLE('',#4935,0.35);
#4935 = AXIS2_PLACEMENT_3D('',#4936,#4937,#4938);
#4936 = CARTESIAN_POINT('',(145.35,-91.335,1.51));
#4937 = DIRECTION('',(-0.,0.,-1.));
#4938 = DIRECTION('',(-0.,-1.,0.));
#4939 = FACE_BOUND('',#4940,.T.);
#4940 = EDGE_LOOP('',(#4941,#4951,#4959,#4967));
#4941 = ORIENTED_EDGE('',*,*,#4942,.F.);
#4942 = EDGE_CURVE('',#4943,#4945,#4947,.T.);
#4943 = VERTEX_POINT('',#4944);
#4944 = CARTESIAN_POINT('',(135.555,-98.74,1.51));
#4945 = VERTEX_POINT('',#4946);
#4946 = CARTESIAN_POINT('',(144.445,-98.74,1.51));
#4947 = LINE('',#4948,#4949);
#4948 = CARTESIAN_POINT('',(135.555,-98.74,1.51));
#4949 = VECTOR('',#4950,1.);
#4950 = DIRECTION('',(1.,0.,0.));
#4951 = ORIENTED_EDGE('',*,*,#4952,.F.);
#4952 = EDGE_CURVE('',#4953,#4943,#4955,.T.);
#4953 = VERTEX_POINT('',#4954);
#4954 = CARTESIAN_POINT('',(135.555,-80.84,1.51));
#4955 = LINE('',#4956,#4957);
#4956 = CARTESIAN_POINT('',(135.555,-80.84,1.51));
#4957 = VECTOR('',#4958,1.);
#4958 = DIRECTION('',(0.,-1.,0.));
#4959 = ORIENTED_EDGE('',*,*,#4960,.F.);
#4960 = EDGE_CURVE('',#4961,#4953,#4963,.T.);
#4961 = VERTEX_POINT('',#4962);
#4962 = CARTESIAN_POINT('',(144.445,-80.84,1.51));
#4963 = LINE('',#4964,#4965);
#4964 = CARTESIAN_POINT('',(144.445,-80.84,1.51));
#4965 = VECTOR('',#4966,1.);
#4966 = DIRECTION('',(-1.,0.,0.));
#4967 = ORIENTED_EDGE('',*,*,#4968,.F.);
#4968 = EDGE_CURVE('',#4945,#4961,#4969,.T.);
#4969 = LINE('',#4970,#4971);
#4970 = CARTESIAN_POINT('',(144.445,-98.74,1.51));
#4971 = VECTOR('',#4972,1.);
#4972 = DIRECTION('',(0.,1.,0.));
#4973 = FACE_BOUND('',#4974,.T.);
#4974 = EDGE_LOOP('',(#4975));
#4975 = ORIENTED_EDGE('',*,*,#4976,.T.);
#4976 = EDGE_CURVE('',#4977,#4977,#4979,.T.);
#4977 = VERTEX_POINT('',#4978);
#4978 = CARTESIAN_POINT('',(145.35,-89.905,1.51));
#4979 = CIRCLE('',#4980,0.35);
#4980 = AXIS2_PLACEMENT_3D('',#4981,#4982,#4983);
#4981 = CARTESIAN_POINT('',(145.35,-89.555,1.51));
#4982 = DIRECTION('',(-0.,0.,-1.));
#4983 = DIRECTION('',(-0.,-1.,0.));
#4984 = FACE_BOUND('',#4985,.T.);
#4985 = EDGE_LOOP('',(#4986));
#4986 = ORIENTED_EDGE('',*,*,#4987,.T.);
#4987 = EDGE_CURVE('',#4988,#4988,#4990,.T.);
#4988 = VERTEX_POINT('',#4989);
#4989 = CARTESIAN_POINT('',(145.35,-88.125,1.51));
#4990 = CIRCLE('',#4991,0.35);
#4991 = AXIS2_PLACEMENT_3D('',#4992,#4993,#4994);
#4992 = CARTESIAN_POINT('',(145.35,-87.775,1.51));
#4993 = DIRECTION('',(-0.,0.,-1.));
#4994 = DIRECTION('',(-0.,-1.,0.));
#4995 = FACE_BOUND('',#4996,.T.);
#4996 = EDGE_LOOP('',(#4997));
#4997 = ORIENTED_EDGE('',*,*,#4998,.T.);
#4998 = EDGE_CURVE('',#4999,#4999,#5001,.T.);
#4999 = VERTEX_POINT('',#5000);
#5000 = CARTESIAN_POINT('',(145.35,-86.345,1.51));
#5001 = CIRCLE('',#5002,0.35);
#5002 = AXIS2_PLACEMENT_3D('',#5003,#5004,#5005);
#5003 = CARTESIAN_POINT('',(145.35,-85.995,1.51));
#5004 = DIRECTION('',(-0.,0.,-1.));
#5005 = DIRECTION('',(-0.,-1.,0.));
#5006 = FACE_BOUND('',#5007,.T.);
#5007 = EDGE_LOOP('',(#5008));
#5008 = ORIENTED_EDGE('',*,*,#5009,.T.);
#5009 = EDGE_CURVE('',#5010,#5010,#5012,.T.);
#5010 = VERTEX_POINT('',#5011);
#5011 = CARTESIAN_POINT('',(145.35,-84.565,1.51));
#5012 = CIRCLE('',#5013,0.35);
#5013 = AXIS2_PLACEMENT_3D('',#5014,#5015,#5016);
#5014 = CARTESIAN_POINT('',(145.35,-84.215,1.51));
#5015 = DIRECTION('',(-0.,0.,-1.));
#5016 = DIRECTION('',(-0.,-1.,0.));
#5017 = FACE_BOUND('',#5018,.T.);
#5018 = EDGE_LOOP('',(#5019));
#5019 = ORIENTED_EDGE('',*,*,#5020,.T.);
#5020 = EDGE_CURVE('',#5021,#5021,#5023,.T.);
#5021 = VERTEX_POINT('',#5022);
#5022 = CARTESIAN_POINT('',(124.,-60.75,1.51));
#5023 = CIRCLE('',#5024,0.75);
#5024 = AXIS2_PLACEMENT_3D('',#5025,#5026,#5027);
#5025 = CARTESIAN_POINT('',(124.,-60.,1.51));
#5026 = DIRECTION('',(-0.,0.,-1.));
#5027 = DIRECTION('',(-0.,-1.,0.));
#5028 = FACE_BOUND('',#5029,.T.);
#5029 = EDGE_LOOP('',(#5030));
#5030 = ORIENTED_EDGE('',*,*,#5031,.T.);
#5031 = EDGE_CURVE('',#5032,#5032,#5034,.T.);
#5032 = VERTEX_POINT('',#5033);
#5033 = CARTESIAN_POINT('',(124.,-55.67,1.51));
#5034 = CIRCLE('',#5035,0.75);
#5035 = AXIS2_PLACEMENT_3D('',#5036,#5037,#5038);
#5036 = CARTESIAN_POINT('',(124.,-54.92,1.51));
#5037 = DIRECTION('',(-0.,0.,-1.));
#5038 = DIRECTION('',(-0.,-1.,0.));
#5039 = FACE_BOUND('',#5040,.T.);
#5040 = EDGE_LOOP('',(#5041));
#5041 = ORIENTED_EDGE('',*,*,#5042,.T.);
#5042 = EDGE_CURVE('',#5043,#5043,#5045,.T.);
#5043 = VERTEX_POINT('',#5044);
#5044 = CARTESIAN_POINT('',(124.,-50.59,1.51));
#5045 = CIRCLE('',#5046,0.75);
#5046 = AXIS2_PLACEMENT_3D('',#5047,#5048,#5049);
#5047 = CARTESIAN_POINT('',(124.,-49.84,1.51));
#5048 = DIRECTION('',(-0.,0.,-1.));
#5049 = DIRECTION('',(-0.,-1.,0.));
#5050 = FACE_BOUND('',#5051,.T.);
#5051 = EDGE_LOOP('',(#5052));
#5052 = ORIENTED_EDGE('',*,*,#5053,.T.);
#5053 = EDGE_CURVE('',#5054,#5054,#5056,.T.);
#5054 = VERTEX_POINT('',#5055);
#5055 = CARTESIAN_POINT('',(120.,-46.02,1.51));
#5056 = CIRCLE('',#5057,1.1);
#5057 = AXIS2_PLACEMENT_3D('',#5058,#5059,#5060);
#5058 = CARTESIAN_POINT('',(120.,-44.92,1.51));
#5059 = DIRECTION('',(-0.,0.,-1.));
#5060 = DIRECTION('',(-0.,-1.,0.));
#5061 = FACE_BOUND('',#5062,.T.);
#5062 = EDGE_LOOP('',(#5063));
#5063 = ORIENTED_EDGE('',*,*,#5064,.T.);
#5064 = EDGE_CURVE('',#5065,#5065,#5067,.T.);
#5065 = VERTEX_POINT('',#5066);
#5066 = CARTESIAN_POINT('',(132.5,-60.,1.51));
#5067 = CIRCLE('',#5068,0.5);
#5068 = AXIS2_PLACEMENT_3D('',#5069,#5070,#5071);
#5069 = CARTESIAN_POINT('',(132.5,-59.5,1.51));
#5070 = DIRECTION('',(-0.,0.,-1.));
#5071 = DIRECTION('',(-0.,-1.,0.));
#5072 = FACE_BOUND('',#5073,.T.);
#5073 = EDGE_LOOP('',(#5074));
#5074 = ORIENTED_EDGE('',*,*,#5075,.T.);
#5075 = EDGE_CURVE('',#5076,#5076,#5078,.T.);
#5076 = VERTEX_POINT('',#5077);
#5077 = CARTESIAN_POINT('',(132.5,-57.5,1.51));
#5078 = CIRCLE('',#5079,0.5);
#5079 = AXIS2_PLACEMENT_3D('',#5080,#5081,#5082);
#5080 = CARTESIAN_POINT('',(132.5,-57.,1.51));
#5081 = DIRECTION('',(-0.,0.,-1.));
#5082 = DIRECTION('',(-0.,-1.,0.));
#5083 = FACE_BOUND('',#5084,.T.);
#5084 = EDGE_LOOP('',(#5085));
#5085 = ORIENTED_EDGE('',*,*,#5086,.T.);
#5086 = EDGE_CURVE('',#5087,#5087,#5089,.T.);
#5087 = VERTEX_POINT('',#5088);
#5088 = CARTESIAN_POINT('',(132.5,-55.,1.51));
#5089 = CIRCLE('',#5090,0.5);
#5090 = AXIS2_PLACEMENT_3D('',#5091,#5092,#5093);
#5091 = CARTESIAN_POINT('',(132.5,-54.5,1.51));
#5092 = DIRECTION('',(-0.,0.,-1.));
#5093 = DIRECTION('',(-0.,-1.,0.));
#5094 = FACE_BOUND('',#5095,.T.);
#5095 = EDGE_LOOP('',(#5096,#5107,#5115,#5124));
#5096 = ORIENTED_EDGE('',*,*,#5097,.T.);
#5097 = EDGE_CURVE('',#5098,#5100,#5102,.T.);
#5098 = VERTEX_POINT('',#5099);
#5099 = CARTESIAN_POINT('',(140.65,-61.85,1.51));
#5100 = VERTEX_POINT('',#5101);
#5101 = CARTESIAN_POINT('',(140.65,-63.35,1.51));
#5102 = CIRCLE('',#5103,0.75);
#5103 = AXIS2_PLACEMENT_3D('',#5104,#5105,#5106);
#5104 = CARTESIAN_POINT('',(140.65,-62.6,1.51));
#5105 = DIRECTION('',(-0.,0.,-1.));
#5106 = DIRECTION('',(-0.,-1.,0.));
#5107 = ORIENTED_EDGE('',*,*,#5108,.T.);
#5108 = EDGE_CURVE('',#5100,#5109,#5111,.T.);
#5109 = VERTEX_POINT('',#5110);
#5110 = CARTESIAN_POINT('',(139.35,-63.35,1.51));
#5111 = LINE('',#5112,#5113);
#5112 = CARTESIAN_POINT('',(69.675,-63.35,1.51));
#5113 = VECTOR('',#5114,1.);
#5114 = DIRECTION('',(-1.,0.,0.));
#5115 = ORIENTED_EDGE('',*,*,#5116,.T.);
#5116 = EDGE_CURVE('',#5109,#5117,#5119,.T.);
#5117 = VERTEX_POINT('',#5118);
#5118 = CARTESIAN_POINT('',(139.35,-61.85,1.51));
#5119 = CIRCLE('',#5120,0.75);
#5120 = AXIS2_PLACEMENT_3D('',#5121,#5122,#5123);
#5121 = CARTESIAN_POINT('',(139.35,-62.6,1.51));
#5122 = DIRECTION('',(-0.,0.,-1.));
#5123 = DIRECTION('',(0.,1.,0.));
#5124 = ORIENTED_EDGE('',*,*,#5125,.T.);
#5125 = EDGE_CURVE('',#5117,#5098,#5126,.T.);
#5126 = LINE('',#5127,#5128);
#5127 = CARTESIAN_POINT('',(70.325,-61.85,1.51));
#5128 = VECTOR('',#5129,1.);
#5129 = DIRECTION('',(1.,0.,-0.));
#5130 = FACE_BOUND('',#5131,.T.);
#5131 = EDGE_LOOP('',(#5132));
#5132 = ORIENTED_EDGE('',*,*,#5133,.T.);
#5133 = EDGE_CURVE('',#5134,#5134,#5136,.T.);
#5134 = VERTEX_POINT('',#5135);
#5135 = CARTESIAN_POINT('',(147.,-60.,1.51));
#5136 = CIRCLE('',#5137,0.5);
#5137 = AXIS2_PLACEMENT_3D('',#5138,#5139,#5140);
#5138 = CARTESIAN_POINT('',(147.,-59.5,1.51));
#5139 = DIRECTION('',(-0.,0.,-1.));
#5140 = DIRECTION('',(-0.,-1.,0.));
#5141 = FACE_BOUND('',#5142,.T.);
#5142 = EDGE_LOOP('',(#5143));
#5143 = ORIENTED_EDGE('',*,*,#5144,.T.);
#5144 = EDGE_CURVE('',#5145,#5145,#5147,.T.);
#5145 = VERTEX_POINT('',#5146);
#5146 = CARTESIAN_POINT('',(147.,-55.,1.51));
#5147 = CIRCLE('',#5148,0.5);
#5148 = AXIS2_PLACEMENT_3D('',#5149,#5150,#5151);
#5149 = CARTESIAN_POINT('',(147.,-54.5,1.51));
#5150 = DIRECTION('',(-0.,0.,-1.));
#5151 = DIRECTION('',(-0.,-1.,0.));
#5152 = FACE_BOUND('',#5153,.T.);
#5153 = EDGE_LOOP('',(#5154,#5165,#5173,#5182));
#5154 = ORIENTED_EDGE('',*,*,#5155,.T.);
#5155 = EDGE_CURVE('',#5156,#5158,#5160,.T.);
#5156 = VERTEX_POINT('',#5157);
#5157 = CARTESIAN_POINT('',(140.65,-50.65,1.51));
#5158 = VERTEX_POINT('',#5159);
#5159 = CARTESIAN_POINT('',(140.65,-52.15,1.51));
#5160 = CIRCLE('',#5161,0.75);
#5161 = AXIS2_PLACEMENT_3D('',#5162,#5163,#5164);
#5162 = CARTESIAN_POINT('',(140.65,-51.4,1.51));
#5163 = DIRECTION('',(-0.,0.,-1.));
#5164 = DIRECTION('',(-0.,-1.,0.));
#5165 = ORIENTED_EDGE('',*,*,#5166,.T.);
#5166 = EDGE_CURVE('',#5158,#5167,#5169,.T.);
#5167 = VERTEX_POINT('',#5168);
#5168 = CARTESIAN_POINT('',(139.35,-52.15,1.51));
#5169 = LINE('',#5170,#5171);
#5170 = CARTESIAN_POINT('',(69.675,-52.15,1.51));
#5171 = VECTOR('',#5172,1.);
#5172 = DIRECTION('',(-1.,0.,0.));
#5173 = ORIENTED_EDGE('',*,*,#5174,.T.);
#5174 = EDGE_CURVE('',#5167,#5175,#5177,.T.);
#5175 = VERTEX_POINT('',#5176);
#5176 = CARTESIAN_POINT('',(139.35,-50.65,1.51));
#5177 = CIRCLE('',#5178,0.75);
#5178 = AXIS2_PLACEMENT_3D('',#5179,#5180,#5181);
#5179 = CARTESIAN_POINT('',(139.35,-51.4,1.51));
#5180 = DIRECTION('',(-0.,0.,-1.));
#5181 = DIRECTION('',(0.,1.,0.));
#5182 = ORIENTED_EDGE('',*,*,#5183,.T.);
#5183 = EDGE_CURVE('',#5175,#5156,#5184,.T.);
#5184 = LINE('',#5185,#5186);
#5185 = CARTESIAN_POINT('',(70.325,-50.65,1.51));
#5186 = VECTOR('',#5187,1.);
#5187 = DIRECTION('',(1.,0.,-0.));
#5188 = FACE_BOUND('',#5189,.T.);
#5189 = EDGE_LOOP('',(#5190));
#5190 = ORIENTED_EDGE('',*,*,#5191,.T.);
#5191 = EDGE_CURVE('',#5192,#5192,#5194,.T.);
#5192 = VERTEX_POINT('',#5193);
#5193 = CARTESIAN_POINT('',(156.,-60.75,1.51));
#5194 = CIRCLE('',#5195,0.75);
#5195 = AXIS2_PLACEMENT_3D('',#5196,#5197,#5198);
#5196 = CARTESIAN_POINT('',(156.,-60.,1.51));
#5197 = DIRECTION('',(-0.,0.,-1.));
#5198 = DIRECTION('',(-0.,-1.,0.));
#5199 = FACE_BOUND('',#5200,.T.);
#5200 = EDGE_LOOP('',(#5201));
#5201 = ORIENTED_EDGE('',*,*,#5202,.T.);
#5202 = EDGE_CURVE('',#5203,#5203,#5205,.T.);
#5203 = VERTEX_POINT('',#5204);
#5204 = CARTESIAN_POINT('',(156.,-55.67,1.51));
#5205 = CIRCLE('',#5206,0.75);
#5206 = AXIS2_PLACEMENT_3D('',#5207,#5208,#5209);
#5207 = CARTESIAN_POINT('',(156.,-54.92,1.51));
#5208 = DIRECTION('',(-0.,0.,-1.));
#5209 = DIRECTION('',(-0.,-1.,0.));
#5210 = FACE_BOUND('',#5211,.T.);
#5211 = EDGE_LOOP('',(#5212));
#5212 = ORIENTED_EDGE('',*,*,#5213,.T.);
#5213 = EDGE_CURVE('',#5214,#5214,#5216,.T.);
#5214 = VERTEX_POINT('',#5215);
#5215 = CARTESIAN_POINT('',(156.,-50.59,1.51));
#5216 = CIRCLE('',#5217,0.75);
#5217 = AXIS2_PLACEMENT_3D('',#5218,#5219,#5220);
#5218 = CARTESIAN_POINT('',(156.,-49.84,1.51));
#5219 = DIRECTION('',(-0.,0.,-1.));
#5220 = DIRECTION('',(-0.,-1.,0.));
#5221 = FACE_BOUND('',#5222,.T.);
#5222 = EDGE_LOOP('',(#5223));
#5223 = ORIENTED_EDGE('',*,*,#5224,.T.);
#5224 = EDGE_CURVE('',#5225,#5225,#5227,.T.);
#5225 = VERTEX_POINT('',#5226);
#5226 = CARTESIAN_POINT('',(160.,-46.02,1.51));
#5227 = CIRCLE('',#5228,1.1);
#5228 = AXIS2_PLACEMENT_3D('',#5229,#5230,#5231);
#5229 = CARTESIAN_POINT('',(160.,-44.92,1.51));
#5230 = DIRECTION('',(-0.,0.,-1.));
#5231 = DIRECTION('',(-0.,-1.,0.));
#5232 = PLANE('',#5233);
#5233 = AXIS2_PLACEMENT_3D('',#5234,#5235,#5236);
#5234 = CARTESIAN_POINT('',(0.,0.,1.51));
#5235 = DIRECTION('',(0.,0.,1.));
#5236 = DIRECTION('',(1.,0.,-0.));
#5237 = ADVANCED_FACE('',(#5238),#5249,.T.);
#5238 = FACE_BOUND('',#5239,.T.);
#5239 = EDGE_LOOP('',(#5240,#5246,#5247,#5248));
#5240 = ORIENTED_EDGE('',*,*,#5241,.T.);
#5241 = EDGE_CURVE('',#3998,#4621,#5242,.T.);
#5242 = LINE('',#5243,#5244);
#5243 = CARTESIAN_POINT('',(116.,-41.,0.));
#5244 = VECTOR('',#5245,1.);
#5245 = DIRECTION('',(0.,0.,1.));
#5246 = ORIENTED_EDGE('',*,*,#4620,.T.);
#5247 = ORIENTED_EDGE('',*,*,#3933,.F.);
#5248 = ORIENTED_EDGE('',*,*,#3997,.F.);
#5249 = PLANE('',#5250);
#5250 = AXIS2_PLACEMENT_3D('',#5251,#5252,#5253);
#5251 = CARTESIAN_POINT('',(116.,-41.,0.));
#5252 = DIRECTION('',(0.,1.,0.));
#5253 = DIRECTION('',(1.,0.,0.));
#5254 = ADVANCED_FACE('',(#5255),#5266,.T.);
#5255 = FACE_BOUND('',#5256,.T.);
#5256 = EDGE_LOOP('',(#5257,#5258,#5259,#5265));
#5257 = ORIENTED_EDGE('',*,*,#3973,.T.);
#5258 = ORIENTED_EDGE('',*,*,#4636,.T.);
#5259 = ORIENTED_EDGE('',*,*,#5260,.F.);
#5260 = EDGE_CURVE('',#4006,#4629,#5261,.T.);
#5261 = LINE('',#5262,#5263);
#5262 = CARTESIAN_POINT('',(116.,-111.,0.));
#5263 = VECTOR('',#5264,1.);
#5264 = DIRECTION('',(0.,0.,1.));
#5265 = ORIENTED_EDGE('',*,*,#4013,.F.);
#5266 = PLANE('',#5267);
#5267 = AXIS2_PLACEMENT_3D('',#5268,#5269,#5270);
#5268 = CARTESIAN_POINT('',(133.,-124.,0.));
#5269 = DIRECTION('',(-0.607450107571,-0.794357832977,0.));
#5270 = DIRECTION('',(-0.794357832977,0.607450107571,0.));
#5271 = ADVANCED_FACE('',(#5272),#5278,.T.);
#5272 = FACE_BOUND('',#5273,.T.);
#5273 = EDGE_LOOP('',(#5274,#5275,#5276,#5277));
#5274 = ORIENTED_EDGE('',*,*,#5260,.T.);
#5275 = ORIENTED_EDGE('',*,*,#4628,.T.);
#5276 = ORIENTED_EDGE('',*,*,#5241,.F.);
#5277 = ORIENTED_EDGE('',*,*,#4005,.F.);
#5278 = PLANE('',#5279);
#5279 = AXIS2_PLACEMENT_3D('',#5280,#5281,#5282);
#5280 = CARTESIAN_POINT('',(116.,-111.,0.));
#5281 = DIRECTION('',(-1.,0.,0.));
#5282 = DIRECTION('',(0.,1.,0.));
#5283 = ADVANCED_FACE('',(#5284),#5295,.F.);
#5284 = FACE_BOUND('',#5285,.T.);
#5285 = EDGE_LOOP('',(#5286,#5287,#5293,#5294));
#5286 = ORIENTED_EDGE('',*,*,#4022,.T.);
#5287 = ORIENTED_EDGE('',*,*,#5288,.T.);
#5288 = EDGE_CURVE('',#4023,#4646,#5289,.T.);
#5289 = LINE('',#5290,#5291);
#5290 = CARTESIAN_POINT('',(132.38,-119.1085,-4.6E-02));
#5291 = VECTOR('',#5292,1.);
#5292 = DIRECTION('',(0.,0.,1.));
#5293 = ORIENTED_EDGE('',*,*,#4645,.F.);
#5294 = ORIENTED_EDGE('',*,*,#5288,.F.);
#5295 = CYLINDRICAL_SURFACE('',#5296,0.425);
#5296 = AXIS2_PLACEMENT_3D('',#5297,#5298,#5299);
#5297 = CARTESIAN_POINT('',(132.38,-118.6835,-4.6E-02));
#5298 = DIRECTION('',(-0.,-0.,-1.));
#5299 = DIRECTION('',(-0.,-1.,0.));
#5300 = ADVANCED_FACE('',(#5301),#5312,.F.);
#5301 = FACE_BOUND('',#5302,.T.);
#5302 = EDGE_LOOP('',(#5303,#5304,#5310,#5311));
#5303 = ORIENTED_EDGE('',*,*,#4033,.T.);
#5304 = ORIENTED_EDGE('',*,*,#5305,.T.);
#5305 = EDGE_CURVE('',#4034,#4657,#5306,.T.);
#5306 = LINE('',#5307,#5308);
#5307 = CARTESIAN_POINT('',(132.38,-116.5685,-4.6E-02));
#5308 = VECTOR('',#5309,1.);
#5309 = DIRECTION('',(0.,0.,1.));
#5310 = ORIENTED_EDGE('',*,*,#4656,.F.);
#5311 = ORIENTED_EDGE('',*,*,#5305,.F.);
#5312 = CYLINDRICAL_SURFACE('',#5313,0.425);
#5313 = AXIS2_PLACEMENT_3D('',#5314,#5315,#5316);
#5314 = CARTESIAN_POINT('',(132.38,-116.1435,-4.6E-02));
#5315 = DIRECTION('',(-0.,-0.,-1.));
#5316 = DIRECTION('',(-0.,-1.,0.));
#5317 = ADVANCED_FACE('',(#5318),#5329,.F.);
#5318 = FACE_BOUND('',#5319,.T.);
#5319 = EDGE_LOOP('',(#5320,#5321,#5327,#5328));
#5320 = ORIENTED_EDGE('',*,*,#4044,.T.);
#5321 = ORIENTED_EDGE('',*,*,#5322,.T.);
#5322 = EDGE_CURVE('',#4045,#4668,#5323,.T.);
#5323 = LINE('',#5324,#5325);
#5324 = CARTESIAN_POINT('',(132.38,-114.0285,-4.6E-02));
#5325 = VECTOR('',#5326,1.);
#5326 = DIRECTION('',(0.,0.,1.));
#5327 = ORIENTED_EDGE('',*,*,#4667,.F.);
#5328 = ORIENTED_EDGE('',*,*,#5322,.F.);
#5329 = CYLINDRICAL_SURFACE('',#5330,0.425);
#5330 = AXIS2_PLACEMENT_3D('',#5331,#5332,#5333);
#5331 = CARTESIAN_POINT('',(132.38,-113.6035,-4.6E-02));
#5332 = DIRECTION('',(-0.,-0.,-1.));
#5333 = DIRECTION('',(-0.,-1.,0.));
#5334 = ADVANCED_FACE('',(#5335),#5346,.F.);
#5335 = FACE_BOUND('',#5336,.T.);
#5336 = EDGE_LOOP('',(#5337,#5338,#5344,#5345));
#5337 = ORIENTED_EDGE('',*,*,#4055,.T.);
#5338 = ORIENTED_EDGE('',*,*,#5339,.T.);
#5339 = EDGE_CURVE('',#4056,#4679,#5340,.T.);
#5340 = LINE('',#5341,#5342);
#5341 = CARTESIAN_POINT('',(132.38,-111.4885,-4.6E-02));
#5342 = VECTOR('',#5343,1.);
#5343 = DIRECTION('',(0.,0.,1.));
#5344 = ORIENTED_EDGE('',*,*,#4678,.F.);
#5345 = ORIENTED_EDGE('',*,*,#5339,.F.);
#5346 = CYLINDRICAL_SURFACE('',#5347,0.425);
#5347 = AXIS2_PLACEMENT_3D('',#5348,#5349,#5350);
#5348 = CARTESIAN_POINT('',(132.38,-111.0635,-4.6E-02));
#5349 = DIRECTION('',(-0.,-0.,-1.));
#5350 = DIRECTION('',(-0.,-1.,0.));
#5351 = ADVANCED_FACE('',(#5352),#5363,.F.);
#5352 = FACE_BOUND('',#5353,.T.);
#5353 = EDGE_LOOP('',(#5354,#5355,#5361,#5362));
#5354 = ORIENTED_EDGE('',*,*,#4066,.T.);
#5355 = ORIENTED_EDGE('',*,*,#5356,.T.);
#5356 = EDGE_CURVE('',#4067,#4690,#5357,.T.);
#5357 = LINE('',#5358,#5359);
#5358 = CARTESIAN_POINT('',(132.38,-108.9485,-4.6E-02));
#5359 = VECTOR('',#5360,1.);
#5360 = DIRECTION('',(0.,0.,1.));
#5361 = ORIENTED_EDGE('',*,*,#4689,.F.);
#5362 = ORIENTED_EDGE('',*,*,#5356,.F.);
#5363 = CYLINDRICAL_SURFACE('',#5364,0.425);
#5364 = AXIS2_PLACEMENT_3D('',#5365,#5366,#5367);
#5365 = CARTESIAN_POINT('',(132.38,-108.5235,-4.6E-02));
#5366 = DIRECTION('',(-0.,-0.,-1.));
#5367 = DIRECTION('',(-0.,-1.,0.));
#5368 = ADVANCED_FACE('',(#5369),#5380,.F.);
#5369 = FACE_BOUND('',#5370,.T.);
#5370 = EDGE_LOOP('',(#5371,#5372,#5378,#5379));
#5371 = ORIENTED_EDGE('',*,*,#4077,.T.);
#5372 = ORIENTED_EDGE('',*,*,#5373,.T.);
#5373 = EDGE_CURVE('',#4078,#4701,#5374,.T.);
#5374 = LINE('',#5375,#5376);
#5375 = CARTESIAN_POINT('',(132.38,-106.4085,-4.6E-02));
#5376 = VECTOR('',#5377,1.);
#5377 = DIRECTION('',(0.,0.,1.));
#5378 = ORIENTED_EDGE('',*,*,#4700,.F.);
#5379 = ORIENTED_EDGE('',*,*,#5373,.F.);
#5380 = CYLINDRICAL_SURFACE('',#5381,0.425);
#5381 = AXIS2_PLACEMENT_3D('',#5382,#5383,#5384);
#5382 = CARTESIAN_POINT('',(132.38,-105.9835,-4.6E-02));
#5383 = DIRECTION('',(-0.,-0.,-1.));
#5384 = DIRECTION('',(-0.,-1.,0.));
#5385 = ADVANCED_FACE('',(#5386),#5397,.F.);
#5386 = FACE_BOUND('',#5387,.T.);
#5387 = EDGE_LOOP('',(#5388,#5389,#5395,#5396));
#5388 = ORIENTED_EDGE('',*,*,#4088,.T.);
#5389 = ORIENTED_EDGE('',*,*,#5390,.T.);
#5390 = EDGE_CURVE('',#4089,#4712,#5391,.T.);
#5391 = LINE('',#5392,#5393);
#5392 = CARTESIAN_POINT('',(132.38,-103.8685,-4.6E-02));
#5393 = VECTOR('',#5394,1.);
#5394 = DIRECTION('',(0.,0.,1.));
#5395 = ORIENTED_EDGE('',*,*,#4711,.F.);
#5396 = ORIENTED_EDGE('',*,*,#5390,.F.);
#5397 = CYLINDRICAL_SURFACE('',#5398,0.425);
#5398 = AXIS2_PLACEMENT_3D('',#5399,#5400,#5401);
#5399 = CARTESIAN_POINT('',(132.38,-103.4435,-4.6E-02));
#5400 = DIRECTION('',(-0.,-0.,-1.));
#5401 = DIRECTION('',(-0.,-1.,0.));
#5402 = ADVANCED_FACE('',(#5403),#5414,.F.);
#5403 = FACE_BOUND('',#5404,.T.);
#5404 = EDGE_LOOP('',(#5405,#5406,#5412,#5413));
#5405 = ORIENTED_EDGE('',*,*,#4099,.T.);
#5406 = ORIENTED_EDGE('',*,*,#5407,.T.);
#5407 = EDGE_CURVE('',#4100,#4723,#5408,.T.);
#5408 = LINE('',#5409,#5410);
#5409 = CARTESIAN_POINT('',(134.65,-96.135,-4.6E-02));
#5410 = VECTOR('',#5411,1.);
#5411 = DIRECTION('',(0.,0.,1.));
#5412 = ORIENTED_EDGE('',*,*,#4722,.F.);
#5413 = ORIENTED_EDGE('',*,*,#5407,.F.);
#5414 = CYLINDRICAL_SURFACE('',#5415,0.35);
#5415 = AXIS2_PLACEMENT_3D('',#5416,#5417,#5418);
#5416 = CARTESIAN_POINT('',(134.65,-95.785,-4.6E-02));
#5417 = DIRECTION('',(-0.,-0.,-1.));
#5418 = DIRECTION('',(-0.,-1.,0.));
#5419 = ADVANCED_FACE('',(#5420),#5431,.F.);
#5420 = FACE_BOUND('',#5421,.T.);
#5421 = EDGE_LOOP('',(#5422,#5423,#5429,#5430));
#5422 = ORIENTED_EDGE('',*,*,#4110,.T.);
#5423 = ORIENTED_EDGE('',*,*,#5424,.T.);
#5424 = EDGE_CURVE('',#4111,#4734,#5425,.T.);
#5425 = LINE('',#5426,#5427);
#5426 = CARTESIAN_POINT('',(134.65,-94.355,-4.6E-02));
#5427 = VECTOR('',#5428,1.);
#5428 = DIRECTION('',(0.,0.,1.));
#5429 = ORIENTED_EDGE('',*,*,#4733,.F.);
#5430 = ORIENTED_EDGE('',*,*,#5424,.F.);
#5431 = CYLINDRICAL_SURFACE('',#5432,0.35);
#5432 = AXIS2_PLACEMENT_3D('',#5433,#5434,#5435);
#5433 = CARTESIAN_POINT('',(134.65,-94.005,-4.6E-02));
#5434 = DIRECTION('',(-0.,-0.,-1.));
#5435 = DIRECTION('',(-0.,-1.,0.));
#5436 = ADVANCED_FACE('',(#5437),#5448,.F.);
#5437 = FACE_BOUND('',#5438,.T.);
#5438 = EDGE_LOOP('',(#5439,#5440,#5446,#5447));
#5439 = ORIENTED_EDGE('',*,*,#4121,.T.);
#5440 = ORIENTED_EDGE('',*,*,#5441,.T.);
#5441 = EDGE_CURVE('',#4122,#4745,#5442,.T.);
#5442 = LINE('',#5443,#5444);
#5443 = CARTESIAN_POINT('',(134.65,-92.575,-4.6E-02));
#5444 = VECTOR('',#5445,1.);
#5445 = DIRECTION('',(0.,0.,1.));
#5446 = ORIENTED_EDGE('',*,*,#4744,.F.);
#5447 = ORIENTED_EDGE('',*,*,#5441,.F.);
#5448 = CYLINDRICAL_SURFACE('',#5449,0.35);
#5449 = AXIS2_PLACEMENT_3D('',#5450,#5451,#5452);
#5450 = CARTESIAN_POINT('',(134.65,-92.225,-4.6E-02));
#5451 = DIRECTION('',(-0.,-0.,-1.));
#5452 = DIRECTION('',(-0.,-1.,0.));
#5453 = ADVANCED_FACE('',(#5454),#5465,.F.);
#5454 = FACE_BOUND('',#5455,.T.);
#5455 = EDGE_LOOP('',(#5456,#5457,#5463,#5464));
#5456 = ORIENTED_EDGE('',*,*,#4132,.T.);
#5457 = ORIENTED_EDGE('',*,*,#5458,.T.);
#5458 = EDGE_CURVE('',#4133,#4756,#5459,.T.);
#5459 = LINE('',#5460,#5461);
#5460 = CARTESIAN_POINT('',(134.65,-90.795,-4.6E-02));
#5461 = VECTOR('',#5462,1.);
#5462 = DIRECTION('',(0.,0.,1.));
#5463 = ORIENTED_EDGE('',*,*,#4755,.F.);
#5464 = ORIENTED_EDGE('',*,*,#5458,.F.);
#5465 = CYLINDRICAL_SURFACE('',#5466,0.35);
#5466 = AXIS2_PLACEMENT_3D('',#5467,#5468,#5469);
#5467 = CARTESIAN_POINT('',(134.65,-90.445,-4.6E-02));
#5468 = DIRECTION('',(-0.,-0.,-1.));
#5469 = DIRECTION('',(-0.,-1.,0.));
#5470 = ADVANCED_FACE('',(#5471),#5482,.F.);
#5471 = FACE_BOUND('',#5472,.T.);
#5472 = EDGE_LOOP('',(#5473,#5474,#5480,#5481));
#5473 = ORIENTED_EDGE('',*,*,#4143,.T.);
#5474 = ORIENTED_EDGE('',*,*,#5475,.T.);
#5475 = EDGE_CURVE('',#4144,#4767,#5476,.T.);
#5476 = LINE('',#5477,#5478);
#5477 = CARTESIAN_POINT('',(134.65,-89.015,-4.6E-02));
#5478 = VECTOR('',#5479,1.);
#5479 = DIRECTION('',(0.,0.,1.));
#5480 = ORIENTED_EDGE('',*,*,#4766,.F.);
#5481 = ORIENTED_EDGE('',*,*,#5475,.F.);
#5482 = CYLINDRICAL_SURFACE('',#5483,0.35);
#5483 = AXIS2_PLACEMENT_3D('',#5484,#5485,#5486);
#5484 = CARTESIAN_POINT('',(134.65,-88.665,-4.6E-02));
#5485 = DIRECTION('',(-0.,-0.,-1.));
#5486 = DIRECTION('',(-0.,-1.,0.));
#5487 = ADVANCED_FACE('',(#5488),#5499,.F.);
#5488 = FACE_BOUND('',#5489,.T.);
#5489 = EDGE_LOOP('',(#5490,#5491,#5497,#5498));
#5490 = ORIENTED_EDGE('',*,*,#4154,.T.);
#5491 = ORIENTED_EDGE('',*,*,#5492,.T.);
#5492 = EDGE_CURVE('',#4155,#4778,#5493,.T.);
#5493 = LINE('',#5494,#5495);
#5494 = CARTESIAN_POINT('',(134.65,-87.235,-4.6E-02));
#5495 = VECTOR('',#5496,1.);
#5496 = DIRECTION('',(0.,0.,1.));
#5497 = ORIENTED_EDGE('',*,*,#4777,.F.);
#5498 = ORIENTED_EDGE('',*,*,#5492,.F.);
#5499 = CYLINDRICAL_SURFACE('',#5500,0.35);
#5500 = AXIS2_PLACEMENT_3D('',#5501,#5502,#5503);
#5501 = CARTESIAN_POINT('',(134.65,-86.885,-4.6E-02));
#5502 = DIRECTION('',(-0.,-0.,-1.));
#5503 = DIRECTION('',(-0.,-1.,0.));
#5504 = ADVANCED_FACE('',(#5505),#5516,.F.);
#5505 = FACE_BOUND('',#5506,.T.);
#5506 = EDGE_LOOP('',(#5507,#5508,#5514,#5515));
#5507 = ORIENTED_EDGE('',*,*,#4165,.T.);
#5508 = ORIENTED_EDGE('',*,*,#5509,.T.);
#5509 = EDGE_CURVE('',#4166,#4789,#5510,.T.);
#5510 = LINE('',#5511,#5512);
#5511 = CARTESIAN_POINT('',(134.65,-85.455,-4.6E-02));
#5512 = VECTOR('',#5513,1.);
#5513 = DIRECTION('',(0.,0.,1.));
#5514 = ORIENTED_EDGE('',*,*,#4788,.F.);
#5515 = ORIENTED_EDGE('',*,*,#5509,.F.);
#5516 = CYLINDRICAL_SURFACE('',#5517,0.35);
#5517 = AXIS2_PLACEMENT_3D('',#5518,#5519,#5520);
#5518 = CARTESIAN_POINT('',(134.65,-85.105,-4.6E-02));
#5519 = DIRECTION('',(-0.,-0.,-1.));
#5520 = DIRECTION('',(-0.,-1.,0.));
#5521 = ADVANCED_FACE('',(#5522),#5533,.F.);
#5522 = FACE_BOUND('',#5523,.T.);
#5523 = EDGE_LOOP('',(#5524,#5525,#5531,#5532));
#5524 = ORIENTED_EDGE('',*,*,#4176,.T.);
#5525 = ORIENTED_EDGE('',*,*,#5526,.T.);
#5526 = EDGE_CURVE('',#4177,#4800,#5527,.T.);
#5527 = LINE('',#5528,#5529);
#5528 = CARTESIAN_POINT('',(134.65,-83.675,-4.6E-02));
#5529 = VECTOR('',#5530,1.);
#5530 = DIRECTION('',(0.,0.,1.));
#5531 = ORIENTED_EDGE('',*,*,#4799,.F.);
#5532 = ORIENTED_EDGE('',*,*,#5526,.F.);
#5533 = CYLINDRICAL_SURFACE('',#5534,0.35);
#5534 = AXIS2_PLACEMENT_3D('',#5535,#5536,#5537);
#5535 = CARTESIAN_POINT('',(134.65,-83.325,-4.6E-02));
#5536 = DIRECTION('',(-0.,-0.,-1.));
#5537 = DIRECTION('',(-0.,-1.,0.));
#5538 = ADVANCED_FACE('',(#5539),#5550,.F.);
#5539 = FACE_BOUND('',#5540,.T.);
#5540 = EDGE_LOOP('',(#5541,#5542,#5548,#5549));
#5541 = ORIENTED_EDGE('',*,*,#4187,.T.);
#5542 = ORIENTED_EDGE('',*,*,#5543,.T.);
#5543 = EDGE_CURVE('',#4188,#4811,#5544,.T.);
#5544 = LINE('',#5545,#5546);
#5545 = CARTESIAN_POINT('',(140.,-119.1,-4.6E-02));
#5546 = VECTOR('',#5547,1.);
#5547 = DIRECTION('',(0.,0.,1.));
#5548 = ORIENTED_EDGE('',*,*,#4810,.F.);
#5549 = ORIENTED_EDGE('',*,*,#5543,.F.);
#5550 = CYLINDRICAL_SURFACE('',#5551,1.1);
#5551 = AXIS2_PLACEMENT_3D('',#5552,#5553,#5554);
#5552 = CARTESIAN_POINT('',(140.,-118.,-4.6E-02));
#5553 = DIRECTION('',(-0.,-0.,-1.));
#5554 = DIRECTION('',(-0.,-1.,0.));
#5555 = ADVANCED_FACE('',(#5556),#5567,.F.);
#5556 = FACE_BOUND('',#5557,.T.);
#5557 = EDGE_LOOP('',(#5558,#5559,#5565,#5566));
#5558 = ORIENTED_EDGE('',*,*,#4198,.T.);
#5559 = ORIENTED_EDGE('',*,*,#5560,.T.);
#5560 = EDGE_CURVE('',#4199,#4822,#5561,.T.);
#5561 = LINE('',#5562,#5563);
#5562 = CARTESIAN_POINT('',(147.62,-119.1085,-4.6E-02));
#5563 = VECTOR('',#5564,1.);
#5564 = DIRECTION('',(0.,0.,1.));
#5565 = ORIENTED_EDGE('',*,*,#4821,.F.);
#5566 = ORIENTED_EDGE('',*,*,#5560,.F.);
#5567 = CYLINDRICAL_SURFACE('',#5568,0.425);
#5568 = AXIS2_PLACEMENT_3D('',#5569,#5570,#5571);
#5569 = CARTESIAN_POINT('',(147.62,-118.6835,-4.6E-02));
#5570 = DIRECTION('',(-0.,-0.,-1.));
#5571 = DIRECTION('',(-0.,-1.,0.));
#5572 = ADVANCED_FACE('',(#5573),#5584,.F.);
#5573 = FACE_BOUND('',#5574,.T.);
#5574 = EDGE_LOOP('',(#5575,#5576,#5582,#5583));
#5575 = ORIENTED_EDGE('',*,*,#4209,.T.);
#5576 = ORIENTED_EDGE('',*,*,#5577,.T.);
#5577 = EDGE_CURVE('',#4210,#4833,#5578,.T.);
#5578 = LINE('',#5579,#5580);
#5579 = CARTESIAN_POINT('',(147.62,-116.5685,-4.6E-02));
#5580 = VECTOR('',#5581,1.);
#5581 = DIRECTION('',(0.,0.,1.));
#5582 = ORIENTED_EDGE('',*,*,#4832,.F.);
#5583 = ORIENTED_EDGE('',*,*,#5577,.F.);
#5584 = CYLINDRICAL_SURFACE('',#5585,0.425);
#5585 = AXIS2_PLACEMENT_3D('',#5586,#5587,#5588);
#5586 = CARTESIAN_POINT('',(147.62,-116.1435,-4.6E-02));
#5587 = DIRECTION('',(-0.,-0.,-1.));
#5588 = DIRECTION('',(-0.,-1.,0.));
#5589 = ADVANCED_FACE('',(#5590),#5601,.F.);
#5590 = FACE_BOUND('',#5591,.T.);
#5591 = EDGE_LOOP('',(#5592,#5593,#5599,#5600));
#5592 = ORIENTED_EDGE('',*,*,#4220,.T.);
#5593 = ORIENTED_EDGE('',*,*,#5594,.T.);
#5594 = EDGE_CURVE('',#4221,#4844,#5595,.T.);
#5595 = LINE('',#5596,#5597);
#5596 = CARTESIAN_POINT('',(147.62,-114.0285,-4.6E-02));
#5597 = VECTOR('',#5598,1.);
#5598 = DIRECTION('',(0.,0.,1.));
#5599 = ORIENTED_EDGE('',*,*,#4843,.F.);
#5600 = ORIENTED_EDGE('',*,*,#5594,.F.);
#5601 = CYLINDRICAL_SURFACE('',#5602,0.425);
#5602 = AXIS2_PLACEMENT_3D('',#5603,#5604,#5605);
#5603 = CARTESIAN_POINT('',(147.62,-113.6035,-4.6E-02));
#5604 = DIRECTION('',(-0.,-0.,-1.));
#5605 = DIRECTION('',(-0.,-1.,0.));
#5606 = ADVANCED_FACE('',(#5607),#5618,.F.);
#5607 = FACE_BOUND('',#5608,.T.);
#5608 = EDGE_LOOP('',(#5609,#5610,#5616,#5617));
#5609 = ORIENTED_EDGE('',*,*,#4231,.T.);
#5610 = ORIENTED_EDGE('',*,*,#5611,.T.);
#5611 = EDGE_CURVE('',#4232,#4855,#5612,.T.);
#5612 = LINE('',#5613,#5614);
#5613 = CARTESIAN_POINT('',(147.62,-111.4885,-4.6E-02));
#5614 = VECTOR('',#5615,1.);
#5615 = DIRECTION('',(0.,0.,1.));
#5616 = ORIENTED_EDGE('',*,*,#4854,.F.);
#5617 = ORIENTED_EDGE('',*,*,#5611,.F.);
#5618 = CYLINDRICAL_SURFACE('',#5619,0.425);
#5619 = AXIS2_PLACEMENT_3D('',#5620,#5621,#5622);
#5620 = CARTESIAN_POINT('',(147.62,-111.0635,-4.6E-02));
#5621 = DIRECTION('',(-0.,-0.,-1.));
#5622 = DIRECTION('',(-0.,-1.,0.));
#5623 = ADVANCED_FACE('',(#5624),#5635,.F.);
#5624 = FACE_BOUND('',#5625,.T.);
#5625 = EDGE_LOOP('',(#5626,#5627,#5633,#5634));
#5626 = ORIENTED_EDGE('',*,*,#4242,.T.);
#5627 = ORIENTED_EDGE('',*,*,#5628,.T.);
#5628 = EDGE_CURVE('',#4243,#4866,#5629,.T.);
#5629 = LINE('',#5630,#5631);
#5630 = CARTESIAN_POINT('',(147.62,-108.9485,-4.6E-02));
#5631 = VECTOR('',#5632,1.);
#5632 = DIRECTION('',(0.,0.,1.));
#5633 = ORIENTED_EDGE('',*,*,#4865,.F.);
#5634 = ORIENTED_EDGE('',*,*,#5628,.F.);
#5635 = CYLINDRICAL_SURFACE('',#5636,0.425);
#5636 = AXIS2_PLACEMENT_3D('',#5637,#5638,#5639);
#5637 = CARTESIAN_POINT('',(147.62,-108.5235,-4.6E-02));
#5638 = DIRECTION('',(-0.,-0.,-1.));
#5639 = DIRECTION('',(-0.,-1.,0.));
#5640 = ADVANCED_FACE('',(#5641),#5652,.F.);
#5641 = FACE_BOUND('',#5642,.T.);
#5642 = EDGE_LOOP('',(#5643,#5644,#5650,#5651));
#5643 = ORIENTED_EDGE('',*,*,#4253,.T.);
#5644 = ORIENTED_EDGE('',*,*,#5645,.T.);
#5645 = EDGE_CURVE('',#4254,#4877,#5646,.T.);
#5646 = LINE('',#5647,#5648);
#5647 = CARTESIAN_POINT('',(147.62,-106.4085,-4.6E-02));
#5648 = VECTOR('',#5649,1.);
#5649 = DIRECTION('',(0.,0.,1.));
#5650 = ORIENTED_EDGE('',*,*,#4876,.F.);
#5651 = ORIENTED_EDGE('',*,*,#5645,.F.);
#5652 = CYLINDRICAL_SURFACE('',#5653,0.425);
#5653 = AXIS2_PLACEMENT_3D('',#5654,#5655,#5656);
#5654 = CARTESIAN_POINT('',(147.62,-105.9835,-4.6E-02));
#5655 = DIRECTION('',(-0.,-0.,-1.));
#5656 = DIRECTION('',(-0.,-1.,0.));
#5657 = ADVANCED_FACE('',(#5658),#5669,.F.);
#5658 = FACE_BOUND('',#5659,.T.);
#5659 = EDGE_LOOP('',(#5660,#5661,#5667,#5668));
#5660 = ORIENTED_EDGE('',*,*,#4264,.T.);
#5661 = ORIENTED_EDGE('',*,*,#5662,.T.);
#5662 = EDGE_CURVE('',#4265,#4888,#5663,.T.);
#5663 = LINE('',#5664,#5665);
#5664 = CARTESIAN_POINT('',(147.62,-103.8685,-4.6E-02));
#5665 = VECTOR('',#5666,1.);
#5666 = DIRECTION('',(0.,0.,1.));
#5667 = ORIENTED_EDGE('',*,*,#4887,.F.);
#5668 = ORIENTED_EDGE('',*,*,#5662,.F.);
#5669 = CYLINDRICAL_SURFACE('',#5670,0.425);
#5670 = AXIS2_PLACEMENT_3D('',#5671,#5672,#5673);
#5671 = CARTESIAN_POINT('',(147.62,-103.4435,-4.6E-02));
#5672 = DIRECTION('',(-0.,-0.,-1.));
#5673 = DIRECTION('',(-0.,-1.,0.));
#5674 = ADVANCED_FACE('',(#5675),#5686,.F.);
#5675 = FACE_BOUND('',#5676,.T.);
#5676 = EDGE_LOOP('',(#5677,#5678,#5684,#5685));
#5677 = ORIENTED_EDGE('',*,*,#4275,.T.);
#5678 = ORIENTED_EDGE('',*,*,#5679,.T.);
#5679 = EDGE_CURVE('',#4276,#4899,#5680,.T.);
#5680 = LINE('',#5681,#5682);
#5681 = CARTESIAN_POINT('',(145.35,-97.025,-4.6E-02));
#5682 = VECTOR('',#5683,1.);
#5683 = DIRECTION('',(0.,0.,1.));
#5684 = ORIENTED_EDGE('',*,*,#4898,.F.);
#5685 = ORIENTED_EDGE('',*,*,#5679,.F.);
#5686 = CYLINDRICAL_SURFACE('',#5687,0.35);
#5687 = AXIS2_PLACEMENT_3D('',#5688,#5689,#5690);
#5688 = CARTESIAN_POINT('',(145.35,-96.675,-4.6E-02));
#5689 = DIRECTION('',(-0.,-0.,-1.));
#5690 = DIRECTION('',(-0.,-1.,0.));
#5691 = ADVANCED_FACE('',(#5692),#5703,.F.);
#5692 = FACE_BOUND('',#5693,.T.);
#5693 = EDGE_LOOP('',(#5694,#5695,#5701,#5702));
#5694 = ORIENTED_EDGE('',*,*,#4286,.T.);
#5695 = ORIENTED_EDGE('',*,*,#5696,.T.);
#5696 = EDGE_CURVE('',#4287,#4910,#5697,.T.);
#5697 = LINE('',#5698,#5699);
#5698 = CARTESIAN_POINT('',(145.35,-95.245,-4.6E-02));
#5699 = VECTOR('',#5700,1.);
#5700 = DIRECTION('',(0.,0.,1.));
#5701 = ORIENTED_EDGE('',*,*,#4909,.F.);
#5702 = ORIENTED_EDGE('',*,*,#5696,.F.);
#5703 = CYLINDRICAL_SURFACE('',#5704,0.35);
#5704 = AXIS2_PLACEMENT_3D('',#5705,#5706,#5707);
#5705 = CARTESIAN_POINT('',(145.35,-94.895,-4.6E-02));
#5706 = DIRECTION('',(-0.,-0.,-1.));
#5707 = DIRECTION('',(-0.,-1.,0.));
#5708 = ADVANCED_FACE('',(#5709),#5720,.F.);
#5709 = FACE_BOUND('',#5710,.T.);
#5710 = EDGE_LOOP('',(#5711,#5712,#5718,#5719));
#5711 = ORIENTED_EDGE('',*,*,#4297,.T.);
#5712 = ORIENTED_EDGE('',*,*,#5713,.T.);
#5713 = EDGE_CURVE('',#4298,#4921,#5714,.T.);
#5714 = LINE('',#5715,#5716);
#5715 = CARTESIAN_POINT('',(145.35,-93.465,-4.6E-02));
#5716 = VECTOR('',#5717,1.);
#5717 = DIRECTION('',(0.,0.,1.));
#5718 = ORIENTED_EDGE('',*,*,#4920,.F.);
#5719 = ORIENTED_EDGE('',*,*,#5713,.F.);
#5720 = CYLINDRICAL_SURFACE('',#5721,0.35);
#5721 = AXIS2_PLACEMENT_3D('',#5722,#5723,#5724);
#5722 = CARTESIAN_POINT('',(145.35,-93.115,-4.6E-02));
#5723 = DIRECTION('',(-0.,-0.,-1.));
#5724 = DIRECTION('',(-0.,-1.,0.));
#5725 = ADVANCED_FACE('',(#5726),#5737,.F.);
#5726 = FACE_BOUND('',#5727,.T.);
#5727 = EDGE_LOOP('',(#5728,#5729,#5735,#5736));
#5728 = ORIENTED_EDGE('',*,*,#4308,.T.);
#5729 = ORIENTED_EDGE('',*,*,#5730,.T.);
#5730 = EDGE_CURVE('',#4309,#4932,#5731,.T.);
#5731 = LINE('',#5732,#5733);
#5732 = CARTESIAN_POINT('',(145.35,-91.685,-4.6E-02));
#5733 = VECTOR('',#5734,1.);
#5734 = DIRECTION('',(0.,0.,1.));
#5735 = ORIENTED_EDGE('',*,*,#4931,.F.);
#5736 = ORIENTED_EDGE('',*,*,#5730,.F.);
#5737 = CYLINDRICAL_SURFACE('',#5738,0.35);
#5738 = AXIS2_PLACEMENT_3D('',#5739,#5740,#5741);
#5739 = CARTESIAN_POINT('',(145.35,-91.335,-4.6E-02));
#5740 = DIRECTION('',(-0.,-0.,-1.));
#5741 = DIRECTION('',(-0.,-1.,0.));
#5742 = ADVANCED_FACE('',(#5743),#5759,.T.);
#5743 = FACE_BOUND('',#5744,.T.);
#5744 = EDGE_LOOP('',(#5745,#5751,#5752,#5758));
#5745 = ORIENTED_EDGE('',*,*,#5746,.T.);
#5746 = EDGE_CURVE('',#4320,#4943,#5747,.T.);
#5747 = LINE('',#5748,#5749);
#5748 = CARTESIAN_POINT('',(135.555,-98.74,0.));
#5749 = VECTOR('',#5750,1.);
#5750 = DIRECTION('',(0.,0.,1.));
#5751 = ORIENTED_EDGE('',*,*,#4942,.T.);
#5752 = ORIENTED_EDGE('',*,*,#5753,.F.);
#5753 = EDGE_CURVE('',#4322,#4945,#5754,.T.);
#5754 = LINE('',#5755,#5756);
#5755 = CARTESIAN_POINT('',(144.445,-98.74,0.));
#5756 = VECTOR('',#5757,1.);
#5757 = DIRECTION('',(0.,0.,1.));
#5758 = ORIENTED_EDGE('',*,*,#4319,.F.);
#5759 = PLANE('',#5760);
#5760 = AXIS2_PLACEMENT_3D('',#5761,#5762,#5763);
#5761 = CARTESIAN_POINT('',(135.555,-98.74,0.));
#5762 = DIRECTION('',(0.,1.,0.));
#5763 = DIRECTION('',(1.,0.,0.));
#5764 = ADVANCED_FACE('',(#5765),#5776,.T.);
#5765 = FACE_BOUND('',#5766,.T.);
#5766 = EDGE_LOOP('',(#5767,#5773,#5774,#5775));
#5767 = ORIENTED_EDGE('',*,*,#5768,.T.);
#5768 = EDGE_CURVE('',#4330,#4953,#5769,.T.);
#5769 = LINE('',#5770,#5771);
#5770 = CARTESIAN_POINT('',(135.555,-80.84,0.));
#5771 = VECTOR('',#5772,1.);
#5772 = DIRECTION('',(0.,0.,1.));
#5773 = ORIENTED_EDGE('',*,*,#4952,.T.);
#5774 = ORIENTED_EDGE('',*,*,#5746,.F.);
#5775 = ORIENTED_EDGE('',*,*,#4329,.F.);
#5776 = PLANE('',#5777);
#5777 = AXIS2_PLACEMENT_3D('',#5778,#5779,#5780);
#5778 = CARTESIAN_POINT('',(135.555,-80.84,0.));
#5779 = DIRECTION('',(1.,0.,-0.));
#5780 = DIRECTION('',(0.,-1.,0.));
#5781 = ADVANCED_FACE('',(#5782),#5793,.T.);
#5782 = FACE_BOUND('',#5783,.T.);
#5783 = EDGE_LOOP('',(#5784,#5785,#5786,#5792));
#5784 = ORIENTED_EDGE('',*,*,#5753,.T.);
#5785 = ORIENTED_EDGE('',*,*,#4968,.T.);
#5786 = ORIENTED_EDGE('',*,*,#5787,.F.);
#5787 = EDGE_CURVE('',#4338,#4961,#5788,.T.);
#5788 = LINE('',#5789,#5790);
#5789 = CARTESIAN_POINT('',(144.445,-80.84,0.));
#5790 = VECTOR('',#5791,1.);
#5791 = DIRECTION('',(0.,0.,1.));
#5792 = ORIENTED_EDGE('',*,*,#4345,.F.);
#5793 = PLANE('',#5794);
#5794 = AXIS2_PLACEMENT_3D('',#5795,#5796,#5797);
#5795 = CARTESIAN_POINT('',(144.445,-98.74,0.));
#5796 = DIRECTION('',(-1.,0.,0.));
#5797 = DIRECTION('',(0.,1.,0.));
#5798 = ADVANCED_FACE('',(#5799),#5805,.T.);
#5799 = FACE_BOUND('',#5800,.T.);
#5800 = EDGE_LOOP('',(#5801,#5802,#5803,#5804));
#5801 = ORIENTED_EDGE('',*,*,#5787,.T.);
#5802 = ORIENTED_EDGE('',*,*,#4960,.T.);
#5803 = ORIENTED_EDGE('',*,*,#5768,.F.);
#5804 = ORIENTED_EDGE('',*,*,#4337,.F.);
#5805 = PLANE('',#5806);
#5806 = AXIS2_PLACEMENT_3D('',#5807,#5808,#5809);
#5807 = CARTESIAN_POINT('',(144.445,-80.84,0.));
#5808 = DIRECTION('',(0.,-1.,0.));
#5809 = DIRECTION('',(-1.,0.,0.));
#5810 = ADVANCED_FACE('',(#5811),#5822,.F.);
#5811 = FACE_BOUND('',#5812,.T.);
#5812 = EDGE_LOOP('',(#5813,#5814,#5820,#5821));
#5813 = ORIENTED_EDGE('',*,*,#4353,.T.);
#5814 = ORIENTED_EDGE('',*,*,#5815,.T.);
#5815 = EDGE_CURVE('',#4354,#4977,#5816,.T.);
#5816 = LINE('',#5817,#5818);
#5817 = CARTESIAN_POINT('',(145.35,-89.905,-4.6E-02));
#5818 = VECTOR('',#5819,1.);
#5819 = DIRECTION('',(0.,0.,1.));
#5820 = ORIENTED_EDGE('',*,*,#4976,.F.);
#5821 = ORIENTED_EDGE('',*,*,#5815,.F.);
#5822 = CYLINDRICAL_SURFACE('',#5823,0.35);
#5823 = AXIS2_PLACEMENT_3D('',#5824,#5825,#5826);
#5824 = CARTESIAN_POINT('',(145.35,-89.555,-4.6E-02));
#5825 = DIRECTION('',(-0.,-0.,-1.));
#5826 = DIRECTION('',(-0.,-1.,0.));
#5827 = ADVANCED_FACE('',(#5828),#5839,.F.);
#5828 = FACE_BOUND('',#5829,.T.);
#5829 = EDGE_LOOP('',(#5830,#5831,#5837,#5838));
#5830 = ORIENTED_EDGE('',*,*,#4364,.T.);
#5831 = ORIENTED_EDGE('',*,*,#5832,.T.);
#5832 = EDGE_CURVE('',#4365,#4988,#5833,.T.);
#5833 = LINE('',#5834,#5835);
#5834 = CARTESIAN_POINT('',(145.35,-88.125,-4.6E-02));
#5835 = VECTOR('',#5836,1.);
#5836 = DIRECTION('',(0.,0.,1.));
#5837 = ORIENTED_EDGE('',*,*,#4987,.F.);
#5838 = ORIENTED_EDGE('',*,*,#5832,.F.);
#5839 = CYLINDRICAL_SURFACE('',#5840,0.35);
#5840 = AXIS2_PLACEMENT_3D('',#5841,#5842,#5843);
#5841 = CARTESIAN_POINT('',(145.35,-87.775,-4.6E-02));
#5842 = DIRECTION('',(-0.,-0.,-1.));
#5843 = DIRECTION('',(-0.,-1.,0.));
#5844 = ADVANCED_FACE('',(#5845),#5856,.F.);
#5845 = FACE_BOUND('',#5846,.T.);
#5846 = EDGE_LOOP('',(#5847,#5848,#5854,#5855));
#5847 = ORIENTED_EDGE('',*,*,#4375,.T.);
#5848 = ORIENTED_EDGE('',*,*,#5849,.T.);
#5849 = EDGE_CURVE('',#4376,#4999,#5850,.T.);
#5850 = LINE('',#5851,#5852);
#5851 = CARTESIAN_POINT('',(145.35,-86.345,-4.6E-02));
#5852 = VECTOR('',#5853,1.);
#5853 = DIRECTION('',(0.,0.,1.));
#5854 = ORIENTED_EDGE('',*,*,#4998,.F.);
#5855 = ORIENTED_EDGE('',*,*,#5849,.F.);
#5856 = CYLINDRICAL_SURFACE('',#5857,0.35);
#5857 = AXIS2_PLACEMENT_3D('',#5858,#5859,#5860);
#5858 = CARTESIAN_POINT('',(145.35,-85.995,-4.6E-02));
#5859 = DIRECTION('',(-0.,-0.,-1.));
#5860 = DIRECTION('',(-0.,-1.,0.));
#5861 = ADVANCED_FACE('',(#5862),#5873,.F.);
#5862 = FACE_BOUND('',#5863,.T.);
#5863 = EDGE_LOOP('',(#5864,#5865,#5871,#5872));
#5864 = ORIENTED_EDGE('',*,*,#4386,.T.);
#5865 = ORIENTED_EDGE('',*,*,#5866,.T.);
#5866 = EDGE_CURVE('',#4387,#5010,#5867,.T.);
#5867 = LINE('',#5868,#5869);
#5868 = CARTESIAN_POINT('',(145.35,-84.565,-4.6E-02));
#5869 = VECTOR('',#5870,1.);
#5870 = DIRECTION('',(0.,0.,1.));
#5871 = ORIENTED_EDGE('',*,*,#5009,.F.);
#5872 = ORIENTED_EDGE('',*,*,#5866,.F.);
#5873 = CYLINDRICAL_SURFACE('',#5874,0.35);
#5874 = AXIS2_PLACEMENT_3D('',#5875,#5876,#5877);
#5875 = CARTESIAN_POINT('',(145.35,-84.215,-4.6E-02));
#5876 = DIRECTION('',(-0.,-0.,-1.));
#5877 = DIRECTION('',(-0.,-1.,0.));
#5878 = ADVANCED_FACE('',(#5879),#5890,.F.);
#5879 = FACE_BOUND('',#5880,.T.);
#5880 = EDGE_LOOP('',(#5881,#5882,#5888,#5889));
#5881 = ORIENTED_EDGE('',*,*,#4397,.T.);
#5882 = ORIENTED_EDGE('',*,*,#5883,.T.);
#5883 = EDGE_CURVE('',#4398,#5021,#5884,.T.);
#5884 = LINE('',#5885,#5886);
#5885 = CARTESIAN_POINT('',(124.,-60.75,-4.6E-02));
#5886 = VECTOR('',#5887,1.);
#5887 = DIRECTION('',(0.,0.,1.));
#5888 = ORIENTED_EDGE('',*,*,#5020,.F.);
#5889 = ORIENTED_EDGE('',*,*,#5883,.F.);
#5890 = CYLINDRICAL_SURFACE('',#5891,0.75);
#5891 = AXIS2_PLACEMENT_3D('',#5892,#5893,#5894);
#5892 = CARTESIAN_POINT('',(124.,-60.,-4.6E-02));
#5893 = DIRECTION('',(-0.,-0.,-1.));
#5894 = DIRECTION('',(-0.,-1.,0.));
#5895 = ADVANCED_FACE('',(#5896),#5907,.F.);
#5896 = FACE_BOUND('',#5897,.T.);
#5897 = EDGE_LOOP('',(#5898,#5899,#5905,#5906));
#5898 = ORIENTED_EDGE('',*,*,#4408,.T.);
#5899 = ORIENTED_EDGE('',*,*,#5900,.T.);
#5900 = EDGE_CURVE('',#4409,#5032,#5901,.T.);
#5901 = LINE('',#5902,#5903);
#5902 = CARTESIAN_POINT('',(124.,-55.67,-4.6E-02));
#5903 = VECTOR('',#5904,1.);
#5904 = DIRECTION('',(0.,0.,1.));
#5905 = ORIENTED_EDGE('',*,*,#5031,.F.);
#5906 = ORIENTED_EDGE('',*,*,#5900,.F.);
#5907 = CYLINDRICAL_SURFACE('',#5908,0.75);
#5908 = AXIS2_PLACEMENT_3D('',#5909,#5910,#5911);
#5909 = CARTESIAN_POINT('',(124.,-54.92,-4.6E-02));
#5910 = DIRECTION('',(-0.,-0.,-1.));
#5911 = DIRECTION('',(-0.,-1.,0.));
#5912 = ADVANCED_FACE('',(#5913),#5924,.F.);
#5913 = FACE_BOUND('',#5914,.T.);
#5914 = EDGE_LOOP('',(#5915,#5916,#5922,#5923));
#5915 = ORIENTED_EDGE('',*,*,#4419,.T.);
#5916 = ORIENTED_EDGE('',*,*,#5917,.T.);
#5917 = EDGE_CURVE('',#4420,#5043,#5918,.T.);
#5918 = LINE('',#5919,#5920);
#5919 = CARTESIAN_POINT('',(124.,-50.59,-4.6E-02));
#5920 = VECTOR('',#5921,1.);
#5921 = DIRECTION('',(0.,0.,1.));
#5922 = ORIENTED_EDGE('',*,*,#5042,.F.);
#5923 = ORIENTED_EDGE('',*,*,#5917,.F.);
#5924 = CYLINDRICAL_SURFACE('',#5925,0.75);
#5925 = AXIS2_PLACEMENT_3D('',#5926,#5927,#5928);
#5926 = CARTESIAN_POINT('',(124.,-49.84,-4.6E-02));
#5927 = DIRECTION('',(-0.,-0.,-1.));
#5928 = DIRECTION('',(-0.,-1.,0.));
#5929 = ADVANCED_FACE('',(#5930),#5941,.F.);
#5930 = FACE_BOUND('',#5931,.T.);
#5931 = EDGE_LOOP('',(#5932,#5933,#5939,#5940));
#5932 = ORIENTED_EDGE('',*,*,#4430,.T.);
#5933 = ORIENTED_EDGE('',*,*,#5934,.T.);
#5934 = EDGE_CURVE('',#4431,#5054,#5935,.T.);
#5935 = LINE('',#5936,#5937);
#5936 = CARTESIAN_POINT('',(120.,-46.02,-4.6E-02));
#5937 = VECTOR('',#5938,1.);
#5938 = DIRECTION('',(0.,0.,1.));
#5939 = ORIENTED_EDGE('',*,*,#5053,.F.);
#5940 = ORIENTED_EDGE('',*,*,#5934,.F.);
#5941 = CYLINDRICAL_SURFACE('',#5942,1.1);
#5942 = AXIS2_PLACEMENT_3D('',#5943,#5944,#5945);
#5943 = CARTESIAN_POINT('',(120.,-44.92,-4.6E-02));
#5944 = DIRECTION('',(-0.,-0.,-1.));
#5945 = DIRECTION('',(-0.,-1.,0.));
#5946 = ADVANCED_FACE('',(#5947),#5958,.F.);
#5947 = FACE_BOUND('',#5948,.T.);
#5948 = EDGE_LOOP('',(#5949,#5950,#5956,#5957));
#5949 = ORIENTED_EDGE('',*,*,#4441,.T.);
#5950 = ORIENTED_EDGE('',*,*,#5951,.T.);
#5951 = EDGE_CURVE('',#4442,#5065,#5952,.T.);
#5952 = LINE('',#5953,#5954);
#5953 = CARTESIAN_POINT('',(132.5,-60.,-4.6E-02));
#5954 = VECTOR('',#5955,1.);
#5955 = DIRECTION('',(0.,0.,1.));
#5956 = ORIENTED_EDGE('',*,*,#5064,.F.);
#5957 = ORIENTED_EDGE('',*,*,#5951,.F.);
#5958 = CYLINDRICAL_SURFACE('',#5959,0.5);
#5959 = AXIS2_PLACEMENT_3D('',#5960,#5961,#5962);
#5960 = CARTESIAN_POINT('',(132.5,-59.5,-4.6E-02));
#5961 = DIRECTION('',(-0.,-0.,-1.));
#5962 = DIRECTION('',(-0.,-1.,0.));
#5963 = ADVANCED_FACE('',(#5964),#5975,.F.);
#5964 = FACE_BOUND('',#5965,.T.);
#5965 = EDGE_LOOP('',(#5966,#5967,#5973,#5974));
#5966 = ORIENTED_EDGE('',*,*,#4452,.T.);
#5967 = ORIENTED_EDGE('',*,*,#5968,.T.);
#5968 = EDGE_CURVE('',#4453,#5076,#5969,.T.);
#5969 = LINE('',#5970,#5971);
#5970 = CARTESIAN_POINT('',(132.5,-57.5,-4.6E-02));
#5971 = VECTOR('',#5972,1.);
#5972 = DIRECTION('',(0.,0.,1.));
#5973 = ORIENTED_EDGE('',*,*,#5075,.F.);
#5974 = ORIENTED_EDGE('',*,*,#5968,.F.);
#5975 = CYLINDRICAL_SURFACE('',#5976,0.5);
#5976 = AXIS2_PLACEMENT_3D('',#5977,#5978,#5979);
#5977 = CARTESIAN_POINT('',(132.5,-57.,-4.6E-02));
#5978 = DIRECTION('',(-0.,-0.,-1.));
#5979 = DIRECTION('',(-0.,-1.,0.));
#5980 = ADVANCED_FACE('',(#5981),#5992,.F.);
#5981 = FACE_BOUND('',#5982,.T.);
#5982 = EDGE_LOOP('',(#5983,#5984,#5990,#5991));
#5983 = ORIENTED_EDGE('',*,*,#4463,.T.);
#5984 = ORIENTED_EDGE('',*,*,#5985,.T.);
#5985 = EDGE_CURVE('',#4464,#5087,#5986,.T.);
#5986 = LINE('',#5987,#5988);
#5987 = CARTESIAN_POINT('',(132.5,-55.,-4.6E-02));
#5988 = VECTOR('',#5989,1.);
#5989 = DIRECTION('',(0.,0.,1.));
#5990 = ORIENTED_EDGE('',*,*,#5086,.F.);
#5991 = ORIENTED_EDGE('',*,*,#5985,.F.);
#5992 = CYLINDRICAL_SURFACE('',#5993,0.5);
#5993 = AXIS2_PLACEMENT_3D('',#5994,#5995,#5996);
#5994 = CARTESIAN_POINT('',(132.5,-54.5,-4.6E-02));
#5995 = DIRECTION('',(-0.,-0.,-1.));
#5996 = DIRECTION('',(-0.,-1.,0.));
#5997 = ADVANCED_FACE('',(#5998),#6014,.F.);
#5998 = FACE_BOUND('',#5999,.T.);
#5999 = EDGE_LOOP('',(#6000,#6001,#6007,#6008));
#6000 = ORIENTED_EDGE('',*,*,#4474,.T.);
#6001 = ORIENTED_EDGE('',*,*,#6002,.T.);
#6002 = EDGE_CURVE('',#4477,#5100,#6003,.T.);
#6003 = LINE('',#6004,#6005);
#6004 = CARTESIAN_POINT('',(140.65,-63.35,-4.6E-02));
#6005 = VECTOR('',#6006,1.);
#6006 = DIRECTION('',(0.,0.,1.));
#6007 = ORIENTED_EDGE('',*,*,#5097,.F.);
#6008 = ORIENTED_EDGE('',*,*,#6009,.F.);
#6009 = EDGE_CURVE('',#4475,#5098,#6010,.T.);
#6010 = LINE('',#6011,#6012);
#6011 = CARTESIAN_POINT('',(140.65,-61.85,-4.6E-02));
#6012 = VECTOR('',#6013,1.);
#6013 = DIRECTION('',(0.,0.,1.));
#6014 = CYLINDRICAL_SURFACE('',#6015,0.75);
#6015 = AXIS2_PLACEMENT_3D('',#6016,#6017,#6018);
#6016 = CARTESIAN_POINT('',(140.65,-62.6,-4.6E-02));
#6017 = DIRECTION('',(-0.,-0.,-1.));
#6018 = DIRECTION('',(-0.,-1.,0.));
#6019 = ADVANCED_FACE('',(#6020),#6031,.T.);
#6020 = FACE_BOUND('',#6021,.T.);
#6021 = EDGE_LOOP('',(#6022,#6023,#6024,#6025));
#6022 = ORIENTED_EDGE('',*,*,#4502,.T.);
#6023 = ORIENTED_EDGE('',*,*,#6009,.T.);
#6024 = ORIENTED_EDGE('',*,*,#5125,.F.);
#6025 = ORIENTED_EDGE('',*,*,#6026,.F.);
#6026 = EDGE_CURVE('',#4494,#5117,#6027,.T.);
#6027 = LINE('',#6028,#6029);
#6028 = CARTESIAN_POINT('',(139.35,-61.85,-4.6E-02));
#6029 = VECTOR('',#6030,1.);
#6030 = DIRECTION('',(0.,0.,1.));
#6031 = PLANE('',#6032);
#6032 = AXIS2_PLACEMENT_3D('',#6033,#6034,#6035);
#6033 = CARTESIAN_POINT('',(140.65,-61.85,-4.6E-02));
#6034 = DIRECTION('',(0.,-1.,0.));
#6035 = DIRECTION('',(-1.,0.,0.));
#6036 = ADVANCED_FACE('',(#6037),#6048,.F.);
#6037 = FACE_BOUND('',#6038,.T.);
#6038 = EDGE_LOOP('',(#6039,#6040,#6041,#6042));
#6039 = ORIENTED_EDGE('',*,*,#4493,.T.);
#6040 = ORIENTED_EDGE('',*,*,#6026,.T.);
#6041 = ORIENTED_EDGE('',*,*,#5116,.F.);
#6042 = ORIENTED_EDGE('',*,*,#6043,.F.);
#6043 = EDGE_CURVE('',#4486,#5109,#6044,.T.);
#6044 = LINE('',#6045,#6046);
#6045 = CARTESIAN_POINT('',(139.35,-63.35,-4.6E-02));
#6046 = VECTOR('',#6047,1.);
#6047 = DIRECTION('',(0.,0.,1.));
#6048 = CYLINDRICAL_SURFACE('',#6049,0.75);
#6049 = AXIS2_PLACEMENT_3D('',#6050,#6051,#6052);
#6050 = CARTESIAN_POINT('',(139.35,-62.6,-4.6E-02));
#6051 = DIRECTION('',(-0.,0.,-1.));
#6052 = DIRECTION('',(0.,1.,0.));
#6053 = ADVANCED_FACE('',(#6054),#6060,.T.);
#6054 = FACE_BOUND('',#6055,.T.);
#6055 = EDGE_LOOP('',(#6056,#6057,#6058,#6059));
#6056 = ORIENTED_EDGE('',*,*,#4485,.T.);
#6057 = ORIENTED_EDGE('',*,*,#6043,.T.);
#6058 = ORIENTED_EDGE('',*,*,#5108,.F.);
#6059 = ORIENTED_EDGE('',*,*,#6002,.F.);
#6060 = PLANE('',#6061);
#6061 = AXIS2_PLACEMENT_3D('',#6062,#6063,#6064);
#6062 = CARTESIAN_POINT('',(139.35,-63.35,-4.6E-02));
#6063 = DIRECTION('',(0.,1.,0.));
#6064 = DIRECTION('',(1.,0.,0.));
#6065 = ADVANCED_FACE('',(#6066),#6077,.F.);
#6066 = FACE_BOUND('',#6067,.T.);
#6067 = EDGE_LOOP('',(#6068,#6069,#6075,#6076));
#6068 = ORIENTED_EDGE('',*,*,#4510,.T.);
#6069 = ORIENTED_EDGE('',*,*,#6070,.T.);
#6070 = EDGE_CURVE('',#4511,#5134,#6071,.T.);
#6071 = LINE('',#6072,#6073);
#6072 = CARTESIAN_POINT('',(147.,-60.,-4.6E-02));
#6073 = VECTOR('',#6074,1.);
#6074 = DIRECTION('',(0.,0.,1.));
#6075 = ORIENTED_EDGE('',*,*,#5133,.F.);
#6076 = ORIENTED_EDGE('',*,*,#6070,.F.);
#6077 = CYLINDRICAL_SURFACE('',#6078,0.5);
#6078 = AXIS2_PLACEMENT_3D('',#6079,#6080,#6081);
#6079 = CARTESIAN_POINT('',(147.,-59.5,-4.6E-02));
#6080 = DIRECTION('',(-0.,-0.,-1.));
#6081 = DIRECTION('',(-0.,-1.,0.));
#6082 = ADVANCED_FACE('',(#6083),#6094,.F.);
#6083 = FACE_BOUND('',#6084,.T.);
#6084 = EDGE_LOOP('',(#6085,#6086,#6092,#6093));
#6085 = ORIENTED_EDGE('',*,*,#4521,.T.);
#6086 = ORIENTED_EDGE('',*,*,#6087,.T.);
#6087 = EDGE_CURVE('',#4522,#5145,#6088,.T.);
#6088 = LINE('',#6089,#6090);
#6089 = CARTESIAN_POINT('',(147.,-55.,-4.6E-02));
#6090 = VECTOR('',#6091,1.);
#6091 = DIRECTION('',(0.,0.,1.));
#6092 = ORIENTED_EDGE('',*,*,#5144,.F.);
#6093 = ORIENTED_EDGE('',*,*,#6087,.F.);
#6094 = CYLINDRICAL_SURFACE('',#6095,0.5);
#6095 = AXIS2_PLACEMENT_3D('',#6096,#6097,#6098);
#6096 = CARTESIAN_POINT('',(147.,-54.5,-4.6E-02));
#6097 = DIRECTION('',(-0.,-0.,-1.));
#6098 = DIRECTION('',(-0.,-1.,0.));
#6099 = ADVANCED_FACE('',(#6100),#6116,.F.);
#6100 = FACE_BOUND('',#6101,.T.);
#6101 = EDGE_LOOP('',(#6102,#6103,#6109,#6110));
#6102 = ORIENTED_EDGE('',*,*,#4532,.T.);
#6103 = ORIENTED_EDGE('',*,*,#6104,.T.);
#6104 = EDGE_CURVE('',#4535,#5158,#6105,.T.);
#6105 = LINE('',#6106,#6107);
#6106 = CARTESIAN_POINT('',(140.65,-52.15,-4.6E-02));
#6107 = VECTOR('',#6108,1.);
#6108 = DIRECTION('',(0.,0.,1.));
#6109 = ORIENTED_EDGE('',*,*,#5155,.F.);
#6110 = ORIENTED_EDGE('',*,*,#6111,.F.);
#6111 = EDGE_CURVE('',#4533,#5156,#6112,.T.);
#6112 = LINE('',#6113,#6114);
#6113 = CARTESIAN_POINT('',(140.65,-50.65,-4.6E-02));
#6114 = VECTOR('',#6115,1.);
#6115 = DIRECTION('',(0.,0.,1.));
#6116 = CYLINDRICAL_SURFACE('',#6117,0.75);
#6117 = AXIS2_PLACEMENT_3D('',#6118,#6119,#6120);
#6118 = CARTESIAN_POINT('',(140.65,-51.4,-4.6E-02));
#6119 = DIRECTION('',(-0.,-0.,-1.));
#6120 = DIRECTION('',(-0.,-1.,0.));
#6121 = ADVANCED_FACE('',(#6122),#6133,.T.);
#6122 = FACE_BOUND('',#6123,.T.);
#6123 = EDGE_LOOP('',(#6124,#6125,#6126,#6127));
#6124 = ORIENTED_EDGE('',*,*,#4560,.T.);
#6125 = ORIENTED_EDGE('',*,*,#6111,.T.);
#6126 = ORIENTED_EDGE('',*,*,#5183,.F.);
#6127 = ORIENTED_EDGE('',*,*,#6128,.F.);
#6128 = EDGE_CURVE('',#4552,#5175,#6129,.T.);
#6129 = LINE('',#6130,#6131);
#6130 = CARTESIAN_POINT('',(139.35,-50.65,-4.6E-02));
#6131 = VECTOR('',#6132,1.);
#6132 = DIRECTION('',(0.,0.,1.));
#6133 = PLANE('',#6134);
#6134 = AXIS2_PLACEMENT_3D('',#6135,#6136,#6137);
#6135 = CARTESIAN_POINT('',(140.65,-50.65,-4.6E-02));
#6136 = DIRECTION('',(0.,-1.,0.));
#6137 = DIRECTION('',(-1.,0.,0.));
#6138 = ADVANCED_FACE('',(#6139),#6150,.F.);
#6139 = FACE_BOUND('',#6140,.T.);
#6140 = EDGE_LOOP('',(#6141,#6142,#6143,#6144));
#6141 = ORIENTED_EDGE('',*,*,#4551,.T.);
#6142 = ORIENTED_EDGE('',*,*,#6128,.T.);
#6143 = ORIENTED_EDGE('',*,*,#5174,.F.);
#6144 = ORIENTED_EDGE('',*,*,#6145,.F.);
#6145 = EDGE_CURVE('',#4544,#5167,#6146,.T.);
#6146 = LINE('',#6147,#6148);
#6147 = CARTESIAN_POINT('',(139.35,-52.15,-4.6E-02));
#6148 = VECTOR('',#6149,1.);
#6149 = DIRECTION('',(0.,0.,1.));
#6150 = CYLINDRICAL_SURFACE('',#6151,0.75);
#6151 = AXIS2_PLACEMENT_3D('',#6152,#6153,#6154);
#6152 = CARTESIAN_POINT('',(139.35,-51.4,-4.6E-02));
#6153 = DIRECTION('',(-0.,0.,-1.));
#6154 = DIRECTION('',(0.,1.,0.));
#6155 = ADVANCED_FACE('',(#6156),#6162,.T.);
#6156 = FACE_BOUND('',#6157,.T.);
#6157 = EDGE_LOOP('',(#6158,#6159,#6160,#6161));
#6158 = ORIENTED_EDGE('',*,*,#4543,.T.);
#6159 = ORIENTED_EDGE('',*,*,#6145,.T.);
#6160 = ORIENTED_EDGE('',*,*,#5166,.F.);
#6161 = ORIENTED_EDGE('',*,*,#6104,.F.);
#6162 = PLANE('',#6163);
#6163 = AXIS2_PLACEMENT_3D('',#6164,#6165,#6166);
#6164 = CARTESIAN_POINT('',(139.35,-52.15,-4.6E-02));
#6165 = DIRECTION('',(0.,1.,0.));
#6166 = DIRECTION('',(1.,0.,0.));
#6167 = ADVANCED_FACE('',(#6168),#6179,.F.);
#6168 = FACE_BOUND('',#6169,.T.);
#6169 = EDGE_LOOP('',(#6170,#6171,#6177,#6178));
#6170 = ORIENTED_EDGE('',*,*,#4568,.T.);
#6171 = ORIENTED_EDGE('',*,*,#6172,.T.);
#6172 = EDGE_CURVE('',#4569,#5192,#6173,.T.);
#6173 = LINE('',#6174,#6175);
#6174 = CARTESIAN_POINT('',(156.,-60.75,-4.6E-02));
#6175 = VECTOR('',#6176,1.);
#6176 = DIRECTION('',(0.,0.,1.));
#6177 = ORIENTED_EDGE('',*,*,#5191,.F.);
#6178 = ORIENTED_EDGE('',*,*,#6172,.F.);
#6179 = CYLINDRICAL_SURFACE('',#6180,0.75);
#6180 = AXIS2_PLACEMENT_3D('',#6181,#6182,#6183);
#6181 = CARTESIAN_POINT('',(156.,-60.,-4.6E-02));
#6182 = DIRECTION('',(-0.,-0.,-1.));
#6183 = DIRECTION('',(-0.,-1.,0.));
#6184 = ADVANCED_FACE('',(#6185),#6196,.F.);
#6185 = FACE_BOUND('',#6186,.T.);
#6186 = EDGE_LOOP('',(#6187,#6188,#6194,#6195));
#6187 = ORIENTED_EDGE('',*,*,#4579,.T.);
#6188 = ORIENTED_EDGE('',*,*,#6189,.T.);
#6189 = EDGE_CURVE('',#4580,#5203,#6190,.T.);
#6190 = LINE('',#6191,#6192);
#6191 = CARTESIAN_POINT('',(156.,-55.67,-4.6E-02));
#6192 = VECTOR('',#6193,1.);
#6193 = DIRECTION('',(0.,0.,1.));
#6194 = ORIENTED_EDGE('',*,*,#5202,.F.);
#6195 = ORIENTED_EDGE('',*,*,#6189,.F.);
#6196 = CYLINDRICAL_SURFACE('',#6197,0.75);
#6197 = AXIS2_PLACEMENT_3D('',#6198,#6199,#6200);
#6198 = CARTESIAN_POINT('',(156.,-54.92,-4.6E-02));
#6199 = DIRECTION('',(-0.,-0.,-1.));
#6200 = DIRECTION('',(-0.,-1.,0.));
#6201 = ADVANCED_FACE('',(#6202),#6213,.F.);
#6202 = FACE_BOUND('',#6203,.T.);
#6203 = EDGE_LOOP('',(#6204,#6205,#6211,#6212));
#6204 = ORIENTED_EDGE('',*,*,#4590,.T.);
#6205 = ORIENTED_EDGE('',*,*,#6206,.T.);
#6206 = EDGE_CURVE('',#4591,#5214,#6207,.T.);
#6207 = LINE('',#6208,#6209);
#6208 = CARTESIAN_POINT('',(156.,-50.59,-4.6E-02));
#6209 = VECTOR('',#6210,1.);
#6210 = DIRECTION('',(0.,0.,1.));
#6211 = ORIENTED_EDGE('',*,*,#5213,.F.);
#6212 = ORIENTED_EDGE('',*,*,#6206,.F.);
#6213 = CYLINDRICAL_SURFACE('',#6214,0.75);
#6214 = AXIS2_PLACEMENT_3D('',#6215,#6216,#6217);
#6215 = CARTESIAN_POINT('',(156.,-49.84,-4.6E-02));
#6216 = DIRECTION('',(-0.,-0.,-1.));
#6217 = DIRECTION('',(-0.,-1.,0.));
#6218 = ADVANCED_FACE('',(#6219),#6230,.F.);
#6219 = FACE_BOUND('',#6220,.T.);
#6220 = EDGE_LOOP('',(#6221,#6222,#6228,#6229));
#6221 = ORIENTED_EDGE('',*,*,#4601,.T.);
#6222 = ORIENTED_EDGE('',*,*,#6223,.T.);
#6223 = EDGE_CURVE('',#4602,#5225,#6224,.T.);
#6224 = LINE('',#6225,#6226);
#6225 = CARTESIAN_POINT('',(160.,-46.02,-4.6E-02));
#6226 = VECTOR('',#6227,1.);
#6227 = DIRECTION('',(0.,0.,1.));
#6228 = ORIENTED_EDGE('',*,*,#5224,.F.);
#6229 = ORIENTED_EDGE('',*,*,#6223,.F.);
#6230 = CYLINDRICAL_SURFACE('',#6231,1.1);
#6231 = AXIS2_PLACEMENT_3D('',#6232,#6233,#6234);
#6232 = CARTESIAN_POINT('',(160.,-44.92,-4.6E-02));
#6233 = DIRECTION('',(-0.,-0.,-1.));
#6234 = DIRECTION('',(-0.,-1.,0.));
#6235 = ( GEOMETRIC_REPRESENTATION_CONTEXT(3) 
GLOBAL_UNCERTAINTY_ASSIGNED_CONTEXT((#6239)) 
GLOBAL_UNIT_ASSIGNED_CONTEXT((#6236,#6237,#6238)) REPRESENTATION_CONTEXT
('Context #1','3D Context with UNIT and UNCERTAINTY') );
#6236 = ( LENGTH_UNIT() NAMED_UNIT(*) SI_UNIT(.MILLI.,.METRE.) );
#6237 = ( NAMED_UNIT(*) PLANE_ANGLE_UNIT() SI_UNIT($,.RADIAN.) );
#6238 = ( NAMED_UNIT(*) SI_UNIT($,.STERADIAN.) SOLID_ANGLE_UNIT() );
#6239 = UNCERTAINTY_MEASURE_WITH_UNIT(LENGTH_MEASURE(1.E-07),#6236,
  'distance_accuracy_value','confusion accuracy');
#6240 = CONTEXT_DEPENDENT_SHAPE_REPRESENTATION(#6241,#6243);
#6241 = ( REPRESENTATION_RELATIONSHIP('','',#3886,#10) 
REPRESENTATION_RELATIONSHIP_WITH_TRANSFORMATION(#6242) 
SHAPE_REPRESENTATION_RELATIONSHIP() );
#6242 = ITEM_DEFINED_TRANSFORMATION('','',#11,#67);
#6243 = PRODUCT_DEFINITION_SHAPE('Placement','Placement of an item',
  #6244);
#6244 = NEXT_ASSEMBLY_USAGE_OCCURRENCE('17','=>[0:1:1:8]','',#5,#3881,$
  );
#6245 = PRODUCT_RELATED_PRODUCT_CATEGORY('part',$,(#3883));
#6246 = MECHANICAL_DESIGN_GEOMETRIC_PRESENTATION_REPRESENTATION('',(
    #6247,#6257,#6266,#6275,#6284,#6293,#6302,#6311,#6320,#6329,#6338,
    #6347,#6356,#6365,#6374,#6384,#6393,#6402,#6411,#6420,#6429,#6438,
    #6447,#6456,#6465,#6474,#6483,#6492,#6501,#6510,#6519,#6528,#6537,
    #6546,#6555,#6564,#6573,#6582,#6591,#6600,#6609,#6618,#6627,#6636,
    #6645,#6654,#6663,#6672,#6681,#6690,#6699,#6708,#6717,#6726,#6735,
    #6744,#6753,#6762,#6771,#6780,#6789,#6798,#6807,#6816,#6825,#6834,
    #6843,#6852,#6861),#3006);
#6247 = STYLED_ITEM('color',(#6248),#1026);
#6248 = PRESENTATION_STYLE_ASSIGNMENT((#6249,#6255));
#6249 = SURFACE_STYLE_USAGE(.BOTH.,#6250);
#6250 = SURFACE_SIDE_STYLE('',(#6251));
#6251 = SURFACE_STYLE_FILL_AREA(#6252);
#6252 = FILL_AREA_STYLE('',(#6253));
#6253 = FILL_AREA_STYLE_COLOUR('',#6254);
#6254 = COLOUR_RGB('',0.147999998088,0.145000001626,0.145000001626);
#6255 = CURVE_STYLE('',#6256,POSITIVE_LENGTH_MEASURE(0.1),#6254);
#6256 = DRAUGHTING_PRE_DEFINED_CURVE_FONT('continuous');
#6257 = STYLED_ITEM('color',(#6258),#1064);
#6258 = PRESENTATION_STYLE_ASSIGNMENT((#6259,#6264));
#6259 = SURFACE_STYLE_USAGE(.BOTH.,#6260);
#6260 = SURFACE_SIDE_STYLE('',(#6261));
#6261 = SURFACE_STYLE_FILL_AREA(#6262);
#6262 = FILL_AREA_STYLE('',(#6263));
#6263 = FILL_AREA_STYLE_COLOUR('',#6254);
#6264 = CURVE_STYLE('',#6265,POSITIVE_LENGTH_MEASURE(0.1),#6254);
#6265 = DRAUGHTING_PRE_DEFINED_CURVE_FONT('continuous');
#6266 = STYLED_ITEM('color',(#6267),#1127);
#6267 = PRESENTATION_STYLE_ASSIGNMENT((#6268,#6273));
#6268 = SURFACE_STYLE_USAGE(.BOTH.,#6269);
#6269 = SURFACE_SIDE_STYLE('',(#6270));
#6270 = SURFACE_STYLE_FILL_AREA(#6271);
#6271 = FILL_AREA_STYLE('',(#6272));
#6272 = FILL_AREA_STYLE_COLOUR('',#6254);
#6273 = CURVE_STYLE('',#6274,POSITIVE_LENGTH_MEASURE(0.1),#6254);
#6274 = DRAUGHTING_PRE_DEFINED_CURVE_FONT('continuous');
#6275 = STYLED_ITEM('color',(#6276),#1150);
#6276 = PRESENTATION_STYLE_ASSIGNMENT((#6277,#6282));
#6277 = SURFACE_STYLE_USAGE(.BOTH.,#6278);
#6278 = SURFACE_SIDE_STYLE('',(#6279));
#6279 = SURFACE_STYLE_FILL_AREA(#6280);
#6280 = FILL_AREA_STYLE('',(#6281));
#6281 = FILL_AREA_STYLE_COLOUR('',#6254);
#6282 = CURVE_STYLE('',#6283,POSITIVE_LENGTH_MEASURE(0.1),#6254);
#6283 = DRAUGHTING_PRE_DEFINED_CURVE_FONT('continuous');
#6284 = STYLED_ITEM('color',(#6285),#1179);
#6285 = PRESENTATION_STYLE_ASSIGNMENT((#6286,#6291));
#6286 = SURFACE_STYLE_USAGE(.BOTH.,#6287);
#6287 = SURFACE_SIDE_STYLE('',(#6288));
#6288 = SURFACE_STYLE_FILL_AREA(#6289);
#6289 = FILL_AREA_STYLE('',(#6290));
#6290 = FILL_AREA_STYLE_COLOUR('',#6254);
#6291 = CURVE_STYLE('',#6292,POSITIVE_LENGTH_MEASURE(0.1),#6254);
#6292 = DRAUGHTING_PRE_DEFINED_CURVE_FONT('continuous');
#6293 = STYLED_ITEM('color',(#6294),#1202);
#6294 = PRESENTATION_STYLE_ASSIGNMENT((#6295,#6300));
#6295 = SURFACE_STYLE_USAGE(.BOTH.,#6296);
#6296 = SURFACE_SIDE_STYLE('',(#6297));
#6297 = SURFACE_STYLE_FILL_AREA(#6298);
#6298 = FILL_AREA_STYLE('',(#6299));
#6299 = FILL_AREA_STYLE_COLOUR('',#6254);
#6300 = CURVE_STYLE('',#6301,POSITIVE_LENGTH_MEASURE(0.1),#6254);
#6301 = DRAUGHTING_PRE_DEFINED_CURVE_FONT('continuous');
#6302 = STYLED_ITEM('color',(#6303),#1257);
#6303 = PRESENTATION_STYLE_ASSIGNMENT((#6304,#6309));
#6304 = SURFACE_STYLE_USAGE(.BOTH.,#6305);
#6305 = SURFACE_SIDE_STYLE('',(#6306));
#6306 = SURFACE_STYLE_FILL_AREA(#6307);
#6307 = FILL_AREA_STYLE('',(#6308));
#6308 = FILL_AREA_STYLE_COLOUR('',#6254);
#6309 = CURVE_STYLE('',#6310,POSITIVE_LENGTH_MEASURE(0.1),#6254);
#6310 = DRAUGHTING_PRE_DEFINED_CURVE_FONT('continuous');
#6311 = STYLED_ITEM('color',(#6312),#1296);
#6312 = PRESENTATION_STYLE_ASSIGNMENT((#6313,#6318));
#6313 = SURFACE_STYLE_USAGE(.BOTH.,#6314);
#6314 = SURFACE_SIDE_STYLE('',(#6315));
#6315 = SURFACE_STYLE_FILL_AREA(#6316);
#6316 = FILL_AREA_STYLE('',(#6317));
#6317 = FILL_AREA_STYLE_COLOUR('',#6254);
#6318 = CURVE_STYLE('',#6319,POSITIVE_LENGTH_MEASURE(0.1),#6254);
#6319 = DRAUGHTING_PRE_DEFINED_CURVE_FONT('continuous');
#6320 = STYLED_ITEM('color',(#6321),#1319);
#6321 = PRESENTATION_STYLE_ASSIGNMENT((#6322,#6327));
#6322 = SURFACE_STYLE_USAGE(.BOTH.,#6323);
#6323 = SURFACE_SIDE_STYLE('',(#6324));
#6324 = SURFACE_STYLE_FILL_AREA(#6325);
#6325 = FILL_AREA_STYLE('',(#6326));
#6326 = FILL_AREA_STYLE_COLOUR('',#6254);
#6327 = CURVE_STYLE('',#6328,POSITIVE_LENGTH_MEASURE(0.1),#6254);
#6328 = DRAUGHTING_PRE_DEFINED_CURVE_FONT('continuous');
#6329 = STYLED_ITEM('color',(#6330),#1342);
#6330 = PRESENTATION_STYLE_ASSIGNMENT((#6331,#6336));
#6331 = SURFACE_STYLE_USAGE(.BOTH.,#6332);
#6332 = SURFACE_SIDE_STYLE('',(#6333));
#6333 = SURFACE_STYLE_FILL_AREA(#6334);
#6334 = FILL_AREA_STYLE('',(#6335));
#6335 = FILL_AREA_STYLE_COLOUR('',#6254);
#6336 = CURVE_STYLE('',#6337,POSITIVE_LENGTH_MEASURE(0.1),#6254);
#6337 = DRAUGHTING_PRE_DEFINED_CURVE_FONT('continuous');
#6338 = STYLED_ITEM('color',(#6339),#1359);
#6339 = PRESENTATION_STYLE_ASSIGNMENT((#6340,#6345));
#6340 = SURFACE_STYLE_USAGE(.BOTH.,#6341);
#6341 = SURFACE_SIDE_STYLE('',(#6342));
#6342 = SURFACE_STYLE_FILL_AREA(#6343);
#6343 = FILL_AREA_STYLE('',(#6344));
#6344 = FILL_AREA_STYLE_COLOUR('',#6254);
#6345 = CURVE_STYLE('',#6346,POSITIVE_LENGTH_MEASURE(0.1),#6254);
#6346 = DRAUGHTING_PRE_DEFINED_CURVE_FONT('continuous');
#6347 = STYLED_ITEM('color',(#6348),#1382);
#6348 = PRESENTATION_STYLE_ASSIGNMENT((#6349,#6354));
#6349 = SURFACE_STYLE_USAGE(.BOTH.,#6350);
#6350 = SURFACE_SIDE_STYLE('',(#6351));
#6351 = SURFACE_STYLE_FILL_AREA(#6352);
#6352 = FILL_AREA_STYLE('',(#6353));
#6353 = FILL_AREA_STYLE_COLOUR('',#6254);
#6354 = CURVE_STYLE('',#6355,POSITIVE_LENGTH_MEASURE(0.1),#6254);
#6355 = DRAUGHTING_PRE_DEFINED_CURVE_FONT('continuous');
#6356 = STYLED_ITEM('color',(#6357),#1470);
#6357 = PRESENTATION_STYLE_ASSIGNMENT((#6358,#6363));
#6358 = SURFACE_STYLE_USAGE(.BOTH.,#6359);
#6359 = SURFACE_SIDE_STYLE('',(#6360));
#6360 = SURFACE_STYLE_FILL_AREA(#6361);
#6361 = FILL_AREA_STYLE('',(#6362));
#6362 = FILL_AREA_STYLE_COLOUR('',#6254);
#6363 = CURVE_STYLE('',#6364,POSITIVE_LENGTH_MEASURE(0.1),#6254);
#6364 = DRAUGHTING_PRE_DEFINED_CURVE_FONT('continuous');
#6365 = STYLED_ITEM('color',(#6366),#1486);
#6366 = PRESENTATION_STYLE_ASSIGNMENT((#6367,#6372));
#6367 = SURFACE_STYLE_USAGE(.BOTH.,#6368);
#6368 = SURFACE_SIDE_STYLE('',(#6369));
#6369 = SURFACE_STYLE_FILL_AREA(#6370);
#6370 = FILL_AREA_STYLE('',(#6371));
#6371 = FILL_AREA_STYLE_COLOUR('',#6254);
#6372 = CURVE_STYLE('',#6373,POSITIVE_LENGTH_MEASURE(0.1),#6254);
#6373 = DRAUGHTING_PRE_DEFINED_CURVE_FONT('continuous');
#6374 = STYLED_ITEM('color',(#6375),#1516);
#6375 = PRESENTATION_STYLE_ASSIGNMENT((#6376,#6382));
#6376 = SURFACE_STYLE_USAGE(.BOTH.,#6377);
#6377 = SURFACE_SIDE_STYLE('',(#6378));
#6378 = SURFACE_STYLE_FILL_AREA(#6379);
#6379 = FILL_AREA_STYLE('',(#6380));
#6380 = FILL_AREA_STYLE_COLOUR('',#6381);
#6381 = COLOUR_RGB('',0.823999987314,0.819999987296,0.781000009244);
#6382 = CURVE_STYLE('',#6383,POSITIVE_LENGTH_MEASURE(0.1),#6381);
#6383 = DRAUGHTING_PRE_DEFINED_CURVE_FONT('continuous');
#6384 = STYLED_ITEM('color',(#6385),#1549);
#6385 = PRESENTATION_STYLE_ASSIGNMENT((#6386,#6391));
#6386 = SURFACE_STYLE_USAGE(.BOTH.,#6387);
#6387 = SURFACE_SIDE_STYLE('',(#6388));
#6388 = SURFACE_STYLE_FILL_AREA(#6389);
#6389 = FILL_AREA_STYLE('',(#6390));
#6390 = FILL_AREA_STYLE_COLOUR('',#6254);
#6391 = CURVE_STYLE('',#6392,POSITIVE_LENGTH_MEASURE(0.1),#6254);
#6392 = DRAUGHTING_PRE_DEFINED_CURVE_FONT('continuous');
#6393 = STYLED_ITEM('color',(#6394),#1580);
#6394 = PRESENTATION_STYLE_ASSIGNMENT((#6395,#6400));
#6395 = SURFACE_STYLE_USAGE(.BOTH.,#6396);
#6396 = SURFACE_SIDE_STYLE('',(#6397));
#6397 = SURFACE_STYLE_FILL_AREA(#6398);
#6398 = FILL_AREA_STYLE('',(#6399));
#6399 = FILL_AREA_STYLE_COLOUR('',#6381);
#6400 = CURVE_STYLE('',#6401,POSITIVE_LENGTH_MEASURE(0.1),#6381);
#6401 = DRAUGHTING_PRE_DEFINED_CURVE_FONT('continuous');
#6402 = STYLED_ITEM('color',(#6403),#1613);
#6403 = PRESENTATION_STYLE_ASSIGNMENT((#6404,#6409));
#6404 = SURFACE_STYLE_USAGE(.BOTH.,#6405);
#6405 = SURFACE_SIDE_STYLE('',(#6406));
#6406 = SURFACE_STYLE_FILL_AREA(#6407);
#6407 = FILL_AREA_STYLE('',(#6408));
#6408 = FILL_AREA_STYLE_COLOUR('',#6254);
#6409 = CURVE_STYLE('',#6410,POSITIVE_LENGTH_MEASURE(0.1),#6254);
#6410 = DRAUGHTING_PRE_DEFINED_CURVE_FONT('continuous');
#6411 = STYLED_ITEM('color',(#6412),#1630);
#6412 = PRESENTATION_STYLE_ASSIGNMENT((#6413,#6418));
#6413 = SURFACE_STYLE_USAGE(.BOTH.,#6414);
#6414 = SURFACE_SIDE_STYLE('',(#6415));
#6415 = SURFACE_STYLE_FILL_AREA(#6416);
#6416 = FILL_AREA_STYLE('',(#6417));
#6417 = FILL_AREA_STYLE_COLOUR('',#6254);
#6418 = CURVE_STYLE('',#6419,POSITIVE_LENGTH_MEASURE(0.1),#6254);
#6419 = DRAUGHTING_PRE_DEFINED_CURVE_FONT('continuous');
#6420 = STYLED_ITEM('color',(#6421),#1647);
#6421 = PRESENTATION_STYLE_ASSIGNMENT((#6422,#6427));
#6422 = SURFACE_STYLE_USAGE(.BOTH.,#6423);
#6423 = SURFACE_SIDE_STYLE('',(#6424));
#6424 = SURFACE_STYLE_FILL_AREA(#6425);
#6425 = FILL_AREA_STYLE('',(#6426));
#6426 = FILL_AREA_STYLE_COLOUR('',#6381);
#6427 = CURVE_STYLE('',#6428,POSITIVE_LENGTH_MEASURE(0.1),#6381);
#6428 = DRAUGHTING_PRE_DEFINED_CURVE_FONT('continuous');
#6429 = STYLED_ITEM('color',(#6430),#1680);
#6430 = PRESENTATION_STYLE_ASSIGNMENT((#6431,#6436));
#6431 = SURFACE_STYLE_USAGE(.BOTH.,#6432);
#6432 = SURFACE_SIDE_STYLE('',(#6433));
#6433 = SURFACE_STYLE_FILL_AREA(#6434);
#6434 = FILL_AREA_STYLE('',(#6435));
#6435 = FILL_AREA_STYLE_COLOUR('',#6254);
#6436 = CURVE_STYLE('',#6437,POSITIVE_LENGTH_MEASURE(0.1),#6254);
#6437 = DRAUGHTING_PRE_DEFINED_CURVE_FONT('continuous');
#6438 = STYLED_ITEM('color',(#6439),#1710);
#6439 = PRESENTATION_STYLE_ASSIGNMENT((#6440,#6445));
#6440 = SURFACE_STYLE_USAGE(.BOTH.,#6441);
#6441 = SURFACE_SIDE_STYLE('',(#6442));
#6442 = SURFACE_STYLE_FILL_AREA(#6443);
#6443 = FILL_AREA_STYLE('',(#6444));
#6444 = FILL_AREA_STYLE_COLOUR('',#6254);
#6445 = CURVE_STYLE('',#6446,POSITIVE_LENGTH_MEASURE(0.1),#6254);
#6446 = DRAUGHTING_PRE_DEFINED_CURVE_FONT('continuous');
#6447 = STYLED_ITEM('color',(#6448),#1733);
#6448 = PRESENTATION_STYLE_ASSIGNMENT((#6449,#6454));
#6449 = SURFACE_STYLE_USAGE(.BOTH.,#6450);
#6450 = SURFACE_SIDE_STYLE('',(#6451));
#6451 = SURFACE_STYLE_FILL_AREA(#6452);
#6452 = FILL_AREA_STYLE('',(#6453));
#6453 = FILL_AREA_STYLE_COLOUR('',#6254);
#6454 = CURVE_STYLE('',#6455,POSITIVE_LENGTH_MEASURE(0.1),#6254);
#6455 = DRAUGHTING_PRE_DEFINED_CURVE_FONT('continuous');
#6456 = STYLED_ITEM('color',(#6457),#1756);
#6457 = PRESENTATION_STYLE_ASSIGNMENT((#6458,#6463));
#6458 = SURFACE_STYLE_USAGE(.BOTH.,#6459);
#6459 = SURFACE_SIDE_STYLE('',(#6460));
#6460 = SURFACE_STYLE_FILL_AREA(#6461);
#6461 = FILL_AREA_STYLE('',(#6462));
#6462 = FILL_AREA_STYLE_COLOUR('',#6254);
#6463 = CURVE_STYLE('',#6464,POSITIVE_LENGTH_MEASURE(0.1),#6254);
#6464 = DRAUGHTING_PRE_DEFINED_CURVE_FONT('continuous');
#6465 = STYLED_ITEM('color',(#6466),#1773);
#6466 = PRESENTATION_STYLE_ASSIGNMENT((#6467,#6472));
#6467 = SURFACE_STYLE_USAGE(.BOTH.,#6468);
#6468 = SURFACE_SIDE_STYLE('',(#6469));
#6469 = SURFACE_STYLE_FILL_AREA(#6470);
#6470 = FILL_AREA_STYLE('',(#6471));
#6471 = FILL_AREA_STYLE_COLOUR('',#6381);
#6472 = CURVE_STYLE('',#6473,POSITIVE_LENGTH_MEASURE(0.1),#6381);
#6473 = DRAUGHTING_PRE_DEFINED_CURVE_FONT('continuous');
#6474 = STYLED_ITEM('color',(#6475),#1802);
#6475 = PRESENTATION_STYLE_ASSIGNMENT((#6476,#6481));
#6476 = SURFACE_STYLE_USAGE(.BOTH.,#6477);
#6477 = SURFACE_SIDE_STYLE('',(#6478));
#6478 = SURFACE_STYLE_FILL_AREA(#6479);
#6479 = FILL_AREA_STYLE('',(#6480));
#6480 = FILL_AREA_STYLE_COLOUR('',#6254);
#6481 = CURVE_STYLE('',#6482,POSITIVE_LENGTH_MEASURE(0.1),#6254);
#6482 = DRAUGHTING_PRE_DEFINED_CURVE_FONT('continuous');
#6483 = STYLED_ITEM('color',(#6484),#1856);
#6484 = PRESENTATION_STYLE_ASSIGNMENT((#6485,#6490));
#6485 = SURFACE_STYLE_USAGE(.BOTH.,#6486);
#6486 = SURFACE_SIDE_STYLE('',(#6487));
#6487 = SURFACE_STYLE_FILL_AREA(#6488);
#6488 = FILL_AREA_STYLE('',(#6489));
#6489 = FILL_AREA_STYLE_COLOUR('',#6254);
#6490 = CURVE_STYLE('',#6491,POSITIVE_LENGTH_MEASURE(0.1),#6254);
#6491 = DRAUGHTING_PRE_DEFINED_CURVE_FONT('continuous');
#6492 = STYLED_ITEM('color',(#6493),#1879);
#6493 = PRESENTATION_STYLE_ASSIGNMENT((#6494,#6499));
#6494 = SURFACE_STYLE_USAGE(.BOTH.,#6495);
#6495 = SURFACE_SIDE_STYLE('',(#6496));
#6496 = SURFACE_STYLE_FILL_AREA(#6497);
#6497 = FILL_AREA_STYLE('',(#6498));
#6498 = FILL_AREA_STYLE_COLOUR('',#6254);
#6499 = CURVE_STYLE('',#6500,POSITIVE_LENGTH_MEASURE(0.1),#6254);
#6500 = DRAUGHTING_PRE_DEFINED_CURVE_FONT('continuous');
#6501 = STYLED_ITEM('color',(#6502),#1902);
#6502 = PRESENTATION_STYLE_ASSIGNMENT((#6503,#6508));
#6503 = SURFACE_STYLE_USAGE(.BOTH.,#6504);
#6504 = SURFACE_SIDE_STYLE('',(#6505));
#6505 = SURFACE_STYLE_FILL_AREA(#6506);
#6506 = FILL_AREA_STYLE('',(#6507));
#6507 = FILL_AREA_STYLE_COLOUR('',#6254);
#6508 = CURVE_STYLE('',#6509,POSITIVE_LENGTH_MEASURE(0.1),#6254);
#6509 = DRAUGHTING_PRE_DEFINED_CURVE_FONT('continuous');
#6510 = STYLED_ITEM('color',(#6511),#1925);
#6511 = PRESENTATION_STYLE_ASSIGNMENT((#6512,#6517));
#6512 = SURFACE_STYLE_USAGE(.BOTH.,#6513);
#6513 = SURFACE_SIDE_STYLE('',(#6514));
#6514 = SURFACE_STYLE_FILL_AREA(#6515);
#6515 = FILL_AREA_STYLE('',(#6516));
#6516 = FILL_AREA_STYLE_COLOUR('',#6254);
#6517 = CURVE_STYLE('',#6518,POSITIVE_LENGTH_MEASURE(0.1),#6254);
#6518 = DRAUGHTING_PRE_DEFINED_CURVE_FONT('continuous');
#6519 = STYLED_ITEM('color',(#6520),#1964);
#6520 = PRESENTATION_STYLE_ASSIGNMENT((#6521,#6526));
#6521 = SURFACE_STYLE_USAGE(.BOTH.,#6522);
#6522 = SURFACE_SIDE_STYLE('',(#6523));
#6523 = SURFACE_STYLE_FILL_AREA(#6524);
#6524 = FILL_AREA_STYLE('',(#6525));
#6525 = FILL_AREA_STYLE_COLOUR('',#6381);
#6526 = CURVE_STYLE('',#6527,POSITIVE_LENGTH_MEASURE(0.1),#6381);
#6527 = DRAUGHTING_PRE_DEFINED_CURVE_FONT('continuous');
#6528 = STYLED_ITEM('color',(#6529),#1986);
#6529 = PRESENTATION_STYLE_ASSIGNMENT((#6530,#6535));
#6530 = SURFACE_STYLE_USAGE(.BOTH.,#6531);
#6531 = SURFACE_SIDE_STYLE('',(#6532));
#6532 = SURFACE_STYLE_FILL_AREA(#6533);
#6533 = FILL_AREA_STYLE('',(#6534));
#6534 = FILL_AREA_STYLE_COLOUR('',#6254);
#6535 = CURVE_STYLE('',#6536,POSITIVE_LENGTH_MEASURE(0.1),#6254);
#6536 = DRAUGHTING_PRE_DEFINED_CURVE_FONT('continuous');
#6537 = STYLED_ITEM('color',(#6538),#2030);
#6538 = PRESENTATION_STYLE_ASSIGNMENT((#6539,#6544));
#6539 = SURFACE_STYLE_USAGE(.BOTH.,#6540);
#6540 = SURFACE_SIDE_STYLE('',(#6541));
#6541 = SURFACE_STYLE_FILL_AREA(#6542);
#6542 = FILL_AREA_STYLE('',(#6543));
#6543 = FILL_AREA_STYLE_COLOUR('',#6381);
#6544 = CURVE_STYLE('',#6545,POSITIVE_LENGTH_MEASURE(0.1),#6381);
#6545 = DRAUGHTING_PRE_DEFINED_CURVE_FONT('continuous');
#6546 = STYLED_ITEM('color',(#6547),#2105);
#6547 = PRESENTATION_STYLE_ASSIGNMENT((#6548,#6553));
#6548 = SURFACE_STYLE_USAGE(.BOTH.,#6549);
#6549 = SURFACE_SIDE_STYLE('',(#6550));
#6550 = SURFACE_STYLE_FILL_AREA(#6551);
#6551 = FILL_AREA_STYLE('',(#6552));
#6552 = FILL_AREA_STYLE_COLOUR('',#6381);
#6553 = CURVE_STYLE('',#6554,POSITIVE_LENGTH_MEASURE(0.1),#6381);
#6554 = DRAUGHTING_PRE_DEFINED_CURVE_FONT('continuous');
#6555 = STYLED_ITEM('color',(#6556),#2129);
#6556 = PRESENTATION_STYLE_ASSIGNMENT((#6557,#6562));
#6557 = SURFACE_STYLE_USAGE(.BOTH.,#6558);
#6558 = SURFACE_SIDE_STYLE('',(#6559));
#6559 = SURFACE_STYLE_FILL_AREA(#6560);
#6560 = FILL_AREA_STYLE('',(#6561));
#6561 = FILL_AREA_STYLE_COLOUR('',#6381);
#6562 = CURVE_STYLE('',#6563,POSITIVE_LENGTH_MEASURE(0.1),#6381);
#6563 = DRAUGHTING_PRE_DEFINED_CURVE_FONT('continuous');
#6564 = STYLED_ITEM('color',(#6565),#2197);
#6565 = PRESENTATION_STYLE_ASSIGNMENT((#6566,#6571));
#6566 = SURFACE_STYLE_USAGE(.BOTH.,#6567);
#6567 = SURFACE_SIDE_STYLE('',(#6568));
#6568 = SURFACE_STYLE_FILL_AREA(#6569);
#6569 = FILL_AREA_STYLE('',(#6570));
#6570 = FILL_AREA_STYLE_COLOUR('',#6254);
#6571 = CURVE_STYLE('',#6572,POSITIVE_LENGTH_MEASURE(0.1),#6254);
#6572 = DRAUGHTING_PRE_DEFINED_CURVE_FONT('continuous');
#6573 = STYLED_ITEM('color',(#6574),#2214);
#6574 = PRESENTATION_STYLE_ASSIGNMENT((#6575,#6580));
#6575 = SURFACE_STYLE_USAGE(.BOTH.,#6576);
#6576 = SURFACE_SIDE_STYLE('',(#6577));
#6577 = SURFACE_STYLE_FILL_AREA(#6578);
#6578 = FILL_AREA_STYLE('',(#6579));
#6579 = FILL_AREA_STYLE_COLOUR('',#6381);
#6580 = CURVE_STYLE('',#6581,POSITIVE_LENGTH_MEASURE(0.1),#6381);
#6581 = DRAUGHTING_PRE_DEFINED_CURVE_FONT('continuous');
#6582 = STYLED_ITEM('color',(#6583),#2289);
#6583 = PRESENTATION_STYLE_ASSIGNMENT((#6584,#6589));
#6584 = SURFACE_STYLE_USAGE(.BOTH.,#6585);
#6585 = SURFACE_SIDE_STYLE('',(#6586));
#6586 = SURFACE_STYLE_FILL_AREA(#6587);
#6587 = FILL_AREA_STYLE('',(#6588));
#6588 = FILL_AREA_STYLE_COLOUR('',#6381);
#6589 = CURVE_STYLE('',#6590,POSITIVE_LENGTH_MEASURE(0.1),#6381);
#6590 = DRAUGHTING_PRE_DEFINED_CURVE_FONT('continuous');
#6591 = STYLED_ITEM('color',(#6592),#2313);
#6592 = PRESENTATION_STYLE_ASSIGNMENT((#6593,#6598));
#6593 = SURFACE_STYLE_USAGE(.BOTH.,#6594);
#6594 = SURFACE_SIDE_STYLE('',(#6595));
#6595 = SURFACE_STYLE_FILL_AREA(#6596);
#6596 = FILL_AREA_STYLE('',(#6597));
#6597 = FILL_AREA_STYLE_COLOUR('',#6381);
#6598 = CURVE_STYLE('',#6599,POSITIVE_LENGTH_MEASURE(0.1),#6381);
#6599 = DRAUGHTING_PRE_DEFINED_CURVE_FONT('continuous');
#6600 = STYLED_ITEM('color',(#6601),#2381);
#6601 = PRESENTATION_STYLE_ASSIGNMENT((#6602,#6607));
#6602 = SURFACE_STYLE_USAGE(.BOTH.,#6603);
#6603 = SURFACE_SIDE_STYLE('',(#6604));
#6604 = SURFACE_STYLE_FILL_AREA(#6605);
#6605 = FILL_AREA_STYLE('',(#6606));
#6606 = FILL_AREA_STYLE_COLOUR('',#6381);
#6607 = CURVE_STYLE('',#6608,POSITIVE_LENGTH_MEASURE(0.1),#6381);
#6608 = DRAUGHTING_PRE_DEFINED_CURVE_FONT('continuous');
#6609 = STYLED_ITEM('color',(#6610),#2456);
#6610 = PRESENTATION_STYLE_ASSIGNMENT((#6611,#6616));
#6611 = SURFACE_STYLE_USAGE(.BOTH.,#6612);
#6612 = SURFACE_SIDE_STYLE('',(#6613));
#6613 = SURFACE_STYLE_FILL_AREA(#6614);
#6614 = FILL_AREA_STYLE('',(#6615));
#6615 = FILL_AREA_STYLE_COLOUR('',#6381);
#6616 = CURVE_STYLE('',#6617,POSITIVE_LENGTH_MEASURE(0.1),#6381);
#6617 = DRAUGHTING_PRE_DEFINED_CURVE_FONT('continuous');
#6618 = STYLED_ITEM('color',(#6619),#2480);
#6619 = PRESENTATION_STYLE_ASSIGNMENT((#6620,#6625));
#6620 = SURFACE_STYLE_USAGE(.BOTH.,#6621);
#6621 = SURFACE_SIDE_STYLE('',(#6622));
#6622 = SURFACE_STYLE_FILL_AREA(#6623);
#6623 = FILL_AREA_STYLE('',(#6624));
#6624 = FILL_AREA_STYLE_COLOUR('',#6381);
#6625 = CURVE_STYLE('',#6626,POSITIVE_LENGTH_MEASURE(0.1),#6381);
#6626 = DRAUGHTING_PRE_DEFINED_CURVE_FONT('continuous');
#6627 = STYLED_ITEM('color',(#6628),#2548);
#6628 = PRESENTATION_STYLE_ASSIGNMENT((#6629,#6634));
#6629 = SURFACE_STYLE_USAGE(.BOTH.,#6630);
#6630 = SURFACE_SIDE_STYLE('',(#6631));
#6631 = SURFACE_STYLE_FILL_AREA(#6632);
#6632 = FILL_AREA_STYLE('',(#6633));
#6633 = FILL_AREA_STYLE_COLOUR('',#6381);
#6634 = CURVE_STYLE('',#6635,POSITIVE_LENGTH_MEASURE(0.1),#6381);
#6635 = DRAUGHTING_PRE_DEFINED_CURVE_FONT('continuous');
#6636 = STYLED_ITEM('color',(#6637),#2565);
#6637 = PRESENTATION_STYLE_ASSIGNMENT((#6638,#6643));
#6638 = SURFACE_STYLE_USAGE(.BOTH.,#6639);
#6639 = SURFACE_SIDE_STYLE('',(#6640));
#6640 = SURFACE_STYLE_FILL_AREA(#6641);
#6641 = FILL_AREA_STYLE('',(#6642));
#6642 = FILL_AREA_STYLE_COLOUR('',#6381);
#6643 = CURVE_STYLE('',#6644,POSITIVE_LENGTH_MEASURE(0.1),#6381);
#6644 = DRAUGHTING_PRE_DEFINED_CURVE_FONT('continuous');
#6645 = STYLED_ITEM('color',(#6646),#2582);
#6646 = PRESENTATION_STYLE_ASSIGNMENT((#6647,#6652));
#6647 = SURFACE_STYLE_USAGE(.BOTH.,#6648);
#6648 = SURFACE_SIDE_STYLE('',(#6649));
#6649 = SURFACE_STYLE_FILL_AREA(#6650);
#6650 = FILL_AREA_STYLE('',(#6651));
#6651 = FILL_AREA_STYLE_COLOUR('',#6254);
#6652 = CURVE_STYLE('',#6653,POSITIVE_LENGTH_MEASURE(0.1),#6254);
#6653 = DRAUGHTING_PRE_DEFINED_CURVE_FONT('continuous');
#6654 = STYLED_ITEM('color',(#6655),#2628);
#6655 = PRESENTATION_STYLE_ASSIGNMENT((#6656,#6661));
#6656 = SURFACE_STYLE_USAGE(.BOTH.,#6657);
#6657 = SURFACE_SIDE_STYLE('',(#6658));
#6658 = SURFACE_STYLE_FILL_AREA(#6659);
#6659 = FILL_AREA_STYLE('',(#6660));
#6660 = FILL_AREA_STYLE_COLOUR('',#6254);
#6661 = CURVE_STYLE('',#6662,POSITIVE_LENGTH_MEASURE(0.1),#6254);
#6662 = DRAUGHTING_PRE_DEFINED_CURVE_FONT('continuous');
#6663 = STYLED_ITEM('color',(#6664),#2644);
#6664 = PRESENTATION_STYLE_ASSIGNMENT((#6665,#6670));
#6665 = SURFACE_STYLE_USAGE(.BOTH.,#6666);
#6666 = SURFACE_SIDE_STYLE('',(#6667));
#6667 = SURFACE_STYLE_FILL_AREA(#6668);
#6668 = FILL_AREA_STYLE('',(#6669));
#6669 = FILL_AREA_STYLE_COLOUR('',#6254);
#6670 = CURVE_STYLE('',#6671,POSITIVE_LENGTH_MEASURE(0.1),#6254);
#6671 = DRAUGHTING_PRE_DEFINED_CURVE_FONT('continuous');
#6672 = STYLED_ITEM('color',(#6673),#2660);
#6673 = PRESENTATION_STYLE_ASSIGNMENT((#6674,#6679));
#6674 = SURFACE_STYLE_USAGE(.BOTH.,#6675);
#6675 = SURFACE_SIDE_STYLE('',(#6676));
#6676 = SURFACE_STYLE_FILL_AREA(#6677);
#6677 = FILL_AREA_STYLE('',(#6678));
#6678 = FILL_AREA_STYLE_COLOUR('',#6381);
#6679 = CURVE_STYLE('',#6680,POSITIVE_LENGTH_MEASURE(0.1),#6381);
#6680 = DRAUGHTING_PRE_DEFINED_CURVE_FONT('continuous');
#6681 = STYLED_ITEM('color',(#6682),#2677);
#6682 = PRESENTATION_STYLE_ASSIGNMENT((#6683,#6688));
#6683 = SURFACE_STYLE_USAGE(.BOTH.,#6684);
#6684 = SURFACE_SIDE_STYLE('',(#6685));
#6685 = SURFACE_STYLE_FILL_AREA(#6686);
#6686 = FILL_AREA_STYLE('',(#6687));
#6687 = FILL_AREA_STYLE_COLOUR('',#6254);
#6688 = CURVE_STYLE('',#6689,POSITIVE_LENGTH_MEASURE(0.1),#6254);
#6689 = DRAUGHTING_PRE_DEFINED_CURVE_FONT('continuous');
#6690 = STYLED_ITEM('color',(#6691),#2689);
#6691 = PRESENTATION_STYLE_ASSIGNMENT((#6692,#6697));
#6692 = SURFACE_STYLE_USAGE(.BOTH.,#6693);
#6693 = SURFACE_SIDE_STYLE('',(#6694));
#6694 = SURFACE_STYLE_FILL_AREA(#6695);
#6695 = FILL_AREA_STYLE('',(#6696));
#6696 = FILL_AREA_STYLE_COLOUR('',#6381);
#6697 = CURVE_STYLE('',#6698,POSITIVE_LENGTH_MEASURE(0.1),#6381);
#6698 = DRAUGHTING_PRE_DEFINED_CURVE_FONT('continuous');
#6699 = STYLED_ITEM('color',(#6700),#2706);
#6700 = PRESENTATION_STYLE_ASSIGNMENT((#6701,#6706));
#6701 = SURFACE_STYLE_USAGE(.BOTH.,#6702);
#6702 = SURFACE_SIDE_STYLE('',(#6703));
#6703 = SURFACE_STYLE_FILL_AREA(#6704);
#6704 = FILL_AREA_STYLE('',(#6705));
#6705 = FILL_AREA_STYLE_COLOUR('',#6381);
#6706 = CURVE_STYLE('',#6707,POSITIVE_LENGTH_MEASURE(0.1),#6381);
#6707 = DRAUGHTING_PRE_DEFINED_CURVE_FONT('continuous');
#6708 = STYLED_ITEM('color',(#6709),#2723);
#6709 = PRESENTATION_STYLE_ASSIGNMENT((#6710,#6715));
#6710 = SURFACE_STYLE_USAGE(.BOTH.,#6711);
#6711 = SURFACE_SIDE_STYLE('',(#6712));
#6712 = SURFACE_STYLE_FILL_AREA(#6713);
#6713 = FILL_AREA_STYLE('',(#6714));
#6714 = FILL_AREA_STYLE_COLOUR('',#6381);
#6715 = CURVE_STYLE('',#6716,POSITIVE_LENGTH_MEASURE(0.1),#6381);
#6716 = DRAUGHTING_PRE_DEFINED_CURVE_FONT('continuous');
#6717 = STYLED_ITEM('color',(#6718),#2740);
#6718 = PRESENTATION_STYLE_ASSIGNMENT((#6719,#6724));
#6719 = SURFACE_STYLE_USAGE(.BOTH.,#6720);
#6720 = SURFACE_SIDE_STYLE('',(#6721));
#6721 = SURFACE_STYLE_FILL_AREA(#6722);
#6722 = FILL_AREA_STYLE('',(#6723));
#6723 = FILL_AREA_STYLE_COLOUR('',#6381);
#6724 = CURVE_STYLE('',#6725,POSITIVE_LENGTH_MEASURE(0.1),#6381);
#6725 = DRAUGHTING_PRE_DEFINED_CURVE_FONT('continuous');
#6726 = STYLED_ITEM('color',(#6727),#2757);
#6727 = PRESENTATION_STYLE_ASSIGNMENT((#6728,#6733));
#6728 = SURFACE_STYLE_USAGE(.BOTH.,#6729);
#6729 = SURFACE_SIDE_STYLE('',(#6730));
#6730 = SURFACE_STYLE_FILL_AREA(#6731);
#6731 = FILL_AREA_STYLE('',(#6732));
#6732 = FILL_AREA_STYLE_COLOUR('',#6381);
#6733 = CURVE_STYLE('',#6734,POSITIVE_LENGTH_MEASURE(0.1),#6381);
#6734 = DRAUGHTING_PRE_DEFINED_CURVE_FONT('continuous');
#6735 = STYLED_ITEM('color',(#6736),#2774);
#6736 = PRESENTATION_STYLE_ASSIGNMENT((#6737,#6742));
#6737 = SURFACE_STYLE_USAGE(.BOTH.,#6738);
#6738 = SURFACE_SIDE_STYLE('',(#6739));
#6739 = SURFACE_STYLE_FILL_AREA(#6740);
#6740 = FILL_AREA_STYLE('',(#6741));
#6741 = FILL_AREA_STYLE_COLOUR('',#6381);
#6742 = CURVE_STYLE('',#6743,POSITIVE_LENGTH_MEASURE(0.1),#6381);
#6743 = DRAUGHTING_PRE_DEFINED_CURVE_FONT('continuous');
#6744 = STYLED_ITEM('color',(#6745),#2791);
#6745 = PRESENTATION_STYLE_ASSIGNMENT((#6746,#6751));
#6746 = SURFACE_STYLE_USAGE(.BOTH.,#6747);
#6747 = SURFACE_SIDE_STYLE('',(#6748));
#6748 = SURFACE_STYLE_FILL_AREA(#6749);
#6749 = FILL_AREA_STYLE('',(#6750));
#6750 = FILL_AREA_STYLE_COLOUR('',#6381);
#6751 = CURVE_STYLE('',#6752,POSITIVE_LENGTH_MEASURE(0.1),#6381);
#6752 = DRAUGHTING_PRE_DEFINED_CURVE_FONT('continuous');
#6753 = STYLED_ITEM('color',(#6754),#2803);
#6754 = PRESENTATION_STYLE_ASSIGNMENT((#6755,#6760));
#6755 = SURFACE_STYLE_USAGE(.BOTH.,#6756);
#6756 = SURFACE_SIDE_STYLE('',(#6757));
#6757 = SURFACE_STYLE_FILL_AREA(#6758);
#6758 = FILL_AREA_STYLE('',(#6759));
#6759 = FILL_AREA_STYLE_COLOUR('',#6381);
#6760 = CURVE_STYLE('',#6761,POSITIVE_LENGTH_MEASURE(0.1),#6381);
#6761 = DRAUGHTING_PRE_DEFINED_CURVE_FONT('continuous');
#6762 = STYLED_ITEM('color',(#6763),#2820);
#6763 = PRESENTATION_STYLE_ASSIGNMENT((#6764,#6769));
#6764 = SURFACE_STYLE_USAGE(.BOTH.,#6765);
#6765 = SURFACE_SIDE_STYLE('',(#6766));
#6766 = SURFACE_STYLE_FILL_AREA(#6767);
#6767 = FILL_AREA_STYLE('',(#6768));
#6768 = FILL_AREA_STYLE_COLOUR('',#6381);
#6769 = CURVE_STYLE('',#6770,POSITIVE_LENGTH_MEASURE(0.1),#6381);
#6770 = DRAUGHTING_PRE_DEFINED_CURVE_FONT('continuous');
#6771 = STYLED_ITEM('color',(#6772),#2837);
#6772 = PRESENTATION_STYLE_ASSIGNMENT((#6773,#6778));
#6773 = SURFACE_STYLE_USAGE(.BOTH.,#6774);
#6774 = SURFACE_SIDE_STYLE('',(#6775));
#6775 = SURFACE_STYLE_FILL_AREA(#6776);
#6776 = FILL_AREA_STYLE('',(#6777));
#6777 = FILL_AREA_STYLE_COLOUR('',#6381);
#6778 = CURVE_STYLE('',#6779,POSITIVE_LENGTH_MEASURE(0.1),#6381);
#6779 = DRAUGHTING_PRE_DEFINED_CURVE_FONT('continuous');
#6780 = STYLED_ITEM('color',(#6781),#2854);
#6781 = PRESENTATION_STYLE_ASSIGNMENT((#6782,#6787));
#6782 = SURFACE_STYLE_USAGE(.BOTH.,#6783);
#6783 = SURFACE_SIDE_STYLE('',(#6784));
#6784 = SURFACE_STYLE_FILL_AREA(#6785);
#6785 = FILL_AREA_STYLE('',(#6786));
#6786 = FILL_AREA_STYLE_COLOUR('',#6381);
#6787 = CURVE_STYLE('',#6788,POSITIVE_LENGTH_MEASURE(0.1),#6381);
#6788 = DRAUGHTING_PRE_DEFINED_CURVE_FONT('continuous');
#6789 = STYLED_ITEM('color',(#6790),#2871);
#6790 = PRESENTATION_STYLE_ASSIGNMENT((#6791,#6796));
#6791 = SURFACE_STYLE_USAGE(.BOTH.,#6792);
#6792 = SURFACE_SIDE_STYLE('',(#6793));
#6793 = SURFACE_STYLE_FILL_AREA(#6794);
#6794 = FILL_AREA_STYLE('',(#6795));
#6795 = FILL_AREA_STYLE_COLOUR('',#6381);
#6796 = CURVE_STYLE('',#6797,POSITIVE_LENGTH_MEASURE(0.1),#6381);
#6797 = DRAUGHTING_PRE_DEFINED_CURVE_FONT('continuous');
#6798 = STYLED_ITEM('color',(#6799),#2888);
#6799 = PRESENTATION_STYLE_ASSIGNMENT((#6800,#6805));
#6800 = SURFACE_STYLE_USAGE(.BOTH.,#6801);
#6801 = SURFACE_SIDE_STYLE('',(#6802));
#6802 = SURFACE_STYLE_FILL_AREA(#6803);
#6803 = FILL_AREA_STYLE('',(#6804));
#6804 = FILL_AREA_STYLE_COLOUR('',#6381);
#6805 = CURVE_STYLE('',#6806,POSITIVE_LENGTH_MEASURE(0.1),#6381);
#6806 = DRAUGHTING_PRE_DEFINED_CURVE_FONT('continuous');
#6807 = STYLED_ITEM('color',(#6808),#2900);
#6808 = PRESENTATION_STYLE_ASSIGNMENT((#6809,#6814));
#6809 = SURFACE_STYLE_USAGE(.BOTH.,#6810);
#6810 = SURFACE_SIDE_STYLE('',(#6811));
#6811 = SURFACE_STYLE_FILL_AREA(#6812);
#6812 = FILL_AREA_STYLE('',(#6813));
#6813 = FILL_AREA_STYLE_COLOUR('',#6381);
#6814 = CURVE_STYLE('',#6815,POSITIVE_LENGTH_MEASURE(0.1),#6381);
#6815 = DRAUGHTING_PRE_DEFINED_CURVE_FONT('continuous');
#6816 = STYLED_ITEM('color',(#6817),#2917);
#6817 = PRESENTATION_STYLE_ASSIGNMENT((#6818,#6823));
#6818 = SURFACE_STYLE_USAGE(.BOTH.,#6819);
#6819 = SURFACE_SIDE_STYLE('',(#6820));
#6820 = SURFACE_STYLE_FILL_AREA(#6821);
#6821 = FILL_AREA_STYLE('',(#6822));
#6822 = FILL_AREA_STYLE_COLOUR('',#6381);
#6823 = CURVE_STYLE('',#6824,POSITIVE_LENGTH_MEASURE(0.1),#6381);
#6824 = DRAUGHTING_PRE_DEFINED_CURVE_FONT('continuous');
#6825 = STYLED_ITEM('color',(#6826),#2934);
#6826 = PRESENTATION_STYLE_ASSIGNMENT((#6827,#6832));
#6827 = SURFACE_STYLE_USAGE(.BOTH.,#6828);
#6828 = SURFACE_SIDE_STYLE('',(#6829));
#6829 = SURFACE_STYLE_FILL_AREA(#6830);
#6830 = FILL_AREA_STYLE('',(#6831));
#6831 = FILL_AREA_STYLE_COLOUR('',#6381);
#6832 = CURVE_STYLE('',#6833,POSITIVE_LENGTH_MEASURE(0.1),#6381);
#6833 = DRAUGHTING_PRE_DEFINED_CURVE_FONT('continuous');
#6834 = STYLED_ITEM('color',(#6835),#2951);
#6835 = PRESENTATION_STYLE_ASSIGNMENT((#6836,#6841));
#6836 = SURFACE_STYLE_USAGE(.BOTH.,#6837);
#6837 = SURFACE_SIDE_STYLE('',(#6838));
#6838 = SURFACE_STYLE_FILL_AREA(#6839);
#6839 = FILL_AREA_STYLE('',(#6840));
#6840 = FILL_AREA_STYLE_COLOUR('',#6381);
#6841 = CURVE_STYLE('',#6842,POSITIVE_LENGTH_MEASURE(0.1),#6381);
#6842 = DRAUGHTING_PRE_DEFINED_CURVE_FONT('continuous');
#6843 = STYLED_ITEM('color',(#6844),#2968);
#6844 = PRESENTATION_STYLE_ASSIGNMENT((#6845,#6850));
#6845 = SURFACE_STYLE_USAGE(.BOTH.,#6846);
#6846 = SURFACE_SIDE_STYLE('',(#6847));
#6847 = SURFACE_STYLE_FILL_AREA(#6848);
#6848 = FILL_AREA_STYLE('',(#6849));
#6849 = FILL_AREA_STYLE_COLOUR('',#6381);
#6850 = CURVE_STYLE('',#6851,POSITIVE_LENGTH_MEASURE(0.1),#6381);
#6851 = DRAUGHTING_PRE_DEFINED_CURVE_FONT('continuous');
#6852 = STYLED_ITEM('color',(#6853),#2985);
#6853 = PRESENTATION_STYLE_ASSIGNMENT((#6854,#6859));
#6854 = SURFACE_STYLE_USAGE(.BOTH.,#6855);
#6855 = SURFACE_SIDE_STYLE('',(#6856));
#6856 = SURFACE_STYLE_FILL_AREA(#6857);
#6857 = FILL_AREA_STYLE('',(#6858));
#6858 = FILL_AREA_STYLE_COLOUR('',#6381);
#6859 = CURVE_STYLE('',#6860,POSITIVE_LENGTH_MEASURE(0.1),#6381);
#6860 = DRAUGHTING_PRE_DEFINED_CURVE_FONT('continuous');
#6861 = STYLED_ITEM('color',(#6862),#2997);
#6862 = PRESENTATION_STYLE_ASSIGNMENT((#6863,#6869));
#6863 = SURFACE_STYLE_USAGE(.BOTH.,#6864);
#6864 = SURFACE_SIDE_STYLE('',(#6865));
#6865 = SURFACE_STYLE_FILL_AREA(#6866);
#6866 = FILL_AREA_STYLE('',(#6867));
#6867 = FILL_AREA_STYLE_COLOUR('',#6868);
#6868 = COLOUR_RGB('',0.690999998585,0.664000007176,0.597999987832);
#6869 = CURVE_STYLE('',#6870,POSITIVE_LENGTH_MEASURE(0.1),#6868);
#6870 = DRAUGHTING_PRE_DEFINED_CURVE_FONT('continuous');
#6871 = MECHANICAL_DESIGN_GEOMETRIC_PRESENTATION_REPRESENTATION('',(
    #6872,#6879,#6886,#6893,#6900,#6907,#6914,#6921,#6929,#6936,#6943,
    #6950,#6957,#6964,#6972,#6979,#6986,#6993,#7000,#7007,#7014,#7021,
    #7028,#7035,#7042,#7049),#3858);
#6872 = STYLED_ITEM('color',(#6873),#3070);
#6873 = PRESENTATION_STYLE_ASSIGNMENT((#6874));
#6874 = SURFACE_STYLE_USAGE(.BOTH.,#6875);
#6875 = SURFACE_SIDE_STYLE('',(#6876));
#6876 = SURFACE_STYLE_FILL_AREA(#6877);
#6877 = FILL_AREA_STYLE('',(#6878));
#6878 = FILL_AREA_STYLE_COLOUR('',#6381);
#6879 = STYLED_ITEM('color',(#6880),#3110);
#6880 = PRESENTATION_STYLE_ASSIGNMENT((#6881));
#6881 = SURFACE_STYLE_USAGE(.BOTH.,#6882);
#6882 = SURFACE_SIDE_STYLE('',(#6883));
#6883 = SURFACE_STYLE_FILL_AREA(#6884);
#6884 = FILL_AREA_STYLE('',(#6885));
#6885 = FILL_AREA_STYLE_COLOUR('',#6381);
#6886 = STYLED_ITEM('color',(#6887),#3193);
#6887 = PRESENTATION_STYLE_ASSIGNMENT((#6888));
#6888 = SURFACE_STYLE_USAGE(.BOTH.,#6889);
#6889 = SURFACE_SIDE_STYLE('',(#6890));
#6890 = SURFACE_STYLE_FILL_AREA(#6891);
#6891 = FILL_AREA_STYLE('',(#6892));
#6892 = FILL_AREA_STYLE_COLOUR('',#6381);
#6893 = STYLED_ITEM('color',(#6894),#3218);
#6894 = PRESENTATION_STYLE_ASSIGNMENT((#6895));
#6895 = SURFACE_STYLE_USAGE(.BOTH.,#6896);
#6896 = SURFACE_SIDE_STYLE('',(#6897));
#6897 = SURFACE_STYLE_FILL_AREA(#6898);
#6898 = FILL_AREA_STYLE('',(#6899));
#6899 = FILL_AREA_STYLE_COLOUR('',#6381);
#6900 = STYLED_ITEM('color',(#6901),#3243);
#6901 = PRESENTATION_STYLE_ASSIGNMENT((#6902));
#6902 = SURFACE_STYLE_USAGE(.BOTH.,#6903);
#6903 = SURFACE_SIDE_STYLE('',(#6904));
#6904 = SURFACE_STYLE_FILL_AREA(#6905);
#6905 = FILL_AREA_STYLE('',(#6906));
#6906 = FILL_AREA_STYLE_COLOUR('',#6381);
#6907 = STYLED_ITEM('color',(#6908),#3310);
#6908 = PRESENTATION_STYLE_ASSIGNMENT((#6909));
#6909 = SURFACE_STYLE_USAGE(.BOTH.,#6910);
#6910 = SURFACE_SIDE_STYLE('',(#6911));
#6911 = SURFACE_STYLE_FILL_AREA(#6912);
#6912 = FILL_AREA_STYLE('',(#6913));
#6913 = FILL_AREA_STYLE_COLOUR('',#6381);
#6914 = STYLED_ITEM('color',(#6915),#3327);
#6915 = PRESENTATION_STYLE_ASSIGNMENT((#6916));
#6916 = SURFACE_STYLE_USAGE(.BOTH.,#6917);
#6917 = SURFACE_SIDE_STYLE('',(#6918));
#6918 = SURFACE_STYLE_FILL_AREA(#6919);
#6919 = FILL_AREA_STYLE('',(#6920));
#6920 = FILL_AREA_STYLE_COLOUR('',#6381);
#6921 = STYLED_ITEM('color',(#6922),#3344);
#6922 = PRESENTATION_STYLE_ASSIGNMENT((#6923));
#6923 = SURFACE_STYLE_USAGE(.BOTH.,#6924);
#6924 = SURFACE_SIDE_STYLE('',(#6925));
#6925 = SURFACE_STYLE_FILL_AREA(#6926);
#6926 = FILL_AREA_STYLE('',(#6927));
#6927 = FILL_AREA_STYLE_COLOUR('',#6928);
#6928 = COLOUR_RGB('',0.894999966383,0.890999961016,0.813000030345);
#6929 = STYLED_ITEM('color',(#6930),#3393);
#6930 = PRESENTATION_STYLE_ASSIGNMENT((#6931));
#6931 = SURFACE_STYLE_USAGE(.BOTH.,#6932);
#6932 = SURFACE_SIDE_STYLE('',(#6933));
#6933 = SURFACE_STYLE_FILL_AREA(#6934);
#6934 = FILL_AREA_STYLE('',(#6935));
#6935 = FILL_AREA_STYLE_COLOUR('',#6381);
#6936 = STYLED_ITEM('color',(#6937),#3410);
#6937 = PRESENTATION_STYLE_ASSIGNMENT((#6938));
#6938 = SURFACE_STYLE_USAGE(.BOTH.,#6939);
#6939 = SURFACE_SIDE_STYLE('',(#6940));
#6940 = SURFACE_STYLE_FILL_AREA(#6941);
#6941 = FILL_AREA_STYLE('',(#6942));
#6942 = FILL_AREA_STYLE_COLOUR('',#6381);
#6943 = STYLED_ITEM('color',(#6944),#3427);
#6944 = PRESENTATION_STYLE_ASSIGNMENT((#6945));
#6945 = SURFACE_STYLE_USAGE(.BOTH.,#6946);
#6946 = SURFACE_SIDE_STYLE('',(#6947));
#6947 = SURFACE_STYLE_FILL_AREA(#6948);
#6948 = FILL_AREA_STYLE('',(#6949));
#6949 = FILL_AREA_STYLE_COLOUR('',#6928);
#6950 = STYLED_ITEM('color',(#6951),#3476);
#6951 = PRESENTATION_STYLE_ASSIGNMENT((#6952));
#6952 = SURFACE_STYLE_USAGE(.BOTH.,#6953);
#6953 = SURFACE_SIDE_STYLE('',(#6954));
#6954 = SURFACE_STYLE_FILL_AREA(#6955);
#6955 = FILL_AREA_STYLE('',(#6956));
#6956 = FILL_AREA_STYLE_COLOUR('',#6928);
#6957 = STYLED_ITEM('color',(#6958),#3493);
#6958 = PRESENTATION_STYLE_ASSIGNMENT((#6959));
#6959 = SURFACE_STYLE_USAGE(.BOTH.,#6960);
#6960 = SURFACE_SIDE_STYLE('',(#6961));
#6961 = SURFACE_STYLE_FILL_AREA(#6962);
#6962 = FILL_AREA_STYLE('',(#6963));
#6963 = FILL_AREA_STYLE_COLOUR('',#6381);
#6964 = STYLED_ITEM('color',(#6965),#3562);
#6965 = PRESENTATION_STYLE_ASSIGNMENT((#6966));
#6966 = SURFACE_STYLE_USAGE(.BOTH.,#6967);
#6967 = SURFACE_SIDE_STYLE('',(#6968));
#6968 = SURFACE_STYLE_FILL_AREA(#6969);
#6969 = FILL_AREA_STYLE('',(#6970));
#6970 = FILL_AREA_STYLE_COLOUR('',#6971);
#6971 = COLOUR_RGB('',8.200000279077E-02,8.600000121357E-02,
  9.399999706163E-02);
#6972 = STYLED_ITEM('color',(#6973),#3593);
#6973 = PRESENTATION_STYLE_ASSIGNMENT((#6974));
#6974 = SURFACE_STYLE_USAGE(.BOTH.,#6975);
#6975 = SURFACE_SIDE_STYLE('',(#6976));
#6976 = SURFACE_STYLE_FILL_AREA(#6977);
#6977 = FILL_AREA_STYLE('',(#6978));
#6978 = FILL_AREA_STYLE_COLOUR('',#6971);
#6979 = STYLED_ITEM('color',(#6980),#3617);
#6980 = PRESENTATION_STYLE_ASSIGNMENT((#6981));
#6981 = SURFACE_STYLE_USAGE(.BOTH.,#6982);
#6982 = SURFACE_SIDE_STYLE('',(#6983));
#6983 = SURFACE_STYLE_FILL_AREA(#6984);
#6984 = FILL_AREA_STYLE('',(#6985));
#6985 = FILL_AREA_STYLE_COLOUR('',#6381);
#6986 = STYLED_ITEM('color',(#6987),#3686);
#6987 = PRESENTATION_STYLE_ASSIGNMENT((#6988));
#6988 = SURFACE_STYLE_USAGE(.BOTH.,#6989);
#6989 = SURFACE_SIDE_STYLE('',(#6990));
#6990 = SURFACE_STYLE_FILL_AREA(#6991);
#6991 = FILL_AREA_STYLE('',(#6992));
#6992 = FILL_AREA_STYLE_COLOUR('',#6971);
#6993 = STYLED_ITEM('color',(#6994),#3710);
#6994 = PRESENTATION_STYLE_ASSIGNMENT((#6995));
#6995 = SURFACE_STYLE_USAGE(.BOTH.,#6996);
#6996 = SURFACE_SIDE_STYLE('',(#6997));
#6997 = SURFACE_STYLE_FILL_AREA(#6998);
#6998 = FILL_AREA_STYLE('',(#6999));
#6999 = FILL_AREA_STYLE_COLOUR('',#6381);
#7000 = STYLED_ITEM('color',(#7001),#3727);
#7001 = PRESENTATION_STYLE_ASSIGNMENT((#7002));
#7002 = SURFACE_STYLE_USAGE(.BOTH.,#7003);
#7003 = SURFACE_SIDE_STYLE('',(#7004));
#7004 = SURFACE_STYLE_FILL_AREA(#7005);
#7005 = FILL_AREA_STYLE('',(#7006));
#7006 = FILL_AREA_STYLE_COLOUR('',#6381);
#7007 = STYLED_ITEM('color',(#7008),#3744);
#7008 = PRESENTATION_STYLE_ASSIGNMENT((#7009));
#7009 = SURFACE_STYLE_USAGE(.BOTH.,#7010);
#7010 = SURFACE_SIDE_STYLE('',(#7011));
#7011 = SURFACE_STYLE_FILL_AREA(#7012);
#7012 = FILL_AREA_STYLE('',(#7013));
#7013 = FILL_AREA_STYLE_COLOUR('',#6381);
#7014 = STYLED_ITEM('color',(#7015),#3761);
#7015 = PRESENTATION_STYLE_ASSIGNMENT((#7016));
#7016 = SURFACE_STYLE_USAGE(.BOTH.,#7017);
#7017 = SURFACE_SIDE_STYLE('',(#7018));
#7018 = SURFACE_STYLE_FILL_AREA(#7019);
#7019 = FILL_AREA_STYLE('',(#7020));
#7020 = FILL_AREA_STYLE_COLOUR('',#6381);
#7021 = STYLED_ITEM('color',(#7022),#3778);
#7022 = PRESENTATION_STYLE_ASSIGNMENT((#7023));
#7023 = SURFACE_STYLE_USAGE(.BOTH.,#7024);
#7024 = SURFACE_SIDE_STYLE('',(#7025));
#7025 = SURFACE_STYLE_FILL_AREA(#7026);
#7026 = FILL_AREA_STYLE('',(#7027));
#7027 = FILL_AREA_STYLE_COLOUR('',#6381);
#7028 = STYLED_ITEM('color',(#7029),#3795);
#7029 = PRESENTATION_STYLE_ASSIGNMENT((#7030));
#7030 = SURFACE_STYLE_USAGE(.BOTH.,#7031);
#7031 = SURFACE_SIDE_STYLE('',(#7032));
#7032 = SURFACE_STYLE_FILL_AREA(#7033);
#7033 = FILL_AREA_STYLE('',(#7034));
#7034 = FILL_AREA_STYLE_COLOUR('',#6381);
#7035 = STYLED_ITEM('color',(#7036),#3812);
#7036 = PRESENTATION_STYLE_ASSIGNMENT((#7037));
#7037 = SURFACE_STYLE_USAGE(.BOTH.,#7038);
#7038 = SURFACE_SIDE_STYLE('',(#7039));
#7039 = SURFACE_STYLE_FILL_AREA(#7040);
#7040 = FILL_AREA_STYLE('',(#7041));
#7041 = FILL_AREA_STYLE_COLOUR('',#6381);
#7042 = STYLED_ITEM('color',(#7043),#3829);
#7043 = PRESENTATION_STYLE_ASSIGNMENT((#7044));
#7044 = SURFACE_STYLE_USAGE(.BOTH.,#7045);
#7045 = SURFACE_SIDE_STYLE('',(#7046));
#7046 = SURFACE_STYLE_FILL_AREA(#7047);
#7047 = FILL_AREA_STYLE('',(#7048));
#7048 = FILL_AREA_STYLE_COLOUR('',#6971);
#7049 = STYLED_ITEM('color',(#7050),#3846);
#7050 = PRESENTATION_STYLE_ASSIGNMENT((#7051));
#7051 = SURFACE_STYLE_USAGE(.BOTH.,#7052);
#7052 = SURFACE_SIDE_STYLE('',(#7053));
#7053 = SURFACE_STYLE_FILL_AREA(#7054);
#7054 = FILL_AREA_STYLE('',(#7055));
#7055 = FILL_AREA_STYLE_COLOUR('',#6971);
#7056 = MECHANICAL_DESIGN_GEOMETRIC_PRESENTATION_REPRESENTATION('',(
    #7057,#7064,#7071,#7078,#7085,#7092,#7099,#7106,#7113,#7120,#7127,
    #7135,#7142,#7149,#7156,#7163,#7170,#7177,#7184,#7191,#7198,#7205,
    #7212,#7219,#7226,#7233,#7240,#7247),#962);
#7057 = STYLED_ITEM('color',(#7058),#110);
#7058 = PRESENTATION_STYLE_ASSIGNMENT((#7059));
#7059 = SURFACE_STYLE_USAGE(.BOTH.,#7060);
#7060 = SURFACE_SIDE_STYLE('',(#7061));
#7061 = SURFACE_STYLE_FILL_AREA(#7062);
#7062 = FILL_AREA_STYLE('',(#7063));
#7063 = FILL_AREA_STYLE_COLOUR('',#6381);
#7064 = STYLED_ITEM('color',(#7065),#186);
#7065 = PRESENTATION_STYLE_ASSIGNMENT((#7066));
#7066 = SURFACE_STYLE_USAGE(.BOTH.,#7067);
#7067 = SURFACE_SIDE_STYLE('',(#7068));
#7068 = SURFACE_STYLE_FILL_AREA(#7069);
#7069 = FILL_AREA_STYLE('',(#7070));
#7070 = FILL_AREA_STYLE_COLOUR('',#6381);
#7071 = STYLED_ITEM('color',(#7072),#217);
#7072 = PRESENTATION_STYLE_ASSIGNMENT((#7073));
#7073 = SURFACE_STYLE_USAGE(.BOTH.,#7074);
#7074 = SURFACE_SIDE_STYLE('',(#7075));
#7075 = SURFACE_STYLE_FILL_AREA(#7076);
#7076 = FILL_AREA_STYLE('',(#7077));
#7077 = FILL_AREA_STYLE_COLOUR('',#6381);
#7078 = STYLED_ITEM('color',(#7079),#242);
#7079 = PRESENTATION_STYLE_ASSIGNMENT((#7080));
#7080 = SURFACE_STYLE_USAGE(.BOTH.,#7081);
#7081 = SURFACE_SIDE_STYLE('',(#7082));
#7082 = SURFACE_STYLE_FILL_AREA(#7083);
#7083 = FILL_AREA_STYLE('',(#7084));
#7084 = FILL_AREA_STYLE_COLOUR('',#6381);
#7085 = STYLED_ITEM('color',(#7086),#267);
#7086 = PRESENTATION_STYLE_ASSIGNMENT((#7087));
#7087 = SURFACE_STYLE_USAGE(.BOTH.,#7088);
#7088 = SURFACE_SIDE_STYLE('',(#7089));
#7089 = SURFACE_STYLE_FILL_AREA(#7090);
#7090 = FILL_AREA_STYLE('',(#7091));
#7091 = FILL_AREA_STYLE_COLOUR('',#6381);
#7092 = STYLED_ITEM('color',(#7093),#291);
#7093 = PRESENTATION_STYLE_ASSIGNMENT((#7094));
#7094 = SURFACE_STYLE_USAGE(.BOTH.,#7095);
#7095 = SURFACE_SIDE_STYLE('',(#7096));
#7096 = SURFACE_STYLE_FILL_AREA(#7097);
#7097 = FILL_AREA_STYLE('',(#7098));
#7098 = FILL_AREA_STYLE_COLOUR('',#6381);
#7099 = STYLED_ITEM('color',(#7100),#315);
#7100 = PRESENTATION_STYLE_ASSIGNMENT((#7101));
#7101 = SURFACE_STYLE_USAGE(.BOTH.,#7102);
#7102 = SURFACE_SIDE_STYLE('',(#7103));
#7103 = SURFACE_STYLE_FILL_AREA(#7104);
#7104 = FILL_AREA_STYLE('',(#7105));
#7105 = FILL_AREA_STYLE_COLOUR('',#6381);
#7106 = STYLED_ITEM('color',(#7107),#340);
#7107 = PRESENTATION_STYLE_ASSIGNMENT((#7108));
#7108 = SURFACE_STYLE_USAGE(.BOTH.,#7109);
#7109 = SURFACE_SIDE_STYLE('',(#7110));
#7110 = SURFACE_STYLE_FILL_AREA(#7111);
#7111 = FILL_AREA_STYLE('',(#7112));
#7112 = FILL_AREA_STYLE_COLOUR('',#6381);
#7113 = STYLED_ITEM('color',(#7114),#365);
#7114 = PRESENTATION_STYLE_ASSIGNMENT((#7115));
#7115 = SURFACE_STYLE_USAGE(.BOTH.,#7116);
#7116 = SURFACE_SIDE_STYLE('',(#7117));
#7117 = SURFACE_STYLE_FILL_AREA(#7118);
#7118 = FILL_AREA_STYLE('',(#7119));
#7119 = FILL_AREA_STYLE_COLOUR('',#6381);
#7120 = STYLED_ITEM('color',(#7121),#382);
#7121 = PRESENTATION_STYLE_ASSIGNMENT((#7122));
#7122 = SURFACE_STYLE_USAGE(.BOTH.,#7123);
#7123 = SURFACE_SIDE_STYLE('',(#7124));
#7124 = SURFACE_STYLE_FILL_AREA(#7125);
#7125 = FILL_AREA_STYLE('',(#7126));
#7126 = FILL_AREA_STYLE_COLOUR('',#6381);
#7127 = STYLED_ITEM('color',(#7128),#468);
#7128 = PRESENTATION_STYLE_ASSIGNMENT((#7129));
#7129 = SURFACE_STYLE_USAGE(.BOTH.,#7130);
#7130 = SURFACE_SIDE_STYLE('',(#7131));
#7131 = SURFACE_STYLE_FILL_AREA(#7132);
#7132 = FILL_AREA_STYLE('',(#7133));
#7133 = FILL_AREA_STYLE_COLOUR('',#7134);
#7134 = COLOUR_RGB('',0.379000005575,0.270000008848,0.214999999939);
#7135 = STYLED_ITEM('color',(#7136),#500);
#7136 = PRESENTATION_STYLE_ASSIGNMENT((#7137));
#7137 = SURFACE_STYLE_USAGE(.BOTH.,#7138);
#7138 = SURFACE_SIDE_STYLE('',(#7139));
#7139 = SURFACE_STYLE_FILL_AREA(#7140);
#7140 = FILL_AREA_STYLE('',(#7141));
#7141 = FILL_AREA_STYLE_COLOUR('',#7134);
#7142 = STYLED_ITEM('color',(#7143),#524);
#7143 = PRESENTATION_STYLE_ASSIGNMENT((#7144));
#7144 = SURFACE_STYLE_USAGE(.BOTH.,#7145);
#7145 = SURFACE_SIDE_STYLE('',(#7146));
#7146 = SURFACE_STYLE_FILL_AREA(#7147);
#7147 = FILL_AREA_STYLE('',(#7148));
#7148 = FILL_AREA_STYLE_COLOUR('',#7134);
#7149 = STYLED_ITEM('color',(#7150),#549);
#7150 = PRESENTATION_STYLE_ASSIGNMENT((#7151));
#7151 = SURFACE_STYLE_USAGE(.BOTH.,#7152);
#7152 = SURFACE_SIDE_STYLE('',(#7153));
#7153 = SURFACE_STYLE_FILL_AREA(#7154);
#7154 = FILL_AREA_STYLE('',(#7155));
#7155 = FILL_AREA_STYLE_COLOUR('',#7134);
#7156 = STYLED_ITEM('color',(#7157),#573);
#7157 = PRESENTATION_STYLE_ASSIGNMENT((#7158));
#7158 = SURFACE_STYLE_USAGE(.BOTH.,#7159);
#7159 = SURFACE_SIDE_STYLE('',(#7160));
#7160 = SURFACE_STYLE_FILL_AREA(#7161);
#7161 = FILL_AREA_STYLE('',(#7162));
#7162 = FILL_AREA_STYLE_COLOUR('',#7134);
#7163 = STYLED_ITEM('color',(#7164),#598);
#7164 = PRESENTATION_STYLE_ASSIGNMENT((#7165));
#7165 = SURFACE_STYLE_USAGE(.BOTH.,#7166);
#7166 = SURFACE_SIDE_STYLE('',(#7167));
#7167 = SURFACE_STYLE_FILL_AREA(#7168);
#7168 = FILL_AREA_STYLE('',(#7169));
#7169 = FILL_AREA_STYLE_COLOUR('',#7134);
#7170 = STYLED_ITEM('color',(#7171),#622);
#7171 = PRESENTATION_STYLE_ASSIGNMENT((#7172));
#7172 = SURFACE_STYLE_USAGE(.BOTH.,#7173);
#7173 = SURFACE_SIDE_STYLE('',(#7174));
#7174 = SURFACE_STYLE_FILL_AREA(#7175);
#7175 = FILL_AREA_STYLE('',(#7176));
#7176 = FILL_AREA_STYLE_COLOUR('',#7134);
#7177 = STYLED_ITEM('color',(#7178),#647);
#7178 = PRESENTATION_STYLE_ASSIGNMENT((#7179));
#7179 = SURFACE_STYLE_USAGE(.BOTH.,#7180);
#7180 = SURFACE_SIDE_STYLE('',(#7181));
#7181 = SURFACE_STYLE_FILL_AREA(#7182);
#7182 = FILL_AREA_STYLE('',(#7183));
#7183 = FILL_AREA_STYLE_COLOUR('',#7134);
#7184 = STYLED_ITEM('color',(#7185),#664);
#7185 = PRESENTATION_STYLE_ASSIGNMENT((#7186));
#7186 = SURFACE_STYLE_USAGE(.BOTH.,#7187);
#7187 = SURFACE_SIDE_STYLE('',(#7188));
#7188 = SURFACE_STYLE_FILL_AREA(#7189);
#7189 = FILL_AREA_STYLE('',(#7190));
#7190 = FILL_AREA_STYLE_COLOUR('',#6381);
#7191 = STYLED_ITEM('color',(#7192),#750);
#7192 = PRESENTATION_STYLE_ASSIGNMENT((#7193));
#7193 = SURFACE_STYLE_USAGE(.BOTH.,#7194);
#7194 = SURFACE_SIDE_STYLE('',(#7195));
#7195 = SURFACE_STYLE_FILL_AREA(#7196);
#7196 = FILL_AREA_STYLE('',(#7197));
#7197 = FILL_AREA_STYLE_COLOUR('',#6381);
#7198 = STYLED_ITEM('color',(#7199),#781);
#7199 = PRESENTATION_STYLE_ASSIGNMENT((#7200));
#7200 = SURFACE_STYLE_USAGE(.BOTH.,#7201);
#7201 = SURFACE_SIDE_STYLE('',(#7202));
#7202 = SURFACE_STYLE_FILL_AREA(#7203);
#7203 = FILL_AREA_STYLE('',(#7204));
#7204 = FILL_AREA_STYLE_COLOUR('',#6381);
#7205 = STYLED_ITEM('color',(#7206),#806);
#7206 = PRESENTATION_STYLE_ASSIGNMENT((#7207));
#7207 = SURFACE_STYLE_USAGE(.BOTH.,#7208);
#7208 = SURFACE_SIDE_STYLE('',(#7209));
#7209 = SURFACE_STYLE_FILL_AREA(#7210);
#7210 = FILL_AREA_STYLE('',(#7211));
#7211 = FILL_AREA_STYLE_COLOUR('',#6381);
#7212 = STYLED_ITEM('color',(#7213),#831);
#7213 = PRESENTATION_STYLE_ASSIGNMENT((#7214));
#7214 = SURFACE_STYLE_USAGE(.BOTH.,#7215);
#7215 = SURFACE_SIDE_STYLE('',(#7216));
#7216 = SURFACE_STYLE_FILL_AREA(#7217);
#7217 = FILL_AREA_STYLE('',(#7218));
#7218 = FILL_AREA_STYLE_COLOUR('',#6381);
#7219 = STYLED_ITEM('color',(#7220),#855);
#7220 = PRESENTATION_STYLE_ASSIGNMENT((#7221));
#7221 = SURFACE_STYLE_USAGE(.BOTH.,#7222);
#7222 = SURFACE_SIDE_STYLE('',(#7223));
#7223 = SURFACE_STYLE_FILL_AREA(#7224);
#7224 = FILL_AREA_STYLE('',(#7225));
#7225 = FILL_AREA_STYLE_COLOUR('',#6381);
#7226 = STYLED_ITEM('color',(#7227),#879);
#7227 = PRESENTATION_STYLE_ASSIGNMENT((#7228));
#7228 = SURFACE_STYLE_USAGE(.BOTH.,#7229);
#7229 = SURFACE_SIDE_STYLE('',(#7230));
#7230 = SURFACE_STYLE_FILL_AREA(#7231);
#7231 = FILL_AREA_STYLE('',(#7232));
#7232 = FILL_AREA_STYLE_COLOUR('',#6381);
#7233 = STYLED_ITEM('color',(#7234),#904);
#7234 = PRESENTATION_STYLE_ASSIGNMENT((#7235));
#7235 = SURFACE_STYLE_USAGE(.BOTH.,#7236);
#7236 = SURFACE_SIDE_STYLE('',(#7237));
#7237 = SURFACE_STYLE_FILL_AREA(#7238);
#7238 = FILL_AREA_STYLE('',(#7239));
#7239 = FILL_AREA_STYLE_COLOUR('',#6381);
#7240 = STYLED_ITEM('color',(#7241),#929);
#7241 = PRESENTATION_STYLE_ASSIGNMENT((#7242));
#7242 = SURFACE_STYLE_USAGE(.BOTH.,#7243);
#7243 = SURFACE_SIDE_STYLE('',(#7244));
#7244 = SURFACE_STYLE_FILL_AREA(#7245);
#7245 = FILL_AREA_STYLE('',(#7246));
#7246 = FILL_AREA_STYLE_COLOUR('',#6381);
#7247 = STYLED_ITEM('color',(#7248),#946);
#7248 = PRESENTATION_STYLE_ASSIGNMENT((#7249));
#7249 = SURFACE_STYLE_USAGE(.BOTH.,#7250);
#7250 = SURFACE_SIDE_STYLE('',(#7251));
#7251 = SURFACE_STYLE_FILL_AREA(#7252);
#7252 = FILL_AREA_STYLE('',(#7253));
#7253 = FILL_AREA_STYLE_COLOUR('',#6381);
#7254 = MECHANICAL_DESIGN_GEOMETRIC_PRESENTATION_REPRESENTATION('',(
    #7255),#6235);
#7255 = STYLED_ITEM('color',(#7256),#3887);
#7256 = PRESENTATION_STYLE_ASSIGNMENT((#7257));
#7257 = SURFACE_STYLE_USAGE(.BOTH.,#7258);
#7258 = SURFACE_SIDE_STYLE('',(#7259));
#7259 = SURFACE_STYLE_FILL_AREA(#7260);
#7260 = FILL_AREA_STYLE('',(#7261));
#7261 = FILL_AREA_STYLE_COLOUR('',#7262);
#7262 = COLOUR_RGB('',0.313304153717,0.484529207832,0.410020903123);
ENDSEC;
END-ISO-10303-21;
